Elevation,LST_Celsius,NDBI,NDVI,Population,Latitude,Longitude,LST_norm,NDBI_norm,Pop_norm,NDVI_inv_norm,HVI,HVI_Category,Cluster,Cluster_Label
73,48.24809276000002,0.14575357591695312,0.14508707951330901,7.306896209716797,25.06094806973762,67.03523055655616,0.784806531771388,0.9176089523793847,0.01160894629783871,0.6259194231445315,0.579650076768829,High,1,Extreme Hotspot
124,49.97419286000002,0.08286566927678231,0.21410841330606387,3.845231771469116,25.100994642606583,67.24878539170675,0.8565140220092295,0.8142766596481058,0.006058131675810916,0.5383246603534333,0.573926572740547,High,1,Extreme Hotspot
26,43.753396459999976,0.029102924402949152,0.13252163735203615,596.2656860351562,24.922332912161558,67.04132910918256,0.5980830670926501,0.7259380904677578,0.9560104388901527,0.6418661872100717,0.7154997875717762,High,2,Warm Zone
47,42.044386460000055,0.007277302312063696,0.18826270449406313,37.428951263427734,24.96767794124879,67.12778724872018,0.5270855520056815,0.6900760035987852,0.05990997218303506,0.5711253700492613,0.44354818839770144,Medium,0,Moderate Zone
5,31.28616851000004,-0.30293909676177366,0.5224092362129452,2.754105567932129,24.801066615149807,67.21788510620095,0.08015619453319274,0.180353650419596,0.004308499557182833,0.14706103261891101,0.0896048567892944,Low,3,Cool Zone
18,51.36361799000002,0.12539129888115785,0.1595562909848625,14.480576515197754,24.90330287552419,66.90399959410158,0.914235001774938,0.884151315072784,0.0231120166397964,0.6075565912927077,0.6256060203893835,High,1,Extreme Hotspot
132,46.20069878000004,0.05334966959791745,0.1908089946163796,1.4386818408966064,25.050404897989573,67.29503715621563,0.6997515086971965,0.7657783698811415,0.0021992040467585946,0.5678938810732392,0.5088959361873874,High,1,Extreme Hotspot
142,51.06454124000004,0.14039338517279992,0.1541338480894849,1.0714260339736938,25.124494115053054,67.2447075841453,0.9018104366347186,0.9088015229599338,0.0016103055733628724,0.614438196921991,0.6203346188756165,High,1,Extreme Hotspot
53,46.06739600000003,0.07870217491242727,0.19917912932084325,2.838880777359009,24.936038012305662,67.2753112351184,0.6942137025204124,0.807435544377658,0.00444443747966685,0.5572713688197308,0.5113661957986766,High,1,Extreme Hotspot
124,46.57668097999999,0.08345382178539518,0.17487078462159994,6.497043609619141,25.0946636844883,67.25514070710575,0.7153709620163283,0.8152430640084601,0.010310339302706372,0.5881210144404299,0.528636632121563,High,1,Extreme Hotspot
197,49.61017373000004,0.1384309349525486,0.12349160663783147,0.4530877470970154,25.182128377129374,67.2384716219754,0.8413915512957056,0.9055769843886333,0.0006187937542992865,0.6533261714633768,0.6032131009078274,High,1,Extreme Hotspot
110,50.18611010000001,0.11519915616053047,0.16030760617188392,3.288951873779297,25.086371003652232,67.22241075996914,0.8653177138800137,0.8674044152086677,0.005166131123729721,0.6066030994957206,0.5988499005133822,High,1,Extreme Hotspot
36,42.72457244000003,0.012398389364388427,0.16339341847219216,281.435546875,24.915344000219143,67.13005424382814,0.5553425630102954,0.6984905572811169,0.451177064344505,0.6026869045801752,0.560242255798447,High,2,Warm Zone
42,41.37445453999999,0.0007590117423580572,0.1770842796283989,234.28941345214844,24.938324558603934,67.10493016383663,0.49925452609158577,0.679365678748727,0.37557775324891196,0.5853118747236865,0.5125634755059086,High,2,Warm Zone
50,48.43437485000004,0.05325302136639597,0.23723372510516227,9.680322647094727,25.102615436125266,67.0268476054583,0.7925452609158689,0.7656195653687147,0.015414760063997324,0.5089763981538865,0.5375100088184314,High,1,Extreme Hotspot
220,47.749061840000024,0.1232716285028437,0.14906337186129928,0.42640939354896545,25.19728633920264,67.32386275880799,0.7640752573659925,0.8806684451264364,0.0005760147392884886,0.6208731227346308,0.5620489979471108,High,1,Extreme Hotspot
72,47.54739866,0.08998412146220322,0.13608276680555736,2.5654489994049072,24.892533928126973,67.32857082863147,0.7556975505857287,0.825973121246458,0.004005986804198437,0.6373467687548124,0.5546458388732723,High,1,Extreme Hotspot
19,46.67409455000001,0.0339431655326456,0.17633618588954159,125.56488037109375,24.89778972504218,67.01181000115355,0.7194178203762864,0.7338911809747375,0.20123684332958888,0.5862612781906996,0.5654122717672623,High,1,Extreme Hotspot
9,32.458549370000014,-0.4127021072399906,0.6382877236575005,13.295700073242188,24.828047281519616,66.93943103370955,0.12886048988285445,0.0,0.0212120550471492,0.0,0.056847209714929084,Low,3,Cool Zone
46,47.43118598000001,0.09988343682981365,0.13530510487571354,8.189995765686035,24.86533779252481,67.40060255578507,0.7508697195598151,0.8422388710234074,0.013025005542004413,0.6383336971222194,0.5576067092873822,High,1,Extreme Hotspot
53,48.77104982000003,0.0803647096642217,0.12561142458575145,3.2428503036499023,24.882564911415532,67.3200418836269,0.8065317713880019,0.8101672862470656,0.005092206780646305,0.6506359170144276,0.5755380365903077,High,1,Extreme Hotspot
316,45.91358509999998,0.16537487684563407,0.11647384803612883,0.11281853169202805,25.165054051213676,67.47350239137305,0.6878239261625827,0.9498490780196277,7.316855867748367e-05,0.6622323873572495,0.5500717017790965,High,1,Extreme Hotspot
73,48.102826909999976,0.09672720636994778,0.1125359212702082,3.473792552947998,25.003571608805785,67.19071967071055,0.7787717429889937,0.8370528098674472,0.005462525058779807,0.6672299981247445,0.5718782495653585,High,1,Extreme Hotspot
106,50.47664180000004,0.11943042778252352,0.14099140431800317,5.267456531524658,25.095710608873684,67.16659311702175,0.8773872914448002,0.8743568965556943,0.008338683743972246,0.6311172319594034,0.6104165683891479,High,1,Extreme Hotspot
40,47.44144004000003,0.018069627542870503,0.2542641043451417,28.43372344970703,24.925541279257743,67.21243580876981,0.7512957046503378,0.7078090745432797,0.04548603162854638,0.48736319615104384,0.5155337901789725,High,0,Moderate Zone
53,48.24467474000005,0.08216460007990947,0.16559811143074615,5.0831298828125,24.936215510378002,67.26411565737344,0.7846645367412154,0.8131247197705289,0.008043114062059703,0.5998889355158332,0.557823088280747,High,1,Extreme Hotspot
48,43.72434328999998,-0.030468134510925896,0.3228999486315498,17.891239166259766,24.873701498508492,67.33453773710166,0.5968761093361717,0.6280557721196258,0.028581049370161964,0.4002576569088312,0.4201556032767193,Medium,0,Moderate Zone
8,44.50194284000003,0.036534239784717815,0.20851506080282825,454.8633117675781,24.847799733147717,67.03956884268041,0.6291799787007459,0.7381486234212727,0.7292702736674253,0.545423166841283,0.6537964867786021,High,2,Warm Zone
94,49.006893200000036,0.10106022706697325,0.1636702981900256,8.76480484008789,25.080167247387873,67.16455787066626,0.8163294284700042,0.8441724770180425,0.01394671782000881,0.602335517380413,0.5771114258717929,High,1,Extreme Hotspot
62,44.26609946000002,0.051908019718161606,0.09145678966290663,447.4503173828125,24.9971425275156,67.05224664426255,0.6193823216187436,0.763409568066139,0.7173834607316236,0.6939814593255383,0.680406520905432,High,2,Warm Zone
61,48.36430544000001,0.09416658694368478,0.15687604538387967,2.091191530227661,24.941611974377853,67.30813325778682,0.7896343627973017,0.83284540831341,0.0032455100620195926,0.610958082755404,0.5637835504325179,High,1,Extreme Hotspot
76,49.01543824999999,0.13004767168825274,0.1123899783233352,3.0257935523986816,25.005613320336277,67.20937291676567,0.8166844160454372,0.8918022881083749,0.004744154041812662,0.6674152138705132,0.595113190918987,High,1,Extreme Hotspot
7,37.32922787000001,-0.05400032169856848,0.1896861621586292,6.8548502922058105,24.801821590894015,67.31844971912203,0.3312034078807242,0.5893895962999415,0.010884086007793342,0.56931886429779,0.33747459695878723,Medium,0,Moderate Zone
32,41.19671749999998,0.04973340880344924,0.15853384942621115,14.58807373046875,24.826937442026445,67.29321106621319,0.49187078452254024,0.7598364242993825,0.023284389532951682,0.6088541687354552,0.4383157085842524,Medium,0,Moderate Zone
53,40.234544870000036,-0.17385540940144806,0.5171583935457624,0.8153871893882751,25.12691353780723,67.00686795475178,0.4518991835285775,0.3924534654996203,0.001199744645900106,0.15372486092547932,0.2706726015829449,Medium,3,Cool Zone
63,45.045408020000025,0.062440325355227866,0.22685434129368973,1.4767131805419922,24.893024321889172,67.43439097586725,0.6517571884984029,0.7807153959648442,0.0022601876920439173,0.5221488422798378,0.4828050001730663,Medium,0,Moderate Zone
87,46.90481090000003,0.1012592974445835,0.15553591718217394,0.6844310164451599,24.9213682364109,67.42758859047244,0.7290024849130285,0.8444995732696485,0.0009897550722182,0.6126588353414166,0.5410551357919966,High,1,Extreme Hotspot
66,47.32864538000001,0.10682863857535337,0.12864313200602304,2.470045566558838,24.94388032725411,67.31914633576326,0.7466098686545969,0.8536506615915718,0.0038530064158677642,0.6467883864360113,0.5570124755917437,High,1,Extreme Hotspot
14,50.98763579000001,0.13312588525459787,0.18522229366990178,7.930607795715332,24.892155722999174,66.85318269324057,0.8986155484558037,0.8968601582509913,0.012609074257451502,0.5749839460908308,0.6121243009024993,High,1,Extreme Hotspot
52,42.40840559000003,-0.06693100585898154,0.3845148268415246,0.8735150098800659,25.102685939802544,66.95698450185249,0.5422080227192054,0.5681429479017895,0.001292953205449503,0.32206240415682363,0.36684037040567774,Medium,0,Moderate Zone
3,41.218934630000035,-0.23188185941394096,0.031510127051528336,5.921792984008789,24.790170437551204,67.16964790165228,0.4927937522186733,0.2971091228558824,0.009387918992786052,0.770059584783509,0.39804276602074995,Medium,0,Moderate Zone
60,51.326019770000016,0.14004044314626946,0.1251427447238157,0.8200291991233826,25.081151933648833,66.8765210600334,0.9126730564430243,0.9082215973311274,0.0012071881563768963,0.6512307171881608,0.6318504026536051,High,1,Extreme Hotspot
31,40.56096578000006,0.025490810107677113,0.09056109382834539,244.90187072753906,24.926658645925524,67.08756121718723,0.4654597089101901,0.7200029580761913,0.39259493792141104,0.6951181841590072,0.531356698587659,High,2,Warm Zone
91,50.203200200000026,0.10028032492358564,0.15613997515740785,3.455493688583374,25.093448991502004,67.12015439181366,0.8660276890308841,0.842891005255222,0.00543318264108057,0.6118922272197661,0.5965814675048603,High,1,Extreme Hotspot
160,49.434145700000045,0.10598255462918954,0.22600051969329285,1.097743272781372,25.148092208639056,67.22562336961995,0.8340788072417475,0.8522604452738228,0.0016525055371638135,0.5232324246513007,0.5665302010023237,High,1,Extreme Hotspot
15,42.98434196000005,0.015217301976468693,0.15367828756645735,328.1332092285156,24.868990252965244,67.02534884431502,0.5661341853035159,0.7031223651878744,0.5260572474559638,0.6150163473829979,0.5864396102401781,High,2,Warm Zone
185,46.05543293000005,0.11091449546169606,0.10270189730817009,0.46541279554367065,25.132792396303696,67.36994581749101,0.6937167199148044,0.8603642092733765,0.0006385570965744628,0.6797103277402687,0.5426430241791257,High,1,Extreme Hotspot
35,43.38083228000005,0.02852189192236063,0.1272169598556608,298.93914794921875,24.90441109955367,67.12142651782894,0.5826056088036933,0.7249833851582921,0.47924426915714063,0.6485983371330719,0.5913204860111207,High,2,Warm Zone
73,48.8701724,0.0730932349731304,0.15976198398534228,46.726436614990234,25.035942065984564,67.15004649355609,0.810649627263045,0.7982193905146295,0.07481858581621176,0.607295546937365,0.5841565153239384,High,1,Extreme Hotspot
81,45.66065162000001,0.10486731403873464,0.13329781395591062,5.091457366943359,24.973395642901867,67.3055296504915,0.6773162939297122,0.8504279726520505,0.008056467268733217,0.6408811438652917,0.5286810590599341,High,1,Extreme Hotspot
16,43.322725940000055,0.06660520165526711,0.1697155017680377,2.9076318740844727,24.81171876149465,67.44002214448118,0.5801916932907365,0.787558781919598,0.0045546805721999135,0.5946635680809421,0.4702818783634727,Medium,1,Extreme Hotspot
199,47.13040022000001,0.11671122913597307,0.08184754761816357,0.314493864774704,25.125544654880432,67.34714591749342,0.7383741569045081,0.8698889305261116,0.00039655703487083855,0.7061765189000009,0.5671674453794378,High,1,Extreme Hotspot
83,47.84818442000005,0.07610570198666505,0.08422973339070292,17.253625869750977,25.037281722534868,67.16222443760536,0.768193113241038,0.803169231269657,0.027558629874397108,0.7031532942504098,0.575272946305545,High,1,Extreme Hotspot
85,46.258805120000034,0.08245409858658873,0.13543833053035506,4.215883255004883,24.906894401498477,67.46588693762713,0.7021654242101534,0.8136004001681706,0.006652475151670208,0.6381646208529741,0.5322022726677993,High,1,Extreme Hotspot
46,44.83007276000001,0.023907944500349738,0.2346383518345021,215.90846252441406,24.93811140642905,67.11875507091216,0.6428115015974437,0.7174021220644842,0.34610370889928366,0.5122701784027651,0.5537148818540241,High,2,Warm Zone
81,47.01076952000005,0.07934677276263535,0.174708079726235,3.744173049926758,24.986137386412153,67.327175305225,0.7334043308484218,0.8084946951319162,0.005896082973740672,0.5883275027235633,0.533775457897304,High,1,Extreme Hotspot
175,45.84180667999999,0.08218920199679326,0.11184857230483707,0.41406896710395813,25.110451288659558,67.35633012913468,0.6848420305289304,0.8131651436391707,0.000556226738234383,0.668102310586239,0.5296711025592542,High,1,Extreme Hotspot
113,45.59570924000002,0.06179317640835757,0.1840741993484415,7.908048629760742,25.062059377738926,67.25890045670357,0.6746183883564076,0.7796520534560633,0.012572900402222231,0.5764409890690511,0.5052265862753382,High,1,Extreme Hotspot
249,45.594000230000006,0.19589666646296108,0.19575946927558127,0.16865774989128113,25.135453648465923,66.87387285488163,0.6745473908413201,1.0,0.00016270732085164606,0.5616112488833405,0.5321818829434091,High,1,Extreme Hotspot
75,48.333543260000056,0.10353498385360596,0.15257547508226202,4.1742658615112305,24.949693975757068,67.34247136039824,0.7883564075257381,0.8482387960669217,0.006585741232061238,0.6164159233205798,0.5675080023924648,High,1,Extreme Hotspot
99,48.69927140000004,0.08147635161721889,0.16454079596430451,3.597459316253662,25.04118931342404,67.25463248929636,0.8035498757543497,0.8119938458804896,0.005660825988942585,0.6012307713278795,0.5648803879466249,High,1,Extreme Hotspot
44,45.893076980000046,0.014608783328755908,0.32645247548821016,1.4579476118087769,25.066738945472117,66.9364523586563,0.6869719559815419,0.7021224968443838,0.0022300969090771755,0.39574915598283433,0.4598145123431105,Medium,0,Moderate Zone
11,41.835887240000034,0.04328550738810735,0.10221578410858953,229.00096130371094,24.877289985180347,67.0031476531004,0.5184238551650701,0.7492417571821448,0.3670976656964914,0.6803272525092792,0.5475956725693284,High,2,Warm Zone
42,43.585913480000045,0.02831833910034601,0.1058069935944556,561.8779907226562,24.95249771287886,67.05702115064658,0.5911253106141298,0.7246489237186541,0.9008694148644137,0.6757696595773297,0.7055187484350194,High,2,Warm Zone
78,50.55867427999999,0.10931265850980272,0.11490421184187674,21.935096740722656,24.988133857413324,66.97138467446133,0.8807951721689729,0.8577322010914554,0.03506541668945336,0.6642244078319143,0.6225891347700536,High,1,Extreme Hotspot
3,44.00974796000003,0.060626853778387606,0.17454357592922315,140.6927490234375,24.846751355526923,67.08979449749837,0.608732694355698,0.7777356469821007,0.22549453670614644,0.5885362739872533,0.5342343137635815,High,1,Extreme Hotspot
58,42.43404074,-0.08923809067535418,0.43003231394583935,0.6048176288604736,25.116893061158624,66.97544528749933,0.5432729854455088,0.5314897606456804,0.0008620941842847799,0.26429630103107027,0.35010744202734084,Medium,0,Moderate Zone
220,46.838159510000025,0.16383426317941424,0.1173659686498276,0.35879406332969666,25.188448552150113,67.1813441453686,0.7262335818246365,0.9473176669606699,0.00046759286005967904,0.6611001998255999,0.56492802095409,High,1,Extreme Hotspot
57,44.05418222000003,-0.019452187354151447,0.31477513694999115,0.4530046582221985,25.181176575078428,67.02845203345461,0.6105786297479594,0.6461562804229027,0.0006186605204317383,0.41056883046721837,0.42342332518617076,Medium,0,Moderate Zone
47,45.84009766999998,0.08454619787407999,0.18006832885076698,2.3192498683929443,24.87457964563384,67.42867118108194,0.6847710330138429,0.8170379675407797,0.003611203958913893,0.5815248270178983,0.5136718747299622,High,1,Extreme Hotspot
76,47.195342600000004,0.09529207931381149,0.12888675367656866,25.27047348022461,25.06652051202991,67.09803624926387,0.7410720624778127,0.8346947258256336,0.04041372768431419,0.6464792069219456,0.5610323071704377,High,1,Extreme Hotspot
76,49.666571060000024,0.11249743936678765,0.11677919804873407,20.256160736083984,25.019765802868857,67.04559125783928,0.8437344692935749,0.8629651739376009,0.032373225493499413,0.6618448685938085,0.6074008439002067,High,1,Extreme Hotspot
89,48.69243535999999,0.08821704530126988,0.1714546012695207,3.0254528522491455,24.968319140886724,67.36326266770024,0.8032658856939995,0.8230696054372136,0.004743607725609718,0.5924564822433962,0.5644439934732635,High,1,Extreme Hotspot
2,32.998596529999986,-0.3850795831138435,0.5786217772120151,0.4929124712944031,24.76611569827044,67.45854723787991,0.1512957046503364,0.04538708475878278,0.0006826531102064078,0.0757218694337558,0.08264138173825473,Low,3,Cool Zone
54,40.77630104000002,-0.10185863699953374,0.4570547643517839,0.9027231335639954,25.124837150484634,67.00105033346087,0.474405395811147,0.510752705512639,0.0013397887329591603,0.23000219219147267,0.312710449772889,Medium,0,Moderate Zone
1,30.44020856000003,-0.1859631147540984,0.03887361866831206,1.7886478900909424,24.790699462849577,67.21340703149858,0.04501242456514131,0.3725590689352264,0.0027603782153514853,0.7607146001817464,0.22672184475652765,Low,0,Moderate Zone
403,42.21357845,0.14894098824687707,0.18601603929558833,0.148386150598526,25.170415974299765,66.90409288725927,0.5341143059992894,0.9228462490478129,0.00013020160235309805,0.5739766059544138,0.46690053134835874,Medium,1,Extreme Hotspot
110,47.24661290000006,0.10382983223827724,0.14837731502068854,0.7577998638153076,24.956044765258728,67.42654614431314,0.7432019879304241,0.8487232669489073,0.001107402775526409,0.6217437953645593,0.5492148949812993,High,1,Extreme Hotspot
226,44.90868722000005,0.15534478757790768,0.10289850124611655,0.35839104652404785,25.144304664786333,67.39659719402322,0.6460773872914461,0.9333684512074844,0.00046694661845607323,0.6794608182862799,0.5344451229095711,High,1,Extreme Hotspot
305,45.31543160000001,0.17117896827040976,0.12891406356140328,0.21151742339134216,25.19362094311848,67.39016754977975,0.6629747958821439,0.9593858889294843,0.00023143324926078608,0.6464445480309551,0.5384445696107865,High,1,Extreme Hotspot
2,31.79545349,-0.28304440170163725,0.26663326715281527,0.5662506818771362,24.751153799857498,67.40830946598803,0.10131345402910875,0.2130429950580831,0.0008002516871100833,0.4716655296104941,0.1670149997142323,Low,3,Cool Zone
72,48.42924782,0.10314426745258297,0.12662057436698798,14.008691787719727,24.993928793138114,67.01510676903672,0.7923322683706063,0.8475968026586113,0.022355344613399015,0.6493552081255858,0.5795323055255011,High,1,Extreme Hotspot
21,44.12596064000002,0.009749778414127072,0.27759641886740816,2.870278835296631,24.80605894139818,67.48320822862378,0.6135605253816117,0.6941385752122964,0.004494784589334029,0.4577522274311122,0.4422191380680451,Medium,0,Moderate Zone
4,31.798871510000026,-0.3742810216308592,0.6142685865366966,2.0212883949279785,24.798962357508433,67.2447525589247,0.10145544905928379,0.06313040260558299,0.0031334196637534096,0.030482613170893735,0.056931617564668066,Low,3,Cool Zone
68,42.33150014,-0.055190099230683576,0.4089948841949089,0.623685359954834,25.19645664325053,67.0235134628084,0.5390131345402907,0.5874346506386546,0.0008923487856510752,0.2909948385339862,0.36214250631512446,Medium,0,Moderate Zone
9,51.03377906000003,0.14150161641955056,0.12770082455443704,17.597381591796875,24.889926113994804,66.88710091400317,0.9005324813631527,0.9106224783982888,0.02810984571936907,0.6479842659295285,0.6334306789207523,High,1,Extreme Hotspot
76,49.075253599999996,0.10552248486350845,0.15340861820586135,8.716635704040527,25.06635464559891,67.07047651009603,0.8191693290734815,0.8515044960580828,0.01386947811365602,0.6153585839405289,0.5819324923546249,High,1,Extreme Hotspot
18,44.65404473000001,0.08119075818386373,0.11090511610786151,7.422125339508057,24.80096141415072,67.40469861106278,0.6354987575434857,0.8115245819816856,0.011793717395655644,0.669299647949003,0.5127365492533617,High,1,Extreme Hotspot
300,44.94628544,0.16010030398554673,0.13970367582358895,0.10984708368778229,25.138910439664148,67.46758398572204,0.6476393326233574,0.9411823289429004,6.840381116229353e-05,0.6327514842377822,0.526800480191125,High,1,Extreme Hotspot
66,45.00097376000002,0.05553032384434106,0.14727003176203218,8.72445011138916,25.001076140110847,67.17399609042207,0.6499112531061415,0.7693614435589862,0.013882008596418591,0.6231490451482824,0.5034690289550656,High,1,Extreme Hotspot
9,45.36328388000004,0.06391148815180533,0.14329796218794663,170.30545043945312,24.88614877238136,67.01545731723975,0.6649627263045803,0.7831326910041133,0.2729788087810476,0.6281899864487863,0.5773376936574683,High,2,Warm Zone
7,40.76433797000004,-0.06061178908749748,0.363118135885288,75.14534759521484,24.8643683864536,67.12720934277478,0.47390841320553906,0.5785261708797714,0.12038860261743303,0.3492168789523066,0.3762828173590009,Medium,0,Moderate Zone
94,46.23146096000005,0.10823617666364507,0.10220323202509593,4.240350723266602,25.049473687823895,67.2084586602886,0.7010294639687624,0.855963413685579,0.0066917089893266096,0.6803431823199005,0.5465478613516537,High,1,Extreme Hotspot
113,49.618718779999995,0.10731982849367122,0.1599042559402183,5.10116720199585,25.10484169176896,67.1698280185851,0.8417465388711385,0.8544577449107333,0.008072037089363817,0.6071149900362682,0.58830828456466,High,1,Extreme Hotspot
130,46.63136930000002,0.1244191757684548,0.15098449976078437,1.0434023141860962,25.048223859102993,67.42755397947273,0.7176428824991126,0.8825540014489195,0.0015653692497140817,0.6184350252160862,0.5435186005726287,High,1,Extreme Hotspot
65,45.46240646000001,0.06190399914570978,0.11676391696223136,28.36132049560547,25.04111366441251,67.12114838976139,0.6690805821796235,0.7798341483634813,0.04536993274505425,0.6618642617737697,0.5283226906673891,High,1,Extreme Hotspot
313,45.732430040000054,0.18152311048967135,0.14105744223454952,0.21428079903125763,25.196452127264926,67.26344879611837,0.6802981895633669,0.9763825420057366,0.00023586435059421367,0.6310334234422793,0.5448423079023116,High,1,Extreme Hotspot
1,32.70635582,-0.14905090806068727,0.30467770740202543,3.151137351989746,24.806717593800663,67.29859814743223,0.13915512957046472,0.43321020444248826,0.004945144116952008,0.42338344730307453,0.20655655798441203,Low,3,Cool Zone
40,48.14726116999998,0.05207867586529672,0.26911522000615395,7.701033592224121,25.057985979166222,66.98520267577481,0.7806176783812551,0.7636899763655131,0.012240949654876081,0.46851569086498857,0.5235639433940458,High,1,Extreme Hotspot
133,47.636267180000004,0.08745012140661876,0.20026978979622823,0.8733252882957458,25.072976239365364,67.41394100531203,0.7593894213702514,0.8218094584770335,0.0012926489849327126,0.5558872149592182,0.5385277925577324,High,1,Extreme Hotspot
26,42.91256354000001,0.04346942260312398,0.12207824415648821,71.9820556640625,24.87948035611729,67.19686300613176,0.5631522896698613,0.7495439517033358,0.11531623138723043,0.6551198654488166,0.4975455395600158,Medium,1,Extreme Hotspot
60,49.731513440000015,0.09214371416163064,0.14641718487121572,2.3080034255981445,24.895490487872255,67.37829419888334,0.8464323748668795,0.8295215883034777,0.0035931701719236165,0.6242313905188096,0.5887457588390163,High,1,Extreme Hotspot
305,46.40236196000001,0.1673953847333956,0.12816716478696075,0.1205063983798027,25.171336359205274,67.4898460799148,0.7081292154774579,0.9531690122276248,8.54961321855334e-05,0.6473924349722985,0.555726899052633,High,1,Extreme Hotspot
7,43.291963760000044,0.04560048879400784,0.08225519287833827,253.03553771972656,24.864413505103265,66.98124513758312,0.5789137380191706,0.7530455463219342,0.40563735681450097,0.7056591775519602,0.5870635018699757,High,2,Warm Zone
184,46.98000734000004,0.10031106266450424,0.15296442495363904,2.9953434467315674,25.04824282630468,67.4629744258814,0.7321263755768559,0.8429415110108145,0.004695326983386147,0.6159223082330593,0.5436500702748228,High,1,Extreme Hotspot
92,48.336961280000025,0.1159951234472772,0.11885518959473944,3.2715084552764893,25.00741924986671,67.2904505170468,0.7884984025559109,0.868712283908277,0.005138160422290921,0.6592102340969633,0.5788327905335714,High,1,Extreme Hotspot
57,48.81377507000002,0.09052620220233044,0.14599174405289247,14.683406829833984,24.972508025097266,67.14338982874762,0.8083067092651758,0.82686382422443,0.023437257140820584,0.6247713161550567,0.5781658348559513,High,1,Extreme Hotspot
56,44.423328380000044,0.07023107136177381,0.08288611204626012,79.06863403320312,24.942370969060093,66.9888275408238,0.6259140930067459,0.7935165160840058,0.12667963287610612,0.7048584799731448,0.5420347188289548,High,1,Extreme Hotspot
181,46.15284650000001,0.1721482804823583,0.18112303418040923,0.10848218202590942,25.16987110483548,66.87840625395815,0.6977635782747601,0.960978583909875,6.621517727316097e-05,0.58018630372245,0.5393060334351936,High,1,Extreme Hotspot
123,46.82619643999999,0.10471568967267816,0.14517566447972408,1.4018235206604004,25.046679290380954,67.41555946081851,0.7257365992190262,0.8501788358272522,0.002140101350191598,0.6258070002356482,0.5435178904463758,High,1,Extreme Hotspot
283,44.915523259999986,0.16008558002956275,0.1179942690887323,0.25825539231300354,25.14677263393707,67.41978630858306,0.6463613773517914,0.9411581357361112,0.00030637806436989174,0.6603028256677395,0.5318554309507736,High,1,Extreme Hotspot
56,48.26860088000001,0.07771355170199101,0.13875832607738398,5.587466239929199,24.98078262258608,67.1734095242765,0.7856585019524313,0.8058111191353574,0.008851822611210909,0.6339512246980591,0.5641382692436907,High,1,Extreme Hotspot
69,46.846704560000035,0.07328970850684124,0.20757015348497257,1.8131067752838135,24.89442345955925,67.44299429290221,0.7265885694000718,0.7985422198435738,0.002799598289968485,0.5466223458171005,0.520441129472477,High,1,Extreme Hotspot
103,49.16754014000003,0.10586700016312334,0.1762517882689556,4.118002891540527,25.0603797784474,67.23455178284941,0.8230031948881793,0.8520705755746727,0.006495522979551997,0.5863683869518481,0.5759094224267303,High,1,Extreme Hotspot
42,45.00439177999999,0.0662839183855282,0.18125939221906828,33.676605224609375,24.83742479692899,67.25790122108432,0.6500532481363143,0.787030875384749,0.053893046617099906,0.5800132521542658,0.5075518426473662,High,1,Extreme Hotspot
40,44.13279668000001,0.023839904320435184,0.18600583090379008,56.217506408691406,24.909055964111367,67.22668172351368,0.6138445154419594,0.7172903239754074,0.09003761409852308,0.5739895613931008,0.4904386705763458,Medium,0,Moderate Zone
169,48.712943480000035,0.10193423973183367,0.19786802468602996,0.5640673637390137,25.162623783828618,67.21944952994313,0.804117855875045,0.8456085835345617,0.0007967507139621014,0.5589352876861152,0.5604746750959159,High,1,Extreme Hotspot
229,47.42605895000003,0.15418068180943512,0.11024894924021982,0.21013939380645752,25.198319225313664,67.44417715863574,0.7506567270145549,0.9314556873000093,0.00022922356461173424,0.6701323873060114,0.5740648272531785,High,1,Extreme Hotspot
57,42.198197359999995,-0.10567422794898179,0.45256235937127054,0.5958218574523926,25.124038734835878,66.98921973366129,0.5334753283635065,0.5044832368342311,0.0008476693720711291,0.23570348955861986,0.3364152321252791,Medium,0,Moderate Zone
40,46.621115239999995,0.11435526290028909,0.1511578590211215,1.692075490951538,24.854763844217153,67.45377100192673,0.7172168974085897,0.8660177984478308,0.002605523377515538,0.61821501551108,0.5410838126772054,High,1,Extreme Hotspot
36,45.64697954000002,0.08131818543784679,0.1406137355145153,6.933998107910156,24.890584096362023,67.25246697624571,0.6767483138090168,0.8117339600801786,0.011011000346415846,0.6315965302783035,0.5215314756778981,High,1,Extreme Hotspot
71,47.477329250000025,0.06172184389218095,0.14022653586419787,6.219468593597412,25.003738310714684,67.182935123241,0.7527866524671639,0.7795348456678473,0.009865244902273106,0.6320879241656514,0.5469287838957412,High,1,Extreme Hotspot
114,49.10259775999998,0.138514359949891,0.16273069755325328,0.140143021941185,25.18828378887001,66.85352984990625,0.8203052893148723,0.9057140615582681,0.00011698366055120957,0.6035279616635612,0.5847140632075392,High,1,Extreme Hotspot
15,41.386417610000024,-0.005313845267869722,0.18125564475314088,215.8588104248047,24.85879845364523,67.06084318538434,0.49975150869719603,0.6693872540909215,0.34602409124556743,0.5800180080517678,0.5028183160142621,High,2,Warm Zone
119,50.18269208000004,0.10978181726882426,0.15466217261395915,1.2731491327285767,25.140021832318954,67.13018083894693,0.865175718849841,0.858503084601731,0.0019337706423041515,0.613767701890165,0.5980827332688051,High,1,Extreme Hotspot
122,50.82527984000001,0.12704191691109148,0.13933977971052064,0.9025959968566895,25.136141904777713,67.13542939445469,0.8918707845225412,0.8868634763541661,0.0013395848679380125,0.6332133036775589,0.6167553922146377,High,1,Extreme Hotspot
16,38.09486435000002,-0.00342428900845511,0.15137002762765944,337.41595458984375,24.806538564400224,67.04827084294665,0.36301029463968815,0.6724920192351523,0.5409422253628068,0.6179457529839719,0.5049026276786441,High,2,Warm Zone
3,36.558464360000016,-0.2717763996682634,0.48878085536468563,38.64335632324219,24.855000645695235,66.92817925652193,0.2991835285765001,0.2315576594318132,0.06185728321890626,0.18973870749979282,0.20781912265005714,Low,3,Cool Zone
154,46.75783604000003,0.10391334462059419,0.13918942056044287,0.8007980585098267,25.079635892606802,67.33029264310048,0.722896698615549,0.8488604877024241,0.0011763508240992377,0.6334041240132552,0.543462665110259,High,1,Extreme Hotspot
64,48.94195081999999,0.1052443402027944,0.16017709371595476,2.152378559112549,24.963142802411518,67.29117301183643,0.8136315228966974,0.851047471376581,0.0033436240937726527,0.6067687324528107,0.5752993823791714,High,1,Extreme Hotspot
1,32.05864102999999,-0.3655878270225753,0.5656467972343213,1.0467115640640259,24.761173353859043,67.38840615440081,0.112247071352502,0.07741435285969064,0.0015706756660170016,0.09218837668465796,0.07534132572339024,Low,3,Cool Zone
40,46.67580356000002,0.06058547999106142,0.09524855556293456,63.19972610473633,24.95744674051632,67.10344134726014,0.7194888178913739,0.7776676649402138,0.10123367537898495,0.6891693408641708,0.567587963915162,High,1,Extreme Hotspot
9,47.058621800000026,0.0464107600888141,0.08349975107262528,111.01133728027344,24.87217265553098,66.95806104955005,0.7353922612708559,0.7543769182040632,0.1779000869131494,0.7040797125689213,0.5926044064810234,High,1,Extreme Hotspot
7,45.29150546000005,0.05499036062125997,0.21935513050520025,164.73521423339844,24.87074920352966,67.12630023071561,0.661980830670928,0.7684742199127804,0.26404687758659345,0.5316660676656957,0.5524083981850758,High,0,Moderate Zone
124,46.75441802,0.08871458890836942,0.19662469344035052,0.5433745384216309,24.938407563572135,67.44488911478632,0.7227547035853739,0.8238871286209564,0.0007635695551895487,0.5605131955524434,0.5249784822265791,High,1,Extreme Hotspot
19,42.79635086000002,0.016273166213562323,0.16163938244661719,297.9545593261719,24.872541872895802,67.03760957736799,0.5583244586439476,0.7048572754156248,0.4776654711474013,0.6049129463145846,0.56945733181969,High,2,Warm Zone
1,32.05864102999999,-0.3655878270225753,0.5656467972343213,1.0467115640640259,24.761243155163367,67.3895886952199,0.112247071352502,0.07741435285969064,0.0015706756660170016,0.09218837668465796,0.07534132572339024,Low,3,Cool Zone
28,41.54193752000003,-0.11255698417851043,0.4578699479693241,8.92948055267334,25.014985298559516,66.95586527859301,0.5062122825701109,0.4931740516585016,0.01421077702320959,0.228967645165418,0.3258072440657056,Medium,0,Moderate Zone
52,44.18748500000004,0.03900623484332297,0.10203069994874939,521.420166015625,24.97283572422873,67.05921643357662,0.6161164359247435,0.7422104046233027,0.8359948757618001,0.680562142248244,0.7028892824534916,High,2,Warm Zone
4,31.892867060000015,-0.23454732611146517,0.22644656270163013,3.8914146423339844,24.78593334848696,67.27206672068198,0.10536031238906676,0.2927294447942484,0.006132186385462006,0.5226663528389643,0.19211985883892235,Low,3,Cool Zone
55,46.54933682000001,0.0783230240549827,0.20995908276829672,0.9250866174697876,24.86680506486291,67.48680183213351,0.7142350017749375,0.8068125545297856,0.00137564881000539,0.5435905629986777,0.5157779086916797,High,1,Extreme Hotspot
0,33.41217695,-0.19079517090316347,0.19666235810542745,35.99250793457031,24.857360051892513,66.9381200794737,0.1684771033013843,0.3646194273226333,0.05760662049318373,0.5604653954416411,0.24857848963057286,Low,0,Moderate Zone
168,47.55765272000002,0.10915758047767396,0.15115630569242058,0.475898802280426,25.124350555788816,67.2974084781412,0.7561235356762515,0.857477389483497,0.0006553715165043529,0.618216986835765,0.5548782629393042,High,1,Extreme Hotspot
83,45.95118332000004,0.06675638964696495,0.19027310534820274,2.896973133087158,25.13746069517673,67.05133346225897,0.6893858714944987,0.787807201729546,0.00453758917110205,0.5685739764980712,0.5087746214496212,High,1,Extreme Hotspot
2,45.05566208000005,0.09502794683349094,0.10925401826240194,1.6629812717437744,24.756226982100625,67.31008018618904,0.6521831735889257,0.8342607248191686,0.00255887049700795,0.6713950511550926,0.5209311060137161,High,1,Extreme Hotspot
57,47.4004238,0.03312175156416689,0.23809085558868184,1.4015636444091797,25.16138734862581,67.01268398567709,0.7495917642882491,0.732541500357603,0.002139684635943026,0.5078886164890124,0.5118305752257284,High,1,Extreme Hotspot
183,46.35280067000002,0.11953041280808668,0.12263871979508886,0.43679308891296387,25.126828491461396,67.37419492839334,0.7060702875399363,0.8745211838166673,0.0005926651018771691,0.6544085675367707,0.544636172371298,High,1,Extreme Hotspot
98,47.10818309000001,0.06837421461369167,0.18591635508318044,3.1070775985717773,25.021264666173213,67.34331919336375,0.7374511892083775,0.7904654801169362,0.004874493848019759,0.574103114882307,0.5295895441393578,High,1,Extreme Hotspot
7,40.125168229999986,0.04711148471156869,0.13232029367328843,243.34530639648438,24.81498913199405,67.00487753373216,0.4473553425630092,0.7555282919054774,0.3900989709658967,0.6421217118545584,0.5182204659234112,High,2,Warm Zone
32,41.403507709999985,0.04339550508788921,0.074092509464205,285.22930908203125,24.81424707991329,67.14271361390094,0.5004614838480642,0.7494224964549379,0.45726040116323646,0.7160184140098753,0.5701167511002505,High,2,Warm Zone
39,42.020460319999984,0.06432021964273316,0.1080267713375894,32.74147415161133,24.83681273862157,67.26787125519871,0.526091586794461,0.7838042853427627,0.052393554298850335,0.6729525464591944,0.47569617538575026,Medium,1,Extreme Hotspot
83,48.85308229999998,0.09164640212225046,0.1252497849816646,11.718847274780273,25.034712522562117,67.18887414426284,0.8099396521121746,0.8287044456129751,0.018683555324940836,0.6510948727255845,0.5831713910631682,High,1,Extreme Hotspot
99,50.681723000000034,0.11995896265146097,0.1428246640309016,7.837312698364258,25.063852881297958,67.05035575751924,0.8859069932552366,0.8752253420599821,0.012459474606827368,0.6287906476866625,0.6145195968001314,High,1,Extreme Hotspot
74,48.59502179000003,0.10291298358875445,0.1274261073432136,4.977987289428711,25.00188433846554,67.21177001438075,0.7992190273340439,0.8472167758267772,0.007874516829380474,0.6483329086987918,0.5784053382547376,High,1,Extreme Hotspot
47,41.897411600000055,0.03470088783139036,0.15595170489617546,18.149978637695312,24.859274280546032,67.2827145830154,0.5209797657082019,0.7351362086210051,0.028995940780626693,0.6121311604302251,0.44833755485763327,Medium,0,Moderate Zone
334,45.11376842000004,0.16982119818158475,0.12759217845059925,0.186964750289917,25.19649383451162,67.40054129240914,0.6545970891018825,0.9571549115639472,0.00019206278476531667,0.6481221483663187,0.5350845177448001,High,1,Extreme Hotspot
12,41.323184240000046,-0.01183523249761873,0.20150969207655947,190.010009765625,24.822296268026165,67.14770956037164,0.497124600638979,0.6586718410609701,0.30457527284609026,0.554313658782285,0.48465716638271666,Medium,2,Warm Zone
86,47.602086980000024,0.11617437102409223,0.13811149936467593,8.316774368286133,25.06873785182137,67.14872937676519,0.7579694710685129,0.8690068089460528,0.013228296338563858,0.6347721104931197,0.563800305952578,High,1,Extreme Hotspot
51,48.716361500000005,0.08482274897536667,0.18697367699979903,5.824974536895752,24.937437955074344,67.25727423277628,0.8042598509052178,0.8174923738150548,0.009232669614487236,0.5727612708843611,0.5611882180148394,High,1,Extreme Hotspot
41,41.0087264,-0.08914655193368824,0.4210990377235216,10.61915111541748,25.011207735755526,66.99480171690186,0.48406105786297426,0.5316401696599954,0.01692018119377612,0.27563349445579977,0.33272719278379304,Medium,0,Moderate Zone
180,47.205596660000026,0.13938180118833046,0.12617389861010403,0.8714280128479004,25.022667775919743,67.48317528452955,0.7414980475683355,0.9071393704414287,0.0012896066841881478,0.6499220829571598,0.5629769428560275,High,1,Extreme Hotspot
39,45.452152400000045,0.09315472811896917,0.18215316315205324,5.619506359100342,24.85987455112291,67.41939105273273,0.6686545970891031,0.8311828041997685,0.008903199272686716,0.578878970207477,0.5101408533252736,High,1,Extreme Hotspot
73,45.92383916000006,0.06954040550354587,0.10589644779231079,43.49311065673828,25.030352087531707,67.11832639261975,0.6882499112531079,0.7923816701262565,0.0696339143013921,0.6756561335294946,0.5466969203014286,High,1,Extreme Hotspot
108,50.67488695999998,0.1195600131821941,0.14361519543506968,5.147377967834473,25.097884268343364,67.17384134842837,0.8856230031948865,0.874569820743632,0.008146136528892964,0.6277873867089054,0.6130286858635038,High,1,Extreme Hotspot
222,45.28125140000003,0.15505505170509687,0.13466118985771686,0.39305856823921204,25.18774608884674,67.24483942764675,0.6615548455804053,0.9328923807891233,0.0005225363470039421,0.6391508876944619,0.532516606976174,High,1,Extreme Hotspot
38,47.2978832,0.10779370821417064,0.1444717086562523,6.123619556427002,24.85730650107012,67.41304893217485,0.745331913383031,0.8552363855208945,0.009711549982813459,0.6267003884097679,0.5541861883590036,High,1,Extreme Hotspot
63,49.377748370000006,0.08921265294462273,0.18650653479335927,4.674254417419434,24.988268314108662,67.27742054088296,0.8317358892438759,0.8247055069315514,0.007387478037141835,0.5733541196242256,0.5729178751714137,High,1,Extreme Hotspot
44,49.33502312000002,0.08452193930721251,0.1333365426274491,31.096786499023438,25.06069607844046,67.01474261613463,0.829960951366702,0.8169981078369557,0.049756280688565115,0.640831993427156,0.5951395655797966,High,1,Extreme Hotspot
3,36.23717048000003,-0.00900709650027286,0.09147871729680963,172.64627075195312,24.8201612456372,67.01130563856542,0.28583599574015006,0.6633188040841428,0.27673233828974314,0.6939536310326793,0.4218060296876531,Medium,2,Warm Zone
111,49.86139820000005,0.11810689362407062,0.17116600971674778,0.13951358199119568,25.183711820070016,66.85056832099738,0.851828186013491,0.8721821728861082,0.00011597434710086896,0.5928227328969198,0.5901521405044718,High,1,Extreme Hotspot
158,48.483936140000026,0.09741764282465684,0.18108671712083219,3.1732535362243652,25.064785217084328,67.47091283997449,0.7946041888533905,0.8381872788879946,0.004980607646425456,0.58023239359125,0.5608613980044118,High,1,Extreme Hotspot
101,46.97829833000003,0.06977465876682133,0.18000996976977526,6.179405689239502,25.02284072629572,67.32641860083658,0.7320553780617683,0.7927665760337236,0.009801003622022568,0.5815988903483973,0.530507166604951,High,1,Extreme Hotspot
268,45.783700339999996,0.16622512345548182,0.12775611833699188,0.13837088644504547,25.185558102206496,67.40375111015068,0.6824281150159736,0.9512461340877406,0.00011414202300959817,0.6479140927598639,0.5452695201772757,High,1,Extreme Hotspot
144,49.740058490000024,0.12742696396910022,0.14856865999360874,1.3315235376358032,25.15872631589091,67.15631759941449,0.8467873624423147,0.8874961543591937,0.0020273746025063796,0.6215009600469379,0.5966464037908191,High,1,Extreme Hotspot
-1,32.330373620000046,-0.19358337906303055,0.24042440318302402,4.130429267883301,24.802395480770297,67.31189958387037,0.12353567625133287,0.36003807047417546,0.006515448802153451,0.504927118402031,0.20603426695260404,Low,3,Cool Zone
122,49.13677796000002,0.11732458655412067,0.12998611501466117,1.4755955934524536,25.146303964716488,67.1260959933567,0.8217252396166134,0.870896749543583,0.0022583956296217318,0.6450840108232863,0.5889060093502455,High,1,Extreme Hotspot
97,49.99811900000003,0.1364545229608726,0.125661957957225,4.3304123878479,25.10621176261706,67.05004825986727,0.8575079872204477,0.9023295049702132,0.006836123797162547,0.6505717852678499,0.6101760086365717,High,1,Extreme Hotspot
51,44.91381425000003,0.05569543461614348,0.11196257340323756,91.04679870605469,24.94963518602358,67.00257669619481,0.6462903798367063,0.7696327401486882,0.14588674344306166,0.6679576321422915,0.5440242752462096,High,1,Extreme Hotspot
29,46.62282425000001,0.10215405049325732,0.18678735935966162,1.4898526668548584,25.02506784735793,66.91812619700521,0.7172878949236773,0.8459697586977754,0.00228125699383572,0.5729977260293839,0.528980481228473,High,1,Extreme Hotspot
257,43.54147922000004,0.1498530636342408,0.16737047165017066,0.0891360491514206,25.180461420698123,66.91033035493855,0.5892793752218684,0.9243448971338325,3.519345371934211e-05,0.5976396386032725,0.4939002107429066,Medium,1,Extreme Hotspot
67,45.305177540000045,0.0616127891904631,0.08087174081229158,104.08493041992188,24.923043952740922,66.97718130561724,0.6625488107916235,0.7793556558527671,0.16679352209024145,0.707414912321185,0.5651042356813619,High,1,Extreme Hotspot
28,44.27293550000002,0.04616804029869804,0.26013756176131303,16.834138870239258,24.834036089547304,67.34769068313717,0.6196663116790913,0.7539781007883801,0.026885978145098088,0.47990920937823023,0.4636665762018141,Medium,0,Moderate Zone
158,44.48485274000001,0.12480333593420229,0.16858141573775715,1.065993309020996,25.071032231229633,67.44957626278978,0.6284700035498755,0.8831852221847256,0.001601594142881137,0.5961028331798375,0.5034867499193468,High,1,Extreme Hotspot
11,41.12152106000002,-0.032133586455387324,0.24035180020579108,59.50306701660156,24.786726330427214,67.13487332268602,0.4887468938587153,0.6253192369565196,0.09530604441269247,0.5050192586175148,0.41412700591364016,Medium,0,Moderate Zone
49,42.94674373999999,-0.0600340758403866,0.40980809788211653,1.2087597846984863,25.076876138588634,66.9078979880753,0.5645722399715999,0.5794754222947813,0.0018305216587807263,0.289962791540468,0.371200398055646,Medium,0,Moderate Zone
43,47.54739866,0.07026585865856087,0.16849131960569727,8.801724433898926,24.880934711529385,67.28609627310716,0.7556975505857287,0.7935736757404004,0.014005918769384874,0.5962171739044008,0.544059986068578,High,1,Extreme Hotspot
167,46.77492614000005,0.09215133486500858,0.18478559738134204,0.6783570647239685,25.15959659786258,67.21487337704059,0.7236066737664194,0.8295341100233812,0.0009800154280011114,0.5755381560097961,0.5292254210690345,High,1,Extreme Hotspot
86,47.32010033000006,0.10627646474816611,0.1195463015047109,1.569128394126892,24.90616341153321,67.37049472123722,0.7462548810791639,0.85274337447394,0.002408376439975984,0.6583331460940305,0.5586821819315566,High,1,Extreme Hotspot
12,43.767068540000025,0.06334651791398356,0.10955449290126054,271.1275329589844,24.852028359642624,67.13961400243363,0.5986510472133479,0.7822043778654189,0.43464805773806175,0.671013719713504,0.5996558339423682,High,2,Warm Zone
4,37.18908905000001,0.016541433494041805,0.1160109256582599,4.968585014343262,24.801263211168813,67.20246900974232,0.32538161164359236,0.7052980703893762,0.00785944018432846,0.6628198807256316,0.37047619140705185,Medium,0,Moderate Zone
109,43.47995486000002,-0.005771933923421219,0.3185940246045694,0.5070400238037109,24.9644922174153,67.43466203704357,0.5867234646787365,0.6686345600741979,0.0007053067863327478,0.40572229187042663,0.4163053549532928,Medium,0,Moderate Zone
19,40.79851817000002,0.05171894108544685,0.08773992935352312,126.22677612304688,24.815341518969678,67.15523084530781,0.47532836350727764,0.7630988894369917,0.20229819999304968,0.6986985153318115,0.49491043188308453,Medium,2,Warm Zone
89,49.95368474000003,0.1102424082316472,0.18104986550429233,3.323812484741211,25.183587831693604,67.05563972089709,0.8556620518281863,0.859259890206219,0.005222030472875812,0.5802791618646503,0.5885151442533564,High,1,Extreme Hotspot
17,50.245925450000016,0.10921309167887117,0.11742454802578962,35.37704086303711,24.896588963872528,66.94805410494665,0.867802626908058,0.8575686009738841,0.056619712697530224,0.6610258569194304,0.6221164404675745,High,1,Extreme Hotspot
318,43.874736170000006,0.1403647679460857,0.1735848819451864,0.3107641637325287,25.156536607725602,66.90565638962254,0.6031238906638263,0.9087545014607938,0.0003905764207905267,0.5897529495787901,0.4956109655056053,Medium,1,Extreme Hotspot
110,45.770028260000004,0.00622554880335042,0.2990761377192902,4.1024885177612305,25.034443113329612,67.37325882939058,0.6818601348952781,0.6883478477855324,0.006470645521218884,0.4304923821881971,0.46371236894388523,Medium,0,Moderate Zone
63,47.16799844000002,0.08055096116231665,0.18813215855124,2.888719081878662,24.952295572181733,67.26519893164698,0.7399361022364218,0.8104733195585717,0.004524353714876756,0.5712910455044657,0.5329347363579668,High,1,Extreme Hotspot
210,46.36476374000006,0.16518274277279973,0.13307138066823718,0.20977957546710968,25.162529511343205,67.44301674735014,0.7065672701455465,0.949533378939813,0.0002286465921942873,0.6411685096554303,0.5533477784783252,High,1,Extreme Hotspot
102,47.969524130000025,0.09493623075276676,0.14085862162682233,2.714540719985962,25.009932649557527,67.37336302063807,0.7732339368122119,0.8341100244157382,0.004245056915524284,0.6312857460650807,0.5617284918291428,High,1,Extreme Hotspot
274,44.454090560000054,0.15913915286894612,0.12023049293970346,0.15896499156951904,25.138603538163835,67.34384727785596,0.6271920482783119,0.9396030436105418,0.00014716488293485772,0.6574648408446444,0.5233470352425686,High,1,Extreme Hotspot
83,46.026379760000054,0.10844207424595491,0.16955564875627482,10.171595573425293,24.97904281564163,67.30583316574092,0.692509762158326,0.8563017278446055,0.0162025212671781,0.5948664370473526,0.5284730817662864,High,1,Extreme Hotspot
19,40.90447678999999,0.0023595847529919445,0.2089297804429829,496.5306091308594,24.849678343833077,67.03167870057871,0.47973020944266853,0.6819956101251828,0.7960842146459335,0.5448968474193311,0.6021918484411944,High,2,Warm Zone
79,47.52347252000004,0.06958690517483448,0.13336847654190823,5.259944915771484,24.994950144446605,67.29361336635723,0.7547035853745129,0.7924580746037183,0.008326638790655257,0.6407914661943668,0.5509900982769002,High,1,Extreme Hotspot
164,47.745643820000055,0.12271697307254638,0.1541541541541541,0.4347645938396454,25.008334736259133,67.47341154506215,0.7639332623358198,0.8797570804404339,0.0005894123891100739,0.6144124265576678,0.5605667054092041,High,1,Extreme Hotspot
22,44.59422938,0.030480450680142306,0.16696527835203104,23.998464584350586,24.829424666616674,67.34055995121169,0.6330138445154414,0.7282015295950037,0.038374048303333776,0.5981538681738232,0.49166005295602516,Medium,1,Extreme Hotspot
3,34.449546020000014,-0.08069110060189165,-0.015085098567405274,0.7655433416366577,24.768722837326127,67.42436053399265,0.21157259495917669,0.5455334795008128,0.0011198195220605868,0.8291934425490427,0.3325777032991163,Medium,0,Moderate Zone
24,45.68799578000005,0.06683217820075173,0.10036431057476497,36.53973388671875,24.89952555351204,67.15419657292237,0.6784522541711054,0.7879317313162976,0.058484102950228656,0.6826769518862329,0.5407270774806906,High,1,Extreme Hotspot
53,42.04951348999998,-0.07930021316229137,0.3935838371014694,5.495718955993652,24.880917064939485,67.33245231598816,0.5272985445509394,0.5478188726032956,0.008704704895359003,0.3105529510817038,0.35737901515105064,Medium,0,Moderate Zone
93,47.63968520000003,0.06893576528818808,0.22082759134418417,2.0697519779205322,24.969616987199906,67.3885054120006,0.7595314164004265,0.7913881745073302,0.0032111315188190323,0.5297973721360316,0.5292830500431812,High,1,Extreme Hotspot
5,33.65656538000002,-0.32508994715415096,0.5624217537182633,8.628623962402344,24.859534247716443,66.89231747315203,0.1786297479588219,0.14395717486049667,0.013728350378397352,0.0962812695086116,0.11573381690892492,Low,3,Cool Zone
219,47.30130122000003,0.1457070988686915,0.12471655328798181,0.24151988327503204,25.152913930953098,67.45879192102635,0.7454739084132059,0.9175325850742406,0.00027954250305763616,0.651771595430786,0.5662436558383401,High,1,Extreme Hotspot
191,50.59456349000004,0.13234134472069298,0.1162716007866682,0.42063894867897034,25.177458479753668,67.23531989391614,0.8822861199858014,0.895571065062171,0.0005667617714369345,0.6624890587205537,0.6198896099406161,High,1,Extreme Hotspot
34,41.50433930000003,-0.0621840625191409,0.3402587719697039,21.0273380279541,24.887967977515682,67.21425980944021,0.5046503372381972,0.5759427390695542,0.0336098162330846,0.37822762750946026,0.3722995253158752,Medium,0,Moderate Zone
74,49.37262134000002,0.11253475242627377,0.12758321775312056,1.9489246606826782,24.998970115711796,67.24916321292037,0.8315228966986157,0.8630264837218108,0.0030173836697052173,0.6481335203599756,0.5924441812271394,High,1,Extreme Hotspot
35,42.632285900000056,0.07680875442121518,0.08129844113156541,52.595882415771484,24.84005453851434,67.21145712003147,0.5515086971955999,0.8043244298420639,0.08423030268113947,0.7068733882561488,0.5036843966760642,High,1,Extreme Hotspot
11,45.532475869999985,0.060110628685488006,0.15391516013456225,13.623466491699219,24.791399352471576,67.35356981099608,0.6719914802981882,0.7768874279004901,0.02173763187894112,0.614715733134117,0.5137072609009075,High,1,Extreme Hotspot
6,32.50469264000003,-0.15704574996270956,0.3550866597621691,19.171064376831055,24.838007165035005,66.92926532584889,0.13077742279020335,0.4200737305495513,0.030633262292358156,0.35940960064005834,0.19486226439961524,Low,3,Cool Zone
108,45.76319222000001,0.12685389375581146,0.14051309733772002,0.8764660358428955,24.920272224473997,67.49536671668452,0.6815761448349305,0.8865545319996841,0.0012976852060106983,0.6317242498794718,0.5322829090113219,High,1,Extreme Hotspot
97,49.11285182000006,0.10267417880875036,0.1626122035555867,8.701626777648926,25.07948043756026,67.16054322699287,0.8207312744053975,0.8468243912372534,0.013845411145421047,0.6036783420321722,0.5795131896405368,High,1,Extreme Hotspot
92,47.092802000000006,0.09007751439323268,0.11783090922740773,3.2811665534973145,25.023117314371255,67.25513497352226,0.7368122115725945,0.8261265769139108,0.0051536472823784565,0.6605101451661612,0.5520343120199513,High,1,Extreme Hotspot
43,47.12014615999999,0.07348537203409354,0.16813821489029765,10.571252822875977,24.885231560678456,67.26128868231217,0.7379481718139854,0.7988637182357934,0.016843375787777802,0.5966652980145305,0.5385527300108137,High,1,Extreme Hotspot
63,42.03755042,-0.021770793702034236,0.3535958293877468,3.1497912406921387,24.933670649099682,67.31715898112509,0.5268015619453315,0.6423465350733099,0.0049429856136057335,0.36130160889074503,0.38056867322067944,Medium,0,Moderate Zone
193,49.13848697000003,0.12917493807217637,0.13781582793902697,0.4863804280757904,25.172614865330484,67.24595983569107,0.8217962371317009,0.8903682832207765,0.0006721789115495481,0.6351473461915718,0.5894712513019986,High,1,Extreme Hotspot
57,48.029339479999976,0.0982606442820589,0.13951277267508602,3.6098475456237793,24.883601911482383,67.39411500704627,0.7757188498402539,0.8395724303109475,0.00568069064248003,0.6329937588373922,0.5642423289108423,High,1,Extreme Hotspot
47,50.427080509999996,0.11788540768077077,0.20903888279722613,1.8198957443237305,25.08654594298982,66.98979621908863,0.8753283635072763,0.8718182452002993,0.0028104844718291225,0.5447583859565523,0.5905583804922232,High,1,Extreme Hotspot
69,46.94240911999998,0.0831761236322756,0.09593214566775124,71.76496887207031,24.953500803087266,66.98049960907522,0.7305644302449399,0.8147867729919175,0.11496813047775889,0.6883017987610647,0.5808461804184162,High,1,Extreme Hotspot
129,48.67534526000003,0.11268693028838349,0.15088020465178903,1.626129150390625,25.064213107123706,67.39960603173893,0.8025559105431314,0.8632765300063009,0.002499777740413855,0.6185673858186811,0.5748522653170374,High,1,Extreme Hotspot
170,48.00199531999999,0.10726656891683366,0.1897449900376733,0.8355088233947754,25.16627478953356,67.20909340416041,0.7745828895988629,0.8543702331063413,0.0012320098935157623,0.5692442060171221,0.5521455344822997,High,1,Extreme Hotspot
68,47.28079309999998,0.06898342320750941,0.1344326886305957,69.79391479492188,25.01268830951846,67.02983274958811,0.7446219382321604,0.7914664821237446,0.11180752494033093,0.639440877900204,0.5724088044265494,High,1,Extreme Hotspot
1,33.39337784000003,-0.010814310377901431,0.030382283926476465,8.515341758728027,24.777867436110427,67.36541791429285,0.16769613063542865,0.6603493372437271,0.013546701196684859,0.7714909270305471,0.3238157135460112,Medium,0,Moderate Zone
4,43.92429746000005,0.09067673171641649,0.1696471873516333,1.1662710905075073,24.7851304847631,67.43768322899146,0.6051828186013504,0.8271111620775284,0.0017623905995190893,0.5947502656970463,0.4855304525414585,Medium,1,Extreme Hotspot
11,44.51561492000002,0.12106401125444946,0.12520195488297692,1.292825698852539,24.79389979323735,67.45158853518335,0.6297479588214414,0.8770410680369917,0.0019653222189807964,0.6511555737569701,0.5141777890402646,High,1,Extreme Hotspot
74,48.43608386000005,0.11194274346356113,0.14489251174598206,2.0510876178741455,25.0013787892444,67.24886578884615,0.7926162584309564,0.8620537427497732,0.0031812030250252437,0.626166348500639,0.5723831352412327,High,1,Extreme Hotspot
54,45.91871213000002,0.006615675258789629,0.19416594191033712,13.403809547424316,24.963291965636753,67.16255734591168,0.6880369187078452,0.688988871843247,0.021385409703781857,0.563633589569755,0.4966361685995216,Medium,0,Moderate Zone
273,45.32397665000002,0.16058009630539083,0.17681562796602665,0.30702680349349976,25.159966092448364,66.90979046922321,0.6633297834575791,0.9419706846553594,0.00038458352510908146,0.5856528197235265,0.5238542259073181,High,1,Extreme Hotspot
54,43.99265786000001,0.05220309709328568,0.10662676279039923,491.86395263671875,24.985002687252138,67.06133768478445,0.6080227192048275,0.7638944152066101,0.7886011828368859,0.6747292930078028,0.6898894042737045,High,2,Warm Zone
99,48.84966428000001,0.08389098390980669,0.17650393018196367,2.610377311706543,25.106950471889114,67.12372194671408,0.8097976570820019,0.8159613732514309,0.004078029816256877,0.5860483944242341,0.5645424551594265,High,1,Extreme Hotspot
7,32.64995849000002,-0.19708659549228932,0.38187415100127076,2.709730863571167,24.79417087869966,67.27649949346257,0.13681221157259543,0.35428187019801677,0.004237344261165846,0.32541367775767516,0.17400923677556718,Low,3,Cool Zone
48,40.99505432000001,-0.12152077778500357,0.4736071947363923,1.014237880706787,25.100977461049208,66.96450291385678,0.48349307774227884,0.47844547514173674,0.001518603779898049,0.2089955536134721,0.307342814035841,Medium,3,Cool Zone
100,45.715339940000035,0.04024997238759964,0.26382411725516325,0.9508155584335327,24.964414859909883,67.41443186371717,0.6795882144124964,0.744254012987331,0.0014169054321472925,0.47523061312030157,0.47887373669519534,Medium,0,Moderate Zone
114,47.08938397999998,0.08612550374208401,0.20656538107288816,2.8553943634033203,25.035828257958304,67.39268116001864,0.7366702165424195,0.8196329544783888,0.004470917185170392,0.5478974994001917,0.5283102589650571,High,1,Extreme Hotspot
288,45.01635485000003,0.1643682907362584,0.13127675041927858,0.16572162508964539,25.1888610318374,67.48123683304998,0.6505502307419245,0.948195137602937,0.00015799921445607982,0.643446069394094,0.5311780766196432,High,1,Extreme Hotspot
162,46.5630089,0.07259801132893338,0.23256827964969579,0.9091155529022217,25.161307242002316,67.20408878001196,0.714802981895633,0.7974056793052167,0.0013500390432840748,0.5148973006564876,0.5088490145461543,High,1,Extreme Hotspot
73,45.52734884000006,0.05861368254685027,0.1751219983572498,0.4583517014980316,25.170995088948235,67.02142747832195,0.6717784877529304,0.7744277677708292,0.0006272345594611061,0.5878021998598513,0.502592808878632,High,1,Extreme Hotspot
52,44.00120291000002,0.05177592601512446,0.10291846974746036,29.99817657470703,24.962255763899183,67.15111783180237,0.6083777067802628,0.7631925224381411,0.047994648346498095,0.6794354763225363,0.5057157184289581,High,1,Extreme Hotspot
19,39.87736178,-0.069444639439164,0.24588376403881804,212.5924072265625,24.827359661179756,67.16087354081655,0.4370607028753989,0.5640127496680853,0.34078638003534417,0.49799866030253714,0.44422252066971585,Medium,0,Moderate Zone
38,45.257325260000016,-0.003081535164791179,0.2742171035604688,41.14067840576172,24.92554422843788,67.18481035134702,0.660560880369187,0.6730552044706047,0.06586176492961172,0.4620409061111923,0.47405625527290696,Medium,0,Moderate Zone
93,47.77640600000001,0.07610672049938431,0.18566477493264866,1.9637283086776733,24.976086969082747,67.3816608020701,0.7652112176073833,0.803170904806909,0.0030411214719144827,0.5744223944788873,0.5422048820277457,High,1,Extreme Hotspot
50,46.586935040000014,0.09280498445674937,0.15301806835192172,5.515592575073242,24.915027482305728,67.27251318545028,0.7157969471068512,0.8306081338630347,0.008736572448481928,0.615854229561007,0.5362649879465176,High,1,Extreme Hotspot
48,43.97556775999999,0.07133176254717577,0.09391271884149104,125.52659606933594,24.926510389852414,66.96337082738629,0.6073127440539571,0.7953250823068801,0.20117545405694784,0.6908646471457596,0.5506906529110037,High,1,Extreme Hotspot
132,48.01395839000003,0.09143132286424438,0.18537347316950128,0.48658275604248047,24.94711925222975,67.43305769650989,0.7750798722044733,0.8283510448713052,0.0006725033465304607,0.5747920846520755,0.5494111483795328,High,1,Extreme Hotspot
20,41.34198335000002,0.04897754389291862,0.07952033078161513,50.67957305908203,24.87988019933087,67.1600943910557,0.4979055733049347,0.7585944485623437,0.08115748086747314,0.7091299826417043,0.4750667633515346,Medium,1,Extreme Hotspot
94,50.141675840000005,0.12788188869052958,0.13843443241882716,0.9716973900794983,25.109845993834764,66.90203042910933,0.8634717784877523,0.8882436496567302,0.0014503896645166852,0.6343622771456402,0.6058603116888677,High,1,Extreme Hotspot
158,46.915064959999995,0.06924409805742199,0.2151983314480987,1.4620301723480225,25.080423658303978,67.4969655178625,0.7294284700035489,0.7918948018331756,0.0022366433369995853,0.536941448585896,0.5185030588278251,High,1,Extreme Hotspot
74,46.798852280000006,0.03236822623905831,0.14259107142072736,7.727135181427002,24.99550022437961,67.22430346278999,0.7246006389776353,0.731303368837022,0.012282803822312038,0.6290870993510046,0.5284238817423863,High,1,Extreme Hotspot
241,46.08448610000005,0.1686562042872881,0.15086726300894504,0.3668985068798065,25.091570743617098,67.45556539310948,0.6949236776712828,0.9552406883603602,0.00048058841886205707,0.618583810017878,0.5450924834308584,High,1,Extreme Hotspot
67,45.34961180000005,0.035834997842185495,0.14606343715526976,144.20703125,25.03034423909171,67.06625783241539,0.6643947461838848,0.7369996859393947,0.2311297244943106,0.6246803306589583,0.5590263486198325,High,1,Extreme Hotspot
45,45.20947297999999,0.05573676166501849,0.11802977143441092,53.00640106201172,24.963301489827714,67.10488990431912,0.6585729499467506,0.7697006453937539,0.0848885735634896,0.6602577697498462,0.532157974128605,High,1,Extreme Hotspot
74,49.49567006000001,0.10520901648894913,0.1037603741894683,15.232606887817383,25.045012607516117,67.1603561251043,0.8366347177848771,0.8509894303233098,0.024317905096928064,0.6783670179801942,0.6040551815327182,High,1,Extreme Hotspot
304,45.684577760000025,0.17467288471076722,0.11333628857522818,0.185247004032135,25.191158320546794,67.42338506571589,0.6783102591409305,0.9651268082203648,0.00018930836092825163,0.6662142544354168,0.5493833028667424,High,1,Extreme Hotspot
51,47.36966161999999,0.08060557338095217,0.15306063269284814,13.841851234436035,24.878422975617518,67.37002385871322,0.7483138090166832,0.810563053913939,0.02208781406581563,0.6158002112866282,0.5495919774675437,High,1,Extreme Hotspot
105,47.602086980000024,0.09678467608340136,0.17873852777534485,3.1124825477600098,25.024964299035393,67.40916446817637,0.7579694710685129,0.8371472394258639,0.004883160739776762,0.5832124734796531,0.5466231592221595,High,1,Extreme Hotspot
90,46.41603404,0.09858942174203894,0.13245826084991982,2.068995952606201,25.011253058951905,67.2676454980382,0.7086971955981534,0.8401126506896046,0.0032099192244316723,0.6419466181343143,0.5386875792756729,High,1,Extreme Hotspot
202,45.32226764000001,0.15873176368626324,0.14537159039509132,0.1855931282043457,25.102509370668404,67.44076714481987,0.6632587859424917,0.9389336548436138,0.00018986337460748535,0.6255583512580327,0.5313026986987972,High,1,Extreme Hotspot
117,47.95072502000005,0.0905920598955769,0.22707394558094401,3.6782970428466797,25.084685881830094,67.23794694373838,0.7724529641462562,0.8269720362289428,0.005790450117100759,0.5218701431531634,0.5388486322527517,High,1,Extreme Hotspot
80,49.07867162000002,0.12008758198021226,0.11192997427045752,8.912940979003906,25.07009555909609,67.0689812938072,0.8193113241036565,0.875436678878768,0.014184255646281192,0.6679990036016092,0.5961858961051699,High,1,Extreme Hotspot
0,30.113787650000006,-0.11529759431130802,-0.0901625759013996,1.2061476707458496,24.782458803729572,67.2474927106221,0.03145189918352866,0.4886709040163815,0.0018263331071226,0.9244740385133532,0.27123278625532,Medium,0,Moderate Zone
88,51.90366515000005,0.1262367624618299,0.16274468171612627,3.345364809036255,25.180309990203643,67.06015649296224,0.9366702165424222,0.8855405120564189,0.0052565898471218534,0.6035102144053965,0.6295153537682916,High,1,Extreme Hotspot
139,49.075253599999996,0.12658718176300315,0.14506557901471534,1.374438762664795,25.118830496044083,67.23595218669618,0.8191693290734815,0.8861162925481232,0.002096189608364985,0.6259467093612808,0.5862985647859584,High,1,Extreme Hotspot
21,41.114685020000024,0.04003051311390815,0.10682042765421376,307.8800048828125,24.88443083987125,67.04734184711222,0.48846290379836754,0.7438934153601681,0.49358102544469495,0.6744835135237706,0.5652611328893001,High,2,Warm Zone
37,43.89011726000001,0.05901015996803054,0.07529728682528115,149.86172485351562,24.90629804155498,66.97343749859948,0.6037628682996093,0.775079227218846,0.24019708399648423,0.7144894347601201,0.5607141893538157,High,2,Warm Zone
132,49.35724025000002,0.140461170758161,0.12847146912101692,2.7513556480407715,25.139430474976947,67.06695758480114,0.8308839190628328,0.9089129027199498,0.004304090032280969,0.6470062432762935,0.5991677741964545,High,1,Extreme Hotspot
104,50.41511744000002,0.1326643017353994,0.11338053364421613,0.11936641484498978,25.186216634005042,66.95112106556023,0.8748313809016683,0.896101721758604,8.36681568324071e-05,0.6661581031542156,0.6176003482945092,High,1,Extreme Hotspot
41,46.46388632000003,0.02807091171234585,0.23233918379607774,40.177181243896484,24.92351638746824,67.19784862411153,0.7106851260205898,0.7242423711610556,0.06431678729536387,0.5151880455008911,0.5120272120064134,High,0,Moderate Zone
179,45.335939720000056,0.1575354742891425,0.1497566211527421,1.2861976623535156,25.072889033280653,67.46085155475609,0.6638267660631895,0.9369680094154411,0.001954694094108954,0.6199933221874352,0.5305632457986063,High,1,Extreme Hotspot
135,48.06864671000005,0.06407839859442037,0.2505071132606129,1.0575039386749268,25.07244421458509,67.3932558476525,0.7773517926872574,0.783406944666505,0.001587981349992227,0.49213118200083505,0.5272749905125438,High,1,Extreme Hotspot
10,42.84078512000002,0.05383446537021686,0.06802945616474669,85.18295288085938,24.819085150314827,66.99596827145533,0.560170394036209,0.7665749468596814,0.13648400619673068,0.7237130163360271,0.5179180044598239,High,1,Extreme Hotspot
33,47.59183292,0.09495400672929329,0.10866158061184193,13.897480010986328,25.028688586991418,66.95359389890483,0.75754348597799,0.8341392324544241,0.022177015382635695,0.672146911958379,0.5681119154966944,High,1,Extreme Hotspot
40,44.31053372000002,-0.035174326693685184,0.30152233816686996,36.52726364135742,24.926234840378275,67.18227550457453,0.6212282570110049,0.6203229399383761,0.05846410678320359,0.4273879167110648,0.44163335383317226,Medium,0,Moderate Zone
8,44.98388366000006,0.06311116643733454,0.15226110183091696,11.281658172607422,24.79336129081408,67.35905107961023,0.6492012779552734,0.7818176674630679,0.017982518091487695,0.6168148934486002,0.5048117695141615,High,1,Extreme Hotspot
184,46.884302779999985,0.13897212277516677,0.1156438656119878,0.5741454362869263,25.188490630084452,67.1507153091361,0.728150514731983,0.9064662201971864,0.000812911007213728,0.6632857155033227,0.5600905097748391,High,1,Extreme Hotspot
54,41.01385343000004,-0.1246968258989771,0.4587721526407315,0.9528747797012329,25.099516167962882,66.946903311053,0.48427405040823684,0.47322685122856456,0.001420207414683915,0.2278226599870926,0.31061323169866895,Medium,0,Moderate Zone
42,45.041990000000055,0.013338620989452656,0.2696671115647326,39.888465881347656,24.93640594011736,67.18800853895029,0.6516151934682303,0.7000354694066269,0.0638538292343996,0.4678152869825417,0.47517791250339436,Medium,0,Moderate Zone
6,44.980465640000034,0.0736723700233226,0.11772726423728497,69.49158477783203,24.830152835245233,66.9810982896198,0.6490592829250984,0.7991709781208097,0.11132273564042128,0.6606416807048912,0.5394583799392443,High,1,Extreme Hotspot
167,46.61086118000003,0.12611754681636209,0.13299948419902605,0.6066081523895264,25.109343051719826,67.39057023875249,0.7167909123180694,0.8853446266050855,0.0008649653072267777,0.6412597532437528,0.5479862508935478,High,1,Extreme Hotspot
56,43.080046519999996,0.02529524449403513,0.14282364967200128,28.800809860229492,25.003394816314792,67.11922343263417,0.570110046148384,0.7196816205676516,0.04607465847306723,0.6287919350064284,0.47327331316405385,Medium,0,Moderate Zone
43,45.27783338000006,0.04957165049140991,0.13691182558299986,22.479305267333984,24.971915516270027,67.10081369590858,0.6614128505502326,0.7595706361988658,0.03593806067353505,0.6362946128059285,0.5147441733794924,High,1,Extreme Hotspot
91,48.863336360000005,0.09690842300315342,0.15567980430821454,14.506540298461914,25.06492880388425,67.1680989847567,0.8103656372026974,0.837350570298516,0.023153649833988616,0.6124762286315542,0.5780324986106643,High,1,Extreme Hotspot
239,45.6230534,0.13965678462774436,0.12855995231801812,0.14678427577018738,25.168758677542375,67.40196312412833,0.6757543485977985,0.9075912008612319,0.00012763297954796523,0.6468939495226609,0.5358511177177234,High,1,Extreme Hotspot
78,48.357469400000014,0.08295041299016147,0.19393864321400556,0.861438512802124,25.099067481213524,66.89936099207827,0.789350372736954,0.8144159036246645,0.0012735884178570207,0.5639220536473643,0.5510053424724184,High,1,Extreme Hotspot
108,48.52153436000003,0.09729191218457268,0.15757986492486745,5.581357955932617,25.08266032211489,67.20176896098891,0.7961661341853041,0.8379806885274536,0.00884202791483621,0.6100648675369662,0.568387037439342,High,1,Extreme Hotspot
70,48.81548408000003,0.0972973326873469,0.1264713872247947,6.892616271972656,25.007107157116955,67.17686727911924,0.8083777067802632,0.8379895950566948,0.01094464414577714,0.6495445410696743,0.5816945912209888,High,1,Extreme Hotspot
175,45.08984228000003,0.1355767793257145,0.13389489622336034,0.2544163465499878,24.99258510594303,67.48452019831367,0.6536031238906643,0.9008872680267873,0.00030022211490219323,0.6401233885929716,0.5246740730076037,High,1,Extreme Hotspot
2,41.11981205000001,0.053682285661040996,0.09085294492791247,203.18743896484375,24.826532235683747,67.10426998959369,0.48867589634362774,0.7663248975402424,0.3257054164474112,0.6947477968246554,0.5307950066452714,High,2,Warm Zone
48,46.75954505000004,0.04549825119004828,0.12846098758401706,17.556421279907227,24.956804477241025,67.16156872751849,0.7229676961306365,0.7528775578073708,0.028044165436887685,0.6470195453627172,0.5385336625551256,High,1,Extreme Hotspot
193,46.4604683,0.1284038441147837,0.11532958358002761,0.34907039999961853,25.13728467323992,67.31958045262655,0.7105431309904148,0.889101284352703,0.00045200086564337586,0.6636845698651018,0.5504323592385026,High,1,Extreme Hotspot
53,46.38527185999999,-0.00048218825798540646,0.30164342676818084,26.750822067260742,24.94998317786837,67.22324411460706,0.7074192403265874,0.6773262398704797,0.04278748190838853,0.42723424353893535,0.48071035129609113,Medium,0,Moderate Zone
39,45.68799578000005,0.08816781718597816,0.174861814705333,2.203671932220459,24.85037659893646,67.45938465611218,0.6784522541711054,0.8229887178025045,0.003425873546467912,0.5881323981336228,0.5133121573521594,High,1,Extreme Hotspot
140,50.55183824000005,0.13349095906752795,0.1436443910594575,1.84048593044281,25.12850013175043,67.22173030920399,0.8805111821086276,0.8974600178443796,0.0028435010475888214,0.6277503346316381,0.6130844177083328,High,1,Extreme Hotspot
20,52.22325002000002,0.1264777584524363,0.17222549749200247,17.886077880859375,24.902453858889448,66.89003694336817,0.9499467518636848,0.8859364970649659,0.02857277319580133,0.5914781402144287,0.638307996647055,High,1,Extreme Hotspot
49,43.60983962,-0.06159034221291034,0.37490308775339326,0.871481716632843,25.10278399784942,66.96846633429975,0.5921192758253456,0.5769182919820554,0.0012896927987610751,0.3342606327213833,0.39056000387141354,Medium,0,Moderate Zone
79,51.83701375999999,0.12192533192855119,0.15469027820183553,0.34980541467666626,25.15935841264576,66.98061495737039,0.9339013134540278,0.8784563201066945,0.00045317946925719897,0.6137320331748874,0.6281886748999072,High,1,Extreme Hotspot
71,47.62943114000001,0.02910645226948912,0.14689540890925032,107.25880432128906,24.968000975473917,67.02613965617347,0.7591054313099037,0.7259438871710907,0.1718828616188006,0.623624477860494,0.5802293665764241,High,1,Extreme Hotspot
45,52.064312090000044,0.10665764479571474,0.19168744018997438,9.196493148803711,25.06658651048771,66.9898137022427,0.9433439829605973,0.853369698521932,0.01463893447443162,0.5667790484929972,0.622358591279736,High,1,Extreme Hotspot
128,46.48439444000002,0.06450411017759858,0.20309080313397082,7.211190223693848,25.088139089786534,67.28208179982013,0.711537096201633,0.7841064393115368,0.011455480762369104,0.5523070755940176,0.5155560896867795,High,1,Extreme Hotspot
38,45.02489990000004,0.05614978765445661,0.14413436628035106,4.858558177947998,24.895279435997114,67.26165619690235,0.6509052183173597,0.7703792961030301,0.007683011017615972,0.6271285085832374,0.5032654362134499,High,1,Extreme Hotspot
69,46.80568832000006,0.09418073006968664,0.13148729612549592,2.2411105632781982,24.95573228778955,67.33045953028068,0.7248846290379853,0.8328686471476189,0.00348590677742117,0.6431788664847999,0.5443913986786523,High,1,Extreme Hotspot
78,48.012249380000014,0.08160937505195988,0.16826003824091773,5.323422908782959,25.001130159180345,67.23149625679758,0.7750088746893857,0.8122124191679966,0.008428426407008804,0.5965106923743089,0.5532446578275677,High,1,Extreme Hotspot
125,44.10545252000003,0.08666079149243226,0.11740571362412806,2.4820315837860107,24.91824359088735,67.47737561598561,0.6127085552005685,0.8205124957681147,0.0038722261180865465,0.6610497596007493,0.5013383048951161,High,1,Extreme Hotspot
38,43.10055464000004,0.047541960017715594,0.1202299160267636,469.994384765625,24.942097681893276,67.05757584689357,0.5709620163294296,0.7562356139125984,0.7535331052453597,0.657465573003085,0.6616965395306185,High,2,Warm Zone
0,34.72982366000002,0.020679634192925136,0.04098595586127828,10.776457786560059,24.80403912509586,67.1923374445731,0.22321618743344043,0.7120976251661709,0.01717242406303665,0.75803383953594,0.35200099267124896,Medium,0,Moderate Zone
102,49.960520780000024,0.09572531584752711,0.16421057216910234,10.368049621582031,25.08161080191144,67.18086655150906,0.8559460418885341,0.8354065848572904,0.016517537359152915,0.6016498573324409,0.5921487602902835,High,1,Extreme Hotspot
27,40.178147540000055,-0.05963746393299862,0.3650933154112599,25.45041847229004,24.83294672050157,67.20470857604408,0.4495562655307082,0.5801271027195953,0.040702271334611816,0.34671018468054937,0.3463591763899854,Medium,0,Moderate Zone
28,46.29982136000001,0.06230665429529686,0.1353587013090997,19.32402229309082,25.02702679436839,66.89706984778311,0.7038693645722397,0.7804957585523044,0.030878531888321476,0.6382656780531732,0.5339948781944566,High,1,Extreme Hotspot
89,48.32158019000002,0.10046081410491871,0.16364508144673234,2.1938109397888184,24.968438047677232,67.3800431989836,0.7878594249201278,0.8431875703965463,0.0034100613434211707,0.6023675198719001,0.5629479248377685,High,1,Extreme Hotspot
147,46.42287008000005,0.08750706958503648,0.13230065809932848,0.5634967684745789,24.989530235462947,67.45252147317132,0.7089811856585034,0.821903031091502,0.0007958357585718302,0.6421466313011812,0.5355062141270059,High,1,Extreme Hotspot
123,50.36897417,0.15005279585780312,0.15587293411020342,0.09943878650665283,25.189035788320595,66.86578283247749,0.8729144479943194,0.9246730808768706,5.1713999306159405e-05,0.612231128192842,0.6103258954676533,High,1,Extreme Hotspot
42,45.39404606000005,0.0672274765877351,0.14772066602491396,8.73729133605957,24.857954716081295,67.30633196808607,0.6662406815761462,0.7885812534712278,0.013902599632591162,0.622577146588901,0.5127745398770707,High,1,Extreme Hotspot
1,31.65360566000004,-0.38426396338917906,0.5483330983930083,0.6059283018112183,24.75443914170323,67.39635949443756,0.09542066027689172,0.04672724474579998,0.0008638751598141137,0.11416113872363964,0.06822554735730814,Low,3,Cool Zone
112,48.66850922000003,0.12726525381723236,0.11803619629187125,2.501406192779541,25.143606681346675,67.09052648030647,0.8022719204827837,0.8872304453915533,0.0039032935033908823,0.6602496159829704,0.5870190815742884,High,1,Extreme Hotspot
86,47.465366180000046,0.09225877130580759,0.1499339884919187,1.7657619714736938,24.90286729131175,67.33852571560578,0.752289669861556,0.8297106408437529,0.002723680408858298,0.6197682258418805,0.550007029341776,High,1,Extreme Hotspot
63,46.516865629999984,0.0321082161597347,0.1476430530554347,21.128917694091797,25.04068237565317,67.13147432768535,0.712886048988284,0.7308761414245485,0.03377270027518524,0.6226756449701618,0.5277641448718245,High,1,Extreme Hotspot
15,49.256408660000034,0.10060425887016253,0.1511023592012665,21.358993530273438,24.894050810560383,66.92273742459707,0.826695065672702,0.8434232671666384,0.0341416292509524,0.6182854501620496,0.5893840136892247,High,1,Extreme Hotspot
51,50.45613367999999,0.08344881777269805,0.10273187724887127,19.535964965820312,24.9900242524204,66.95626530020478,0.8765353212637547,0.8152348418218351,0.031218384149511197,0.6796722802895763,0.6166384068740702,High,1,Extreme Hotspot
2,40.56438380000003,0.0729780287450475,0.09669216442272667,14.02104663848877,24.79262015632416,67.15535288264358,0.4656017039403628,0.7980300930118068,0.02237515574400545,0.687337261292711,0.4490064367224597,Medium,1,Extreme Hotspot
167,46.583517020000045,0.11257084493220922,0.10679992720862926,0.6505604982376099,25.091231065320425,67.32313395533902,0.7156549520766785,0.863085787991709,0.0009354433470131714,0.6745095305763167,0.5508606159814444,High,1,Extreme Hotspot
101,47.43631301000005,0.09168455090050179,0.1330170914255622,3.794098138809204,25.027703299110097,67.33563261247801,0.7510827121050776,0.8287671285822806,0.005976138368571201,0.6412374079666177,0.5544896703148394,High,1,Extreme Hotspot
29,44.898433160000025,0.006274641389145241,0.20370473863099436,54.605892181396484,24.858086405656397,67.22678018423125,0.6456514022009233,0.6884285127291965,0.08745337406673505,0.5515279319397921,0.493693767694391,Medium,0,Moderate Zone
208,46.39210790000004,0.11676907945649793,0.13924161380763955,0.32839807868003845,25.177653737993502,67.322917352325,0.7077032303869375,0.8699839854671081,0.00041885258524272895,0.6333378857234937,0.5403511802658506,High,1,Extreme Hotspot
48,44.50194284000003,0.024607132214165023,0.17334799130081496,26.92666244506836,24.97188402185227,67.0976230798139,0.6291799787007459,0.7185509704421456,0.043069443767398616,0.5900535867682053,0.48823271534211093,Medium,0,Moderate Zone
158,47.41409587999999,0.05842661114661275,0.1310631729693814,7.118295669555664,25.067178672134876,67.47700098497411,0.7501597444089445,0.7741203872628152,0.01130652338691708,0.6437171198799836,0.5477520106757261,High,1,Extreme Hotspot
12,43.343234059999986,0.05185388075193181,0.08459026846375402,10.187568664550781,24.794131266527184,67.40306176244964,0.5810436634717773,0.7633206113206293,0.01622813428350594,0.702695740296199,0.4915117387169216,Medium,1,Extreme Hotspot
20,46.13233838000002,0.03941538748770291,0.11398441642077324,209.26087951660156,24.90263542563049,67.0051701007789,0.6969116080937169,0.7428826909670468,0.335444240999042,0.6653917173766677,0.6071364506076379,High,2,Warm Zone
109,46.74758198000001,0.08294614387329621,0.19973229061137665,0.7738232612609863,24.95682941779632,67.42379982126033,0.7224707135250262,0.8144088889590921,0.0011330964585574135,0.5565693535243589,0.5227467635733855,High,1,Extreme Hotspot
251,46.04005184000005,0.16872196911004814,0.14587058437391312,0.43732115626335144,25.093486631725963,67.46428344651966,0.6930777422790214,0.9553487477676442,0.0005935118633187347,0.6249250795316368,0.5456668029489122,High,1,Extreme Hotspot
80,49.26324470000003,0.0764968927761155,0.13263433813892528,66.63880157470703,24.96394409254668,67.01738170819556,0.8269790557330498,0.8038120041544433,0.10674826835745221,0.6417231589874707,0.6063951218032436,High,1,Extreme Hotspot
65,50.056225340000026,0.11088485569543984,0.18373169790630148,11.78329086303711,25.050753505024613,67.03149796285221,0.8599219027334046,0.8603155076204373,0.01878689128322715,0.5768756565976436,0.593087941376763,High,1,Extreme Hotspot
60,44.59764740000003,0.02226900245192921,0.279303903669386,0.530811607837677,25.187259137866025,67.03154320263071,0.6331558395456164,0.7147091458061711,0.0007434247664542688,0.45558526371163743,0.45177161662311327,Medium,0,Moderate Zone
15,51.17220887000002,0.11615085522989216,0.14259116922459675,20.73583984375,24.90066536068319,66.91066080920932,0.906283280085197,0.8689681697058567,0.033142395888900764,0.6290869752284143,0.6269615315078654,High,1,Extreme Hotspot
36,45.25390723999999,0.11152670783726996,0.13624751921021824,5.17350959777832,24.84471837547095,67.39782097439962,0.660418885339012,0.8613701468500315,0.008188038866966828,0.6371376819839183,0.522847622276635,High,1,Extreme Hotspot
56,50.23225337000002,0.10858782553948845,0.09178130267365936,11.044511795043945,24.969859285560215,66.89631042198714,0.8672346467873626,0.8565412145143645,0.01760225142970617,0.6935696208599871,0.6184895279215237,High,1,Extreme Hotspot
58,45.879404900000054,0.0297784344752185,0.24230592044941207,18.940221786499023,24.96586391841122,67.21481418106244,0.6864039758608464,0.7270480336708295,0.030263103818404382,0.5025392906163281,0.49169242947282976,Medium,0,Moderate Zone
57,48.86846338999999,0.08050369197449478,0.12584521711264218,4.954765319824219,24.981849986401453,67.17567603256974,0.8105786297479576,0.810395650674137,0.007837280161664018,0.6503392116363946,0.5778179618679985,High,1,Extreme Hotspot
48,48.35405137999999,0.08326274081158626,0.16915409881770752,3.3564295768737793,24.906910106805718,67.27407311097514,0.789208377706779,0.8149290952953023,0.00527433231644478,0.5953760428414567,0.5583165070244095,High,1,Extreme Hotspot
112,49.451235800000006,0.12602077868184322,0.12564805411967714,1.087912917137146,25.111664705170014,67.15138371158746,0.8347887823926157,0.8851856250778065,0.0016367424605216057,0.650589430585391,0.5972204284509259,High,1,Extreme Hotspot
39,50.16731099000003,0.07623365929339573,0.1981893400258994,21.054622650146484,25.035063652679128,66.99829721181663,0.864536741214058,0.803379480307709,0.03365356740611818,0.5585275073748637,0.5864405118582818,High,1,Extreme Hotspot
26,51.11922956000001,0.13628612267498644,0.14671395041556462,21.9190673828125,24.913015898485604,66.89629734675096,0.9040823571175004,0.9020528033185462,0.0350397134487561,0.6238547662776747,0.6304717449625061,High,1,Extreme Hotspot
92,50.41169941999999,0.12116108201555896,0.11332262466938015,4.760086536407471,25.101481259840277,67.102193387319,0.8746893858714933,0.8772005668156678,0.007525110725005597,0.6662315952563744,0.6165834361034738,High,1,Extreme Hotspot
80,48.47368208,0.10455287774945839,0.1357036074098148,19.26449966430664,25.074379194237682,67.09487902628466,0.7941782037628676,0.8499113165185471,0.03078308673929253,0.6378279587797664,0.5804193424237055,High,1,Extreme Hotspot
0,35.89536848,-0.0756782645443021,0.15645937072171945,38.07427215576172,24.861724151340415,66.95850486214464,0.2716364927227544,0.5537701639540027,0.060944750888183255,0.6114868832897805,0.32925368606220407,Medium,0,Moderate Zone
41,51.416597300000035,0.14650110255322576,0.13505789327682705,6.457798004150391,24.99613101138152,66.87931523188416,0.9164359247426346,0.9188372273424189,0.01024740856965226,0.63864743260332,0.6346912926614937,High,1,Extreme Hotspot
249,44.29686164000003,0.16904519356878725,0.12550740537575422,0.15383803844451904,25.152572279463122,67.40976919014287,0.6206602768903096,0.9558798439063573,0.00013894376073183241,0.6507679274744513,0.5218344087771507,High,1,Extreme Hotspot
54,45.97510946,0.06346055199888075,0.21257574123989226,33.293701171875,24.948939237487224,67.20753127067029,0.6903798367057146,0.7823917493979038,0.05327905602018705,0.5402697697666468,0.5148844150503475,High,1,Extreme Hotspot
6,42.686974220000025,0.0595173020799556,0.07214828897338402,290.9908752441406,24.871229078815933,66.99467274877968,0.5537806176783817,0.7759125218849516,0.4664991319151422,0.7184858182651801,0.598221071985917,High,2,Warm Zone
185,45.879404900000054,0.1501233531048238,0.1297097404409713,0.37599578499794006,25.154452833650968,67.26421127639817,0.6864039758608464,0.9247890148058718,0.0004951759981319736,0.6454347569461668,0.5424906879539857,High,1,Extreme Hotspot
66,49.454653819999976,0.0995334114331562,0.14648783359588968,3.0178871154785156,24.89369017233206,67.39656932404999,0.8349307774227884,0.8416637377635625,0.004731475988683165,0.624141730439248,0.5862330867186701,High,1,Extreme Hotspot
116,49.16754014000003,0.10984513412157537,0.14378451933082523,3.895240306854248,25.05878852058971,67.28150755447133,0.8230031948881793,0.8586071217038201,0.006138320877968969,0.6275724982726996,0.585041426084877,High,1,Extreme Hotspot
62,50.350175060000026,0.11020803355606877,0.14096323949531106,7.732183933258057,25.023615917083053,67.00836116974487,0.8721334753283637,0.8592034085354308,0.012290899547933842,0.6311529758494038,0.6070372214685243,High,1,Extreme Hotspot
37,44.85058088000005,0.05172582159624407,0.14165950712186298,56.717281341552734,24.90584178051092,67.21469288911014,0.6436634717784893,0.7631101949326557,0.09083900835684522,0.6302693447423888,0.5206955389889831,High,1,Extreme Hotspot
276,47.062039819999995,0.12355165027999267,0.1478724482898473,0.21939942240715027,25.15964097476956,67.49529232162223,0.7355342563010285,0.8811285541329748,0.00024407211595865226,0.6223845201825111,0.5509209077058496,High,1,Extreme Hotspot
139,50.305740800000024,0.1547572639750806,0.1315736100874091,2.91550874710083,25.147968375512253,67.06955152852032,0.8702875399361024,0.9324030802139606,0.004567311219304804,0.6430693257007569,0.6177311709515126,High,1,Extreme Hotspot
83,48.651419120000014,0.09693933827025264,0.15354156646115416,2.4241459369659424,24.95343085862268,67.36776611770028,0.8015619453319132,0.8374013677506881,0.003779405886516954,0.6151898597179454,0.5702178067105869,High,1,Extreme Hotspot
28,44.67113483000003,0.006334111283180957,0.2870986698611096,8.908483505249023,25.017197684471018,66.95621325659032,0.6362087326943562,0.6885262288216458,0.014177108041151553,0.4456929498710177,0.45044529438548075,Medium,0,Moderate Zone
31,46.11524828000006,0.08093611754188909,0.13122269818356233,6.49345064163208,24.834629679222623,67.45968888042101,0.6962016329428488,0.8111061771919005,0.010304577941489873,0.6435146669204779,0.5314256576253926,High,1,Extreme Hotspot
86,51.01668896000001,0.11057792914182024,0.12622348979034556,0.2579093277454376,25.195979614436666,66.99292331555198,0.8998225062122821,0.8598111908737042,0.00030582314626732056,0.6498591469425816,0.6189489662910517,High,1,Extreme Hotspot
217,45.195800899999995,0.15693362534531258,0.11505102040816319,0.21258720755577087,25.157680101035563,67.44992621333273,0.6580049698260552,0.9359791001868404,0.00023314865919963346,0.6640380935312058,0.5364647588294892,High,1,Extreme Hotspot
29,51.60800642000004,0.15609577902120494,0.167775676949922,3.44146990776062,24.973754470604177,66.85340151749469,0.9243876464323756,0.9346024192595853,0.005410695363923671,0.5971253938015133,0.6307231740631717,High,1,Extreme Hotspot
132,46.583517020000045,0.11374253520097886,0.15686339949366607,1.0302481651306152,25.046392654518222,67.4275393469158,0.7156549520766785,0.8650110141331299,0.0015442764360632999,0.6109741316158457,0.5385945283828258,High,1,Extreme Hotspot
13,40.02262762999999,0.04923993116956236,0.07577460302506234,319.50177001953125,24.817230341300974,67.13874606552821,0.443095491657791,0.7590255819920865,0.5122166456804123,0.7138836742365445,0.5619229302293414,High,2,Warm Zone
97,46.470722360000025,0.06849825485828658,0.19426577240223294,2.1803622245788574,24.992139251746572,67.37633613746416,0.7109691160809375,0.7906692929571103,0.003388496189904232,0.5635068949990126,0.5165365434232202,High,1,Extreme Hotspot
156,46.474140379999994,0.10479325652152227,0.09650301801031262,0.564795732498169,25.108022564957977,67.36370343262232,0.7111111111111101,0.8503062873637912,0.0007979186607780538,0.6875773064239445,0.5497053284989961,High,1,Extreme Hotspot
52,49.98786494000001,0.08344353760960815,0.1715108889077197,18.611814498901367,24.95768348728779,67.18050127188954,0.857082002129925,0.8152261658873475,0.029736499346337084,0.5923850477745852,0.5910278601265735,High,1,Extreme Hotspot
29,45.41455417999998,-0.0583146323218525,0.37694994063368875,2.879715919494629,25.044701737343342,66.9132048563194,0.667092651757187,0.5823006720205939,0.004509917051156952,0.3316629780157221,0.42164223637189757,Medium,0,Moderate Zone
46,41.07025076000002,0.03134530738260631,0.1265508925668758,21.014741897583008,24.85383388959951,67.27365041668712,0.48661696840610613,0.7296225917788821,0.0335896182081483,0.649443641084155,0.44237630889814283,Medium,0,Moderate Zone
118,49.21539242000006,0.09966370221448925,0.17939856334158688,5.611418724060059,25.071561560695255,67.27325247789136,0.8249911253106157,0.8418778209772704,0.008890230666503168,0.5823748243691296,0.5749756458112885,High,1,Extreme Hotspot
75,49.42730965999999,0.11853916555099542,0.14991696730229617,2.871425151824951,24.8985296870368,67.39327054931776,0.8337948171813975,0.8728924469543499,0.0044966227197075475,0.6197898273813681,0.589533915071912,High,1,Extreme Hotspot
157,45.424808240000004,0.14151365259327037,0.14834838703740347,0.6214143633842468,24.926704913763448,67.49301054997626,0.6675186368477098,0.9106422552598927,0.0008887072192325314,0.621780507779325,0.528182071388741,High,1,Extreme Hotspot
191,45.68115974,0.14369445604472092,0.1381855718292302,0.37401479482650757,25.083717919658454,67.43653249878267,0.6781682641107554,0.9142255740993009,0.0004919994599649042,0.6346781053557884,0.5354597626953462,High,1,Extreme Hotspot
55,38.85366479000004,-0.1451917922768498,0.4792065936257186,0.5262979865074158,25.11475639613902,66.98611499178588,0.39453319133830433,0.4395511895883457,0.000736187128108539,0.20188937367559967,0.2643078764907207,Medium,3,Cool Zone
35,43.90037131999998,0.04211354727841629,0.17353616559459323,19.120141983032227,24.861592448121367,67.25151788161988,0.6041888533901297,0.7473160876600712,0.030551607708810397,0.5898147753497476,0.4793738115022147,Medium,0,Moderate Zone
134,48.21049454000001,0.09859484213892056,0.1412527749967353,0.4767906665802002,24.944498081376068,67.43324204305071,0.7832445864394744,0.8401215570448519,0.0006568016301055884,0.6307855272335452,0.565637373986753,High,1,Extreme Hotspot
52,41.51117534000002,-0.0798869810167433,0.42317464073053795,1.2835965156555176,25.09547016462521,66.95214885115938,0.5049343272985449,0.5468547433940273,0.0019505231285567308,0.2729993530525924,0.3390894438211797,Medium,0,Moderate Zone
176,46.033215799999994,0.12775171297581264,0.13492205074207347,0.4517746567726135,25.11170814153219,67.39491937254999,0.6927937522186713,0.888029755511126,0.0006166882004240464,0.6388198299470804,0.5382401022536596,High,1,Extreme Hotspot
209,46.35450967999998,0.14969176529500525,0.12276061724313556,0.37139612436294556,25.145243392667844,67.32359908176564,0.7061412850550215,0.9240798648232115,0.0004878003948739012,0.6542538678597325,0.5520412174161553,High,1,Extreme Hotspot
31,42.62715887000002,0.01334879456340006,0.27525640541537527,26.54486656188965,24.8434022844551,67.32339024749139,0.5512957046503374,0.7000521857957933,0.042457230131795275,0.4607219313182357,0.4282848035260999,Medium,0,Moderate Zone
264,45.57349211000002,0.1550299638000791,0.13070610360745433,0.17164337635040283,25.191553456249963,67.47918151599988,0.673695420660277,0.9328511583843112,0.00016749480366543232,0.6441702755108482,0.5382817708248435,High,1,Extreme Hotspot
135,46.40919800000006,0.11967195864180553,0.11317523339414112,1.3661856651306152,25.045677425528428,67.42229580036812,0.708413205537808,0.8747537604169414,0.0020829556813662907,0.6664186490712254,0.5483828150122511,High,1,Extreme Hotspot
14,39.90812396000001,0.03713509152574231,0.08616187989556126,315.52691650390625,24.860854811978065,67.08224362894575,0.4383386581469649,0.7391358941273385,0.5058429270810096,0.7007012130536179,0.5528068217588628,High,2,Warm Zone
42,44.587393340000006,0.054051600629911364,0.09702165445332918,469.1857604980469,24.96179588703042,67.0738759794614,0.6327298544550937,0.7669317258560856,0.7522364678940885,0.68691910650655,0.6935746389352824,High,2,Warm Zone
20,43.162079000000006,0.05267605633802817,0.08754111779775343,258.4329833984375,24.86414985307047,67.04395882280822,0.5735179268725591,0.7646715433658813,0.4142922166166127,0.6989508264668014,0.5874711217014192,High,2,Warm Zone
67,48.10624493,0.09208681361758587,0.16693271580864802,3.0796000957489014,25.199026632782395,67.05998299899629,0.7789137380191686,0.8294280939579362,0.00483043338890627,0.5981951931976495,0.5568263562881144,High,1,Extreme Hotspot
114,51.61313345000002,0.13734155055255476,0.1506480375242858,2.500453472137451,25.134119414604676,67.06682630344653,0.9246006389776358,0.9037869965558192,0.0039017658060172176,0.6188620284073423,0.6301561522074,High,1,Extreme Hotspot
228,44.92235930000004,0.16430497352434775,0.12931859487080435,0.10616787523031235,25.1339437396891,67.45469052027046,0.6466453674121415,0.9480910999107061,6.250416246221603e-05,0.6459311585882799,0.530073669709734,High,1,Extreme Hotspot
78,48.422411780000004,0.09936688449461088,0.16371101100530314,8.409181594848633,25.059099746455065,67.15836900902288,0.7920482783102586,0.8413901142438631,0.013376472279223147,0.6022838488715502,0.5668287163047987,High,1,Extreme Hotspot
134,48.64800109999999,0.10025937683560258,0.18253341776324347,1.4828133583068848,25.089039222418577,67.29555871167416,0.8014199503017382,0.842856585061018,0.0022699693899925133,0.5783963902479613,0.5632432382769385,High,1,Extreme Hotspot
55,43.408176440000034,0.0510448891975504,0.12348695428744945,194.9879913330078,25.005886368346083,67.0759440326175,0.5837415690450842,0.7619913422038692,0.31255751762034134,0.6533320757469618,0.5566011235030918,High,2,Warm Zone
90,47.50980044000005,0.09341910696839273,0.1440775922574357,5.462625026702881,25.00820124245135,67.32001390637723,0.7541356052538174,0.8316172100199035,0.008651638438489902,0.6272005603213986,0.5539998452784147,High,1,Extreme Hotspot
71,50.862878060000014,0.11371650959245527,0.16099808127037846,1.2218867540359497,25.101823147477674,66.92808409934989,0.8934327298544549,0.864968250970192,0.0018515708894734004,0.6057268196682777,0.6087265862433346,High,1,Extreme Hotspot
8,47.44998509000004,0.05638450593964573,0.12492625368731565,36.84080123901367,24.876127809166,66.89975316128145,0.7516506922257731,0.7707649660966797,0.05896686755411955,0.651505465297862,0.5613178317529135,High,1,Extreme Hotspot
8,43.03048523000001,0.02273871744344061,0.14286943567514085,253.8346710205078,24.795283582258588,67.06932406181345,0.5680511182108625,0.7154809432724287,0.40691877530264636,0.6287338281304269,0.5620190482269563,High,2,Warm Zone
161,48.09086384,0.12582235577440615,0.13091121783521603,0.6678053140640259,25.173049377843654,67.17223782138903,0.7782747603833857,0.8848595926965224,0.0009630955870124655,0.6439099656741849,0.5730616100894228,High,1,Extreme Hotspot
5,33.58820498,-0.33811289658014004,0.5782560399888921,9.495514869689941,24.859824449560858,66.89396017586307,0.1757898473553423,0.12255892368303802,0.015118418887264949,0.07618602542065012,0.1077165873005389,Low,3,Cool Zone
61,47.81058619999999,0.07463539788078204,0.20406627172825406,2.7824647426605225,24.950528673541626,67.27510916930663,0.766631167909122,0.8007533471610889,0.004353973786288267,0.5510691113961225,0.5380677849636087,High,1,Extreme Hotspot
12,42.919399580000004,0.056030050698666775,0.08979499413321383,293.2529602050781,24.845800130186902,67.136654673877,0.563436279730209,0.7701825540769802,0.47012640847571985,0.6960904389298419,0.597651584908529,High,2,Warm Zone
47,47.502964399999996,0.07320689339230525,0.16457948473731868,24.526187896728516,24.856458809219937,67.35497831792443,0.7538516151934673,0.7984061447837572,0.03922025807640328,0.6011816715248385,0.551342966619019,High,1,Extreme Hotspot
7,43.032194240000024,0.08154890639986448,0.13416752594078907,127.18321228027344,24.837489250287685,67.09118946701146,0.56812211572595,0.8121130619975451,0.2038318552335492,0.6397773950556738,0.5279792484095338,High,1,Extreme Hotspot
107,47.04836774,0.08557519684245209,0.19281657712970063,4.82267427444458,25.050889043784448,67.26350171826306,0.7349662761803331,0.8187287349442552,0.007625470808327796,0.5653460642697283,0.5317714012697992,High,1,Extreme Hotspot
66,46.49806652000001,0.06875812942658747,0.07843118737545918,66.20301055908203,24.95842163680336,66.95910046975777,0.7121050763223283,0.7910962977088941,0.10604947297019506,0.7105122111943165,0.5721212856666775,High,1,Extreme Hotspot
66,49.46319887000004,0.054429831988109495,0.2456100782936494,0.927436113357544,25.118007091316485,66.94827139872923,0.835285764998226,0.7675532048575907,0.001379416250888468,0.49834599404139723,0.5492613395989306,High,1,Extreme Hotspot
4,31.29129554000002,-0.2866188812448224,0.4856325304963005,4.905852317810059,24.756148590346708,67.32970153637709,0.08036918707845293,0.2071697010298408,0.007758847658563019,0.19373423692354408,0.10390968928520689,Low,3,Cool Zone
12,52.44542132000004,0.12202625473681919,0.14746173203912882,33.750755310058594,24.896624593130376,66.90349469268767,0.9591764288249918,0.8786221482559264,0.05401194704372372,0.6229057589152218,0.653548032312361,High,1,Extreme Hotspot
109,50.34675704000006,0.12282084749486309,0.1549796661505215,15.341886520385742,25.0919976895921,67.18940432847945,0.8719914802981911,0.8799277584417788,0.024493136114599242,0.6133647718177561,0.6095819942777443,High,1,Extreme Hotspot
286,46.83986851999998,0.14917547816408436,0.13414110389525868,0.16917003691196442,25.166570733663693,67.49184527696426,0.7263045793397216,0.9232315438057707,0.00016352877837181034,0.6398109271925293,0.5570096309398531,High,1,Extreme Hotspot
51,46.657004450000045,0.07633557792874793,0.13666609872120183,32.66127014160156,24.966074210690657,67.13758752322036,0.7187078452254183,0.8035469447190028,0.05226494634176804,0.6366064640117488,0.5484027091858096,High,1,Extreme Hotspot
64,43.86960914000002,0.04627112840901956,0.24715374353538852,2.681485891342163,24.9360051018536,67.31909576410649,0.6029108981185661,0.7541474867858153,0.004192053156945794,0.4963869332228248,0.45461188219910015,Medium,0,Moderate Zone
251,44.474598679999986,0.1712218306273875,0.12978028915684225,0.2561495006084442,25.135679304771926,67.41552051063731,0.6280440184593526,0.9594563168679388,0.0003030012453065188,0.64534522378747,0.5242808499827525,High,1,Extreme Hotspot
141,48.87359042000003,0.10162936575000962,0.19079222553749198,3.1506214141845703,25.141184440447308,67.18053571177592,0.8107916222932201,0.8451076394068419,0.0049443168053612645,0.5679151626597673,0.5659019065616081,High,1,Extreme Hotspot
67,51.49521176000002,0.11095346998701221,0.11756067912709013,9.858829498291016,25.040944072556663,67.03441020279631,0.9197018104366346,0.8604282490430906,0.01570099764058175,0.6608530933567511,0.6330408296126131,High,1,Extreme Hotspot
3,31.128939590000016,-0.20245588400584452,0.18478629520678297,2.9329769611358643,24.783174285394008,67.28939420445943,0.07362442314519038,0.3454594920639197,0.004595321680635209,0.5755372704016715,0.1975249775681572,Low,3,Cool Zone
6,32.32353757999999,-0.3647605221015984,0.5866318826831102,12.23099136352539,24.827555542694018,66.94788117754005,0.12325168619098278,0.07877371301078541,0.01950478365226841,0.06555626917487034,0.07910418117605209,Low,3,Cool Zone
114,49.581120560000045,0.10386266094420608,0.17573474001507153,0.5247961282730103,24.966246091723917,67.43879157439254,0.8401845935392271,0.8487772084081204,0.000733778882943109,0.5870245713032911,0.580978777658303,High,1,Extreme Hotspot
219,44.39598422000006,0.11930230533549384,0.07804717068693477,0.597498893737793,25.14943653695898,67.38322271505793,0.624778132765355,0.874146376172536,0.0008503585170476953,0.7109995655946258,0.5234457122802095,High,1,Extreme Hotspot
2,33.097719110000014,-0.3548110133276094,0.46840486775261936,0.6606718897819519,24.75849814024458,67.28236591338954,0.15541356052538194,0.09512193651023859,0.0009516570676191449,0.21559781081518903,0.11979119111663115,Low,3,Cool Zone
58,49.12994192000002,0.09747073771247257,0.12751302517034496,7.1280364990234375,24.97327271452926,67.19553101493035,0.8214412495562656,0.8382745200887822,0.011322142907412187,0.6482226015512547,0.5867927338729275,High,1,Extreme Hotspot
59,47.76273392000002,0.1015455074045094,0.10594586952487829,59.815330505371094,25.01666290141088,67.07796865626467,0.7646432374866879,0.8449698501947639,0.09580676213687048,0.6755934125604393,0.5916731455701952,High,1,Extreme Hotspot
231,45.60083627000006,0.15492437207720075,0.14156849507416402,0.4549954831600189,25.09152836028068,66.86636545172942,0.6748313809016702,0.9326776586543727,0.0006218528287481231,0.6303848478526775,0.5360666339365465,High,1,Extreme Hotspot
147,46.69631168000001,0.11577803392063235,0.11553642505172709,2.104814052581787,25.078072359083993,67.3026716616919,0.7203407880724171,0.8683555800567002,0.00326735391708443,0.6634220679884606,0.5518909043144351,High,1,Extreme Hotspot
31,48.00541334000002,0.11472643877998273,0.18962759599673712,9.130937576293945,25.011344177520883,66.91288088751213,0.774724884629038,0.8666276844609675,0.014533815437929396,0.5693931904340238,0.5573961984670475,High,1,Extreme Hotspot
126,49.47857996000005,0.11842514203309343,0.17894579339811637,3.8638923168182373,25.10752947731274,67.2258284838182,0.835924742634009,0.8727050927846918,0.006088054052698304,0.5829494333141887,0.5833875611473197,High,1,Extreme Hotspot
144,46.35280067000002,0.09897229973456739,0.16487973990206733,0.9120249152183533,25.087819268118334,67.38620184630011,0.7060702875399363,0.8407417646626724,0.0013547042357581712,0.6008006186171688,0.5290381794977487,High,1,Extreme Hotspot
8,41.12323006999998,0.016816419291730618,0.19621299582389082,11.069595336914062,24.793183517624737,67.35982575176781,0.48881789137380044,0.7057499046841048,0.01764247314774634,0.5610356797334031,0.41800739648575314,Medium,0,Moderate Zone
250,45.74439311000003,0.19258868077169408,0.18284143470889366,0.336740642786026,25.13989972113748,66.88316374141142,0.6807951721689748,0.9945645869919522,0.0004322299728118607,0.5780054868879816,0.5372119117871821,High,1,Extreme Hotspot
76,49.300842920000036,0.11094276474977949,0.1528367633187859,0.46222057938575745,25.1350092301752,66.9674073804754,0.8285410010649634,0.8604106590680607,0.0006334383450483942,0.6160843232218751,0.5838532235168317,High,1,Extreme Hotspot
146,50.09724158000006,0.11575987110046201,0.13914665298165924,1.7702033519744873,25.137648301398222,67.21339478169202,0.8616258430954933,0.8683257363880055,0.002730802208289058,0.6334584002161745,0.6022735782917054,High,1,Extreme Hotspot
4,46.31349344,0.0766038266741699,0.08564116583542572,20.443063735961914,24.87089277469721,66.89448971633884,0.7044373446929352,0.8039877092374552,0.032672926381072574,0.7013620496685189,0.5508137357917642,High,1,Extreme Hotspot
91,48.62407496000003,0.11175039125754242,0.12588005962618973,4.427903175354004,25.039088914717645,67.21060996515767,0.8004259850905223,0.8617376852512536,0.00699245128021455,0.650294993109433,0.5812381582658372,High,1,Extreme Hotspot
62,48.39164960000005,0.08775554090593403,0.17261880485959125,25.243133544921875,25.04063675488775,67.0793007063186,0.790770323038695,0.8223112989547212,0.040369887816137796,0.5909789950418453,0.5679430950210897,High,1,Extreme Hotspot
33,43.82859289999999,0.03662087143221155,0.12309475345013976,562.3780517578125,24.923373767952185,67.03340123046618,0.6012069577564775,0.7382909694975992,0.9016712678907159,0.6538298166253658,0.7074102088249831,High,2,Warm Zone
97,50.82527984000001,0.1375278994545433,0.11594057418189119,4.702113151550293,25.11075393198065,67.10539369711529,0.8918707845225412,0.9040931899134803,0.00743214980458878,0.6629091635682817,0.6268021624608421,High,1,Extreme Hotspot
114,46.69289365999998,-0.004900221227245009,0.315886002422325,9.173206329345703,25.063160760896523,67.26433803660797,0.720198793042242,0.6700668874692605,0.014601593819306346,0.409159034507116,0.47407175569353566,Medium,0,Moderate Zone
54,45.86744183000002,0.029536813985743527,0.23835442623693712,1.0465340614318848,25.16295120846966,67.01497750854455,0.6859069932552362,0.72665102253654,0.0015703910387160273,0.5075541197885872,0.48526387239997193,Medium,0,Moderate Zone
22,42.85787521999998,0.037795808279293706,0.11341783104235019,470.30078125,24.898811772355934,67.0323571097791,0.5608803691870772,0.7402215301524184,0.7540244151674929,0.6661107691407628,0.6571136348177194,High,2,Warm Zone
53,42.04951348999998,-0.07930021316229137,0.3935838371014694,5.495718955993652,24.881181934434597,67.33308914959511,0.5272985445509394,0.5478188726032956,0.008704704895359003,0.3105529510817038,0.35737901515105064,Medium,0,Moderate Zone
25,42.885219380000024,0.032618954543392954,0.12031555225396257,475.90850830078125,24.903131263245175,67.03423933705025,0.5620163294284704,0.7317153451918363,0.7630164633180566,0.657356892330087,0.6567893278456951,High,2,Warm Zone
3,42.62203183999998,0.05922586777964263,0.08800377901359159,156.4404296875,24.827409908081606,67.1139546290821,0.5510827121050748,0.7754336607486734,0.2507461050347483,0.6983636645383509,0.5391073931206882,High,2,Warm Zone
68,44.28831659000002,0.0439999195981368,0.19924813753581655,3.6069211959838867,24.89549459985411,67.33591797161316,0.6203052893148743,0.7504156212135865,0.0056759982106571166,0.5571837907059932,0.47354021660185064,Medium,0,Moderate Zone
34,38.91518915000006,-0.09333225359098683,0.37190426956130745,13.577054977416992,24.839641851904464,67.29387285352459,0.3970891018814362,0.5247625651721797,0.021663210537212617,0.338066423681293,0.3105791128989632,Medium,0,Moderate Zone
75,47.092802000000006,0.06471539093227291,0.18837701763480927,3.2570738792419434,24.956853193122235,67.34557878300738,0.7368122115725945,0.7844535986615119,0.0051150144307759585,0.5709802955933311,0.5278677371546248,High,1,Extreme Hotspot
137,47.26712101999999,0.09769289107092959,0.11170945214910988,0.5807771682739258,24.942473468755324,67.41487841448607,0.744053958111465,0.838639544416888,0.0008235450578386467,0.6682788675487135,0.5572791746813216,High,1,Extreme Hotspot
56,47.109892100000025,0.10224962707954328,0.20817362974319678,0.8889044523239136,24.868343015843017,67.48057784586675,0.7375221867234649,0.8461268023699213,0.0013176303350979812,0.5458564759507207,0.5314285978187928,High,1,Extreme Hotspot
113,49.68707918000001,0.13723575782369984,0.11843981745579017,3.161710500717163,25.12020527874199,67.06275503705727,0.8445864394746181,0.9036131665492104,0.0049620982699624975,0.6597373816031321,0.6065645516603458,High,1,Extreme Hotspot
94,49.304260940000006,0.11260237354676864,0.1257056312818394,4.426177501678467,25.057079541431197,67.2096257086823,0.8286829960951361,0.8631375932465366,0.00698968414468137,0.6505163595856777,0.5927945303783408,High,1,Extreme Hotspot
79,46.52882870000002,0.08457726385343133,0.14322151112361398,1.5717129707336426,24.911142010658267,67.33133463567623,0.7133830315938943,0.8170890126310654,0.0024125208352160274,0.6282870102597932,0.5341770967929801,High,1,Extreme Hotspot
43,50.245925450000016,0.0795396931412333,0.21971584471863362,16.832143783569336,25.037729411736578,67.0039544185057,0.867802626908058,0.8088116862054014,0.026882779003050333,0.5312082863649759,0.5814051557177912,High,1,Extreme Hotspot
325,45.814462520000006,0.1875103530806897,0.12605590135408562,0.1362597793340683,25.19673263329334,67.36144563486076,0.6837060702875395,0.9862202920139885,0.00011075684098825504,0.6500718329124704,0.5514575277098552,High,1,Extreme Hotspot
56,52.03184090000002,0.12815480785993572,0.11433482588120458,3.318516969680786,25.14656331351091,67.03058507159628,0.9419950301739438,0.8886920882359693,0.005213539059871189,0.6649470138063427,0.6443946128312092,High,1,Extreme Hotspot
138,49.832345030000056,0.1682146583459653,0.15480085163836532,0.4300929605960846,25.095277929905638,66.85009687137415,0.8506212282570125,0.9545151759860316,0.0005819213770320127,0.6135917047660957,0.6062895889981869,High,1,Extreme Hotspot
70,48.704398430000026,0.07811667724604794,0.15508352061682024,15.274007797241211,25.045494294008865,67.13061101094223,0.8037628682996099,0.8064735022381102,0.02438429188209877,0.6132329704334543,0.571218839712776,High,1,Extreme Hotspot
8,42.539999360000024,0.05768564526768894,0.08558088166951885,314.50201416015625,24.87388290076564,66.9961908921991,0.5476748313809021,0.7729028924025881,0.5041994856044238,0.7014385561183729,0.6013429490375296,High,2,Warm Zone
25,51.748145239999985,0.1177299654253562,0.1709933407054857,4.539633750915527,25.01836950688989,66.86176606999207,0.9302094426695051,0.8715628351302646,0.007171612410248411,0.593041866608944,0.6232194787616926,High,1,Extreme Hotspot
45,46.668967520000024,0.04663914990778968,0.22489709705372618,4.2172698974609375,24.956074243761044,67.24943305440206,0.7192048278310262,0.7547521897768038,0.006654698647146994,0.5246327749351909,0.507484989247756,High,1,Extreme Hotspot
2,32.31328352000003,-0.3222904327166698,0.42083370525752034,1.072455883026123,24.7661379430552,67.26149673850392,0.12282570110046237,0.14855710926464907,0.0016119569469378336,0.27597022707371677,0.1270108814813601,Low,3,Cool Zone
154,47.11672814000002,0.11884184858257783,0.15595276551451848,0.6675457954406738,25.118737495916783,67.29764756317647,0.7378061767838127,0.8733897910908499,0.0009626794462238684,0.6121298144027425,0.5487975721192571,High,1,Extreme Hotspot
42,45.71704895000005,0.1216615717080472,0.1327951044396309,1.6201444864273071,24.858592747186023,67.4493155425182,0.6796592119275838,0.8780229307672793,0.0024901812700372163,0.6415191309688671,0.5324934958974082,High,1,Extreme Hotspot
69,45.53931191000004,0.05976815451367749,0.1474107230671055,58.78748321533203,24.983799424855228,67.02806138034413,0.6722754703585383,0.7763247021990781,0.09415859840854314,0.622970494244997,0.5334926419244123,High,1,Extreme Hotspot
79,45.520512800000006,0.057007308067361255,0.15437543870630263,64.91416931152344,25.02211671410798,67.16910649172398,0.6714944976925803,0.7717883038926567,0.10398280273971997,0.6141315950119752,0.5331880643482557,High,1,Extreme Hotspot
13,42.81344095999998,0.06216872086340131,0.07574259238911474,213.26287841796875,24.880966518837592,66.98726236447052,0.5590344337948158,0.7802691175568645,0.34186148750439455,0.7139242988363391,0.5689043727948224,High,2,Warm Zone
64,46.03663382000002,-0.02037582961549976,0.3112613639241308,18.470138549804688,25.000491471528875,67.14718528903478,0.6929357472488464,0.6446386265904303,0.029509320501054898,0.41502814902553786,0.4642530528184744,Medium,0,Moderate Zone
10,43.879863200000045,0.05725179488094606,0.10521581270585834,174.87184143066406,24.856685242207757,67.13025488696033,0.603336883209089,0.7721900247375695,0.28030106382224984,0.676519925427868,0.5625425080354072,High,2,Warm Zone
58,42.16230815000006,-0.11019494530870434,0.4225384415695704,5.297329902648926,24.88787852437809,67.34739474677131,0.5319843805466827,0.49705516179520876,0.00838658600261225,0.2738067514543704,0.3442100232794815,Medium,0,Moderate Zone
33,44.37205807999999,0.01713012078681765,0.14699317935291872,26.517539978027344,24.843058939748456,67.33803251767307,0.6237841675541345,0.7062653534635664,0.04241341167279128,0.6235003976906319,0.49075690249751297,Medium,1,Extreme Hotspot
83,46.67922157999999,0.0734123446837867,0.10470381665280469,232.81568908691406,24.96711535810458,67.04486240707486,0.7196308129215466,0.7987437256339968,0.37321462103280306,0.6771696980467495,0.6364014788812689,High,2,Warm Zone
137,46.915064959999995,0.09851247457469643,0.1424702696338161,0.40424400568008423,24.987078138820983,67.45902172679028,0.7294284700035489,0.8399862173633027,0.0005404723112801329,0.62924040852786,0.5437525203893071,High,1,Extreme Hotspot
13,51.01497995,0.12663585922039552,0.19276833384473763,8.952669143676758,24.892477581792402,66.85540767576506,0.8997515086971947,0.886196275386564,0.014247960167995037,0.5654072896745472,0.6094734927637706,High,1,Extreme Hotspot
12,43.442356640000014,0.050579903520476234,0.09385032903489014,438.08740234375,24.84345952447887,67.01913079846554,0.5851615193468228,0.7612273155624006,0.7023699299198559,0.6909438258577532,0.6620299527246039,High,2,Warm Zone
212,45.780282320000026,0.17165373780942556,0.12401296918207778,0.17357371747493744,25.18875029004441,67.454678978989,0.6822861199858009,0.9601659916170516,0.00017059012556352833,0.6526645118592818,0.5475148966401253,High,1,Extreme Hotspot
110,45.39404606000005,0.02035224496137174,0.3030499431716778,0.8125268220901489,24.9554607857009,67.41950384933057,0.6662406815761462,0.7115596858115425,0.0011951580174425981,0.4254492378898699,0.4586188625845245,Medium,0,Moderate Zone
90,50.08356950000001,0.11766385600299344,0.1563317274604267,6.077475070953369,25.0957249905079,67.1065386751497,0.8610578629747955,0.8714542095049439,0.00963755682453303,0.6116488749607671,0.5998804408139464,High,1,Extreme Hotspot
31,45.91016708000001,0.1290547804967895,0.16382764384000742,10.603670120239258,24.82890911294031,67.194300254631,0.68768193113241,0.890170850066819,0.016895357258374016,0.60213583049914,0.5332494053774084,High,1,Extreme Hotspot
10,40.59856400000001,0.0696618887858055,0.07302568500770679,195.9459686279297,24.81672994667433,67.11456766647295,0.46702165424210146,0.7925812815739111,0.31409364409102686,0.7173723176520056,0.5276937284860851,High,2,Warm Zone
60,44.8881791,0.061842405227141885,0.10975615330118617,199.23965454101562,25.021278203055473,67.06467976514726,0.6452254171104006,0.7797329422466942,0.31937510341583053,0.6707577931191429,0.5890454426589506,High,2,Warm Zone
180,47.239776860000006,0.14618299430818255,0.1185311344659993,0.6115365028381348,25.183004028256224,67.18550855264773,0.7429179978700741,0.9183145377498854,0.0008728679679902978,0.6596214914658582,0.5670568950956817,High,1,Extreme Hotspot
28,45.38037398000006,0.05931519151074745,0.14636331918503812,2.1261119842529297,24.81860107839324,67.46920790490778,0.6656727014554508,0.7755804302378088,0.0033015053701348504,0.6242997512957467,0.5082914717195346,High,1,Extreme Hotspot
106,46.15284650000001,0.05761496612425887,0.16646411348744675,0.9516202211380005,24.970645228121544,67.42478239501995,0.6977635782747601,0.7727867581833224,0.0014181957170912663,0.5987898949646746,0.5151359729596102,High,1,Extreme Hotspot
51,45.011227820000045,0.060858249735278765,0.08700809686707842,120.35456848144531,24.952827211198773,66.99445053503165,0.6503372381966643,0.7781158579961375,0.19288205448788762,0.6996272816933169,0.5649982439387216,High,1,Extreme Hotspot
71,49.16412212,0.12549581940049634,0.10049087011719864,20.845396041870117,25.05903664967286,67.09666076283101,0.8228611998580042,0.8843230546882003,0.03331807038228602,0.6825163355595228,0.6066257228539078,High,1,Extreme Hotspot
13,42.62374084999999,0.0008877131446501367,0.23949013479195144,159.87826538085938,24.86298685370312,67.14822014111012,0.5511537096201623,0.679577150424079,0.2562587100186352,0.5061127955485341,0.4876852930260424,Medium,0,Moderate Zone
81,49.796455820000006,0.12513428090634188,0.10862722880569056,19.59540557861328,25.07680523591614,67.09619148548131,0.849130280440184,0.8837290040430523,0.031313697785052524,0.6721905077300909,0.6144779887748127,High,1,Extreme Hotspot
274,44.842035829999986,0.1605483882698474,0.16144632514198953,0.15803176164627075,25.10480393817328,66.86471668093654,0.6433084842030516,0.9419185845905654,0.00014566843912983577,0.6051579547471184,0.5196791894290116,High,1,Extreme Hotspot
168,45.752938159999985,0.0926443282576656,0.10925873283948975,1.9544888734817505,25.047560287221195,67.31800564607495,0.6811501597444076,0.8303441566648778,0.003026305942304464,0.6713890678997863,0.5320460774630281,High,1,Extreme Hotspot
94,50.500567939999996,0.09263535264402303,0.18571107146874952,3.0767428874969482,25.097016817524093,67.12762131439659,0.8783812566560161,0.8303294086666393,0.004825851826011876,0.574363639687072,0.5919811048563197,High,1,Extreme Hotspot
51,43.92942449000003,0.05824222936763139,0.08182980012263022,103.72785949707031,24.94101116368759,67.0013132795542,0.6053958111466106,0.7738174261216688,0.16622095518347657,0.7061990421920898,0.5410259856111816,High,1,Extreme Hotspot
7,41.33685632000004,0.02968999267020218,0.12190477140051155,212.28575134277344,24.78450277973013,67.05493465661662,0.49769258075967443,0.7269027132909046,0.34029465416357574,0.6553400191907903,0.5242541066765575,High,2,Warm Zone
46,46.88772080000001,0.08761353139761545,0.17554529668374905,22.05755615234375,24.943385335188484,67.18737677949267,0.7282925097621581,0.8220779604820613,0.035261781618740204,0.5872649932533996,0.5408971420325375,High,1,Extreme Hotspot
137,46.52541068000005,0.07867788031391393,0.19736349602553224,1.7713932991027832,25.078316429693125,67.38712960685754,0.7132410365637216,0.8073956254695644,0.0027327103007795386,0.5595755834600321,0.5190040527131247,High,1,Extreme Hotspot
38,48.90606161000005,0.043383441688975205,0.2736012616583287,9.607973098754883,25.060059801275465,66.98610540135192,0.8121405750798736,0.7494026748591094,0.015298746817194812,0.4628224691782977,0.5336558118007741,High,1,Extreme Hotspot
47,44.43016441999998,-0.05302567065187628,0.3312024280938041,9.101533889770508,24.922603591061954,67.26681516824537,0.6261980830670913,0.5909910636193086,0.014486666323390022,0.38972100571547974,0.42069376049367635,Medium,0,Moderate Zone
110,50.55183824000005,0.13961740397417538,0.1505874843575466,3.53635835647583,25.078261773758893,67.22419134893013,0.8805111821086276,0.9075264937746083,0.005562849969890199,0.6189388762453265,0.6135119346511801,High,1,Extreme Hotspot
67,45.38721002,0.0687390417649246,0.09742764808723159,73.24211120605469,24.958486828649548,66.97368269841381,0.6659566915157962,0.7910649344158878,0.11733674344200314,0.6864038612323402,0.5516573748756705,High,1,Extreme Hotspot
141,47.57132480000001,0.1120063324182765,0.17123969292010235,0.5073332786560059,24.958930564969034,67.46333933583806,0.7566915157969469,0.8621582269476766,0.0007057770235123292,0.5927292217697817,0.5507226289707647,High,1,Extreme Hotspot
9,42.42036866000001,0.08477769832351514,0.09207140341847919,295.93463134765625,24.83717039745478,67.10361421492567,0.5427050053248134,0.8174183502484652,0.47442649580516294,0.6932014548954707,0.59694166959758,High,2,Warm Zone
85,49.731513440000015,0.09984113575766422,0.16736467692418666,11.438179016113281,25.064900334481866,67.05853783424223,0.8464323748668795,0.8421693653425267,0.01823350087802961,0.5976469926722265,0.5889861285020835,High,1,Extreme Hotspot
189,45.29150546000005,0.13498748620791737,0.13581846504492143,0.8648957014083862,25.14877551438357,66.91449573805177,0.661980830670928,0.8999189895102014,0.0012791320554363067,0.637682193307715,0.5276364023703035,High,1,Extreme Hotspot
23,46.03492481000001,0.08506202849298693,0.19803359574374932,1.2734458446502686,25.027364918683226,66.94240918672236,0.6928647497337589,0.817885538454813,0.001934246422930159,0.5587251619651382,0.5120573246604857,High,1,Extreme Hotspot
31,42.50581915999999,-0.014241287722061359,0.19652960750763682,281.58709716796875,24.867652150669578,67.04867367516755,0.5462548810791611,0.6547184068307247,0.45142007680200635,0.5606338688176955,0.5416915064203138,High,2,Warm Zone
30,44.48143472000004,0.08668281595789216,0.154601563312256,3.0902726650238037,24.823202725998993,67.46951486677584,0.6283280085197027,0.8205486845782332,0.004847546963789837,0.6138446209688598,0.4983943170293355,Medium,1,Extreme Hotspot
115,47.205596660000026,0.07787420609300151,0.19166998146944403,1.6768429279327393,25.025747491759684,67.41652274855872,0.7414980475683355,0.8060750933626353,0.0025810978056428034,0.5668012053016165,0.5315159985434634,High,1,Extreme Hotspot
57,48.92486072000003,0.1384598218955502,0.149299967440346,1.654043436050415,24.882358417493577,67.45327397352295,0.8129215477458293,0.9056244490636373,0.0025445385853102654,0.6205728600117132,0.5857629931065476,High,1,Extreme Hotspot
115,48.21049454000001,0.08710669471759165,0.18124465602107548,0.489353746175766,24.972932491411186,67.43479299357436,0.7832445864394744,0.8212451676768112,0.0006769466577825247,0.5800319538178919,0.5526602371553354,High,1,Extreme Hotspot
158,46.08790412000002,0.11554621848739494,0.10184611920977103,0.7387550473213196,25.092208875644975,67.3663002909831,0.6950656727014556,0.8679746797932524,0.001076864215895777,0.6807963930973389,0.5446509657230119,High,1,Extreme Hotspot
33,41.02581650000002,0.048559960105622,0.08623988501348659,63.97328186035156,24.83984454058664,67.19953027991669,0.4847710330138448,0.7579083088503692,0.1024740800097112,0.7006022169979682,0.4733336229351148,Medium,1,Extreme Hotspot
88,49.697333240000034,0.1188521714726724,0.13533841383487474,7.368523120880127,25.055279935823975,67.04003268942353,0.8450124245651408,0.8734067528241637,0.011707765685361143,0.6382914248244208,0.5996012091359053,High,1,Extreme Hotspot
37,44.56346719999999,0.06183140165642489,0.11228248998907901,56.09076690673828,24.952264441953762,67.1051404849542,0.6317358892438755,0.7797148620743499,0.08983438600025424,0.6675516269854822,0.5256205069058627,High,1,Extreme Hotspot
11,41.35052840000003,-0.009886507119231334,0.33237318892761475,2.085886001586914,24.787861714535076,67.49603674297892,0.4982605608803699,0.6618738280885328,0.003237002592135668,0.3882351967360318,0.37704158856066816,Medium,0,Moderate Zone
132,48.38994059000004,0.1519454255705804,0.13450691933674103,2.8016715049743652,25.141241931392308,67.06639841978453,0.7906993255236074,0.9277828960696647,0.004384772027710956,0.6393466719389553,0.5844126920146115,High,1,Extreme Hotspot
172,48.52495238000006,0.11122869691816445,0.1573744374078942,0.4458601176738739,25.166212494559176,67.23078738597908,0.7963081292154791,0.8608804795487119,0.0006072041759908585,0.6103255749680058,0.5698722396560973,High,1,Extreme Hotspot
72,48.74199665000003,0.08444588539073439,0.1131210890482794,45.643470764160156,24.976772863247884,66.95518046035474,0.8053248136315235,0.8168731422278149,0.07308203890729549,0.666487363494312,0.5962288792124679,High,1,Extreme Hotspot
77,48.76250477000002,0.1447921285909352,0.144338467051867,12.757644653320312,24.948312643511333,66.8996451120734,0.8061767838125666,0.9160291803398058,0.02034927763309242,0.6268694849207841,0.5903363069684274,High,1,Extreme Hotspot
43,43.54489724000001,-0.10536771503314259,0.4717528624254932,1.338597059249878,25.068667207320036,66.94337024990057,0.589421370252041,0.5049868739250098,0.002038717067353871,0.21134888105563365,0.3542960346675331,Medium,0,Moderate Zone
72,50.358720110000036,0.13002868471802065,0.1301969126843558,0.24309851229190826,25.140286064660224,66.9782408112396,0.872488462903799,0.8917710902633373,0.0002820738509643875,0.6448164881479166,0.6117948647933447,High,1,Extreme Hotspot
93,47.29617418999999,0.09506737330700746,0.15029148613899754,2.391892671585083,25.01979373752561,67.33750231626654,0.7452609158679434,0.8343255071934027,0.0037276874428959876,0.6193145266756448,0.5480480196220407,High,1,Extreme Hotspot
33,43.33298000000002,-0.044378675182055405,0.40250707304190475,2.0989086627960205,25.05131089458488,66.92122173824438,0.5806176783812569,0.6051991032070475,0.003257884563668938,0.2992284997478831,0.3836871079240538,Medium,0,Moderate Zone
98,45.78540935000001,0.009119981049390059,0.2894106980961016,2.2661962509155273,24.991450524382962,67.37826610408942,0.6824991125310611,0.6931037434118558,0.003526131936221194,0.442758761936914,0.466398491895641,Medium,0,Moderate Zone
50,43.213349300000004,0.001431402365345901,0.31451644479248236,1.7023632526397705,24.856582235797404,67.48015873309274,0.5756478523251682,0.6804704963264832,0.002622019909465898,0.4108971358900162,0.4151646475344095,Medium,0,Moderate Zone
70,45.54102092000005,0.05636677131163717,0.23726980422219884,3.332132577896118,25.145574187481053,67.04700625384243,0.6723464678736258,0.7707358259985151,0.005235371828043175,0.5089306102572337,0.48764392605768514,Medium,0,Moderate Zone
24,45.68115974,0.07939223425707395,0.13269144610598751,25.385299682617188,24.90308305821883,67.13880177351494,0.6781682641107554,0.8085693937616258,0.040597852683892516,0.6416506834418181,0.5310323145678828,High,1,Extreme Hotspot
26,45.917003120000004,0.0642853704327733,0.25184999130552393,62.443450927734375,24.911217193621315,66.94827516624261,0.6879659211927577,0.7837470239556787,0.1000209803342555,0.4904269395972536,0.5158390550734695,High,0,Moderate Zone
51,43.04415731000006,-0.007389896088965044,0.2686764607543559,3.162182331085205,25.170664460773356,67.02375615333199,0.5686190983315603,0.6659760562528715,0.004962854854822979,0.46907251888426515,0.42239926526111365,Medium,0,Moderate Zone
91,51.18929896999998,0.11524426133019434,0.1529779932239642,4.136438846588135,25.10584924466309,67.06881895043415,0.9069932552360651,0.8674785283544919,0.006525085223575022,0.6159050887828501,0.6177313704100637,High,1,Extreme Hotspot
7,40.619072120000055,0.018477839514149153,0.14969484101016312,363.9970703125,24.794769664277304,67.05063067740586,0.46787362442314695,0.7084798152495005,0.5835653185179084,0.6200717271766905,0.563327097121499,High,2,Warm Zone
57,41.67353129000003,-0.046857014027838956,0.37156230384931094,3.9154796600341797,24.885041683283035,67.33715132862069,0.5116790912318075,0.6011268984099455,0.006170774889493096,0.3385004113164055,0.3640834472398692,Medium,0,Moderate Zone
100,48.487354159999995,0.08252071157710567,0.15814557879048294,2.830845594406128,25.038891670086276,67.25707586885336,0.7947461838835631,0.8137098532157204,0.004431552980946316,0.6093469218070993,0.5629322241424397,High,1,Extreme Hotspot
133,48.98296706000002,0.11410333786230534,0.13348092694876826,1.4512076377868652,25.132299137344567,67.17182246580731,0.815335463258786,0.8656038557176294,0.0022192892912331267,0.640648755728292,0.5846593371296256,High,1,Extreme Hotspot
114,45.653815580000014,0.034604471642412114,0.260282183480138,9.32191276550293,25.067905613671762,67.2644351814875,0.6770323038693645,0.7349777853820104,0.014840046123085687,0.47972567039892067,0.48071473496560296,Medium,0,Moderate Zone
24,45.749520140000016,0.07957855177504865,0.14947255497943857,2.562777042388916,24.81652552410404,67.38953651131415,0.681008164714235,0.8088755355516283,0.004001702293571143,0.6203538296957691,0.5188057877309848,High,1,Extreme Hotspot
117,50.16218395999999,0.11935879936927003,0.1415206757122487,0.8908704519271851,25.13427281692,67.13129277113877,0.8643237486687955,0.8742392025734708,0.0013207828357344278,0.630445535258058,0.6032846826140841,High,1,Extreme Hotspot
110,48.046429579999995,0.0871136194331381,0.18245059326581342,1.809859275817871,24.998313398448833,67.40277473824388,0.7764288249911243,0.8212565458061235,0.002794390891087932,0.5785015025633429,0.5501589101028088,High,1,Extreme Hotspot
39,45.55127498000002,0.10111985204626273,0.1684365429741876,2.2936818599700928,24.84838685372476,67.4592438299552,0.6727724529641462,0.844270447933966,0.003570205393760785,0.5962866907592617,0.515899437876046,High,1,Extreme Hotspot
103,49.191466279999986,0.10819738562894106,0.14339806818808015,5.442742824554443,25.123878315112172,67.10464781240341,0.8239971600993952,0.8558996754127133,0.008619757122327576,0.6280629422313855,0.5857513430785241,High,1,Extreme Hotspot
84,48.05326562000005,0.04731835102716119,0.22681947610096262,5.953314781188965,24.99043278129853,67.34235794580032,0.7767128150514744,0.7558681978082348,0.009438464519604615,0.5221930895888767,0.5308635897395014,High,1,Extreme Hotspot
121,46.44679622000001,0.10467445124763121,0.13148939066514645,1.398355484008789,25.042518019468993,67.41275925691332,0.7099751508697193,0.8501110762016519,0.002134540317659734,0.6431762083109605,0.5406755985197426,High,1,Extreme Hotspot
29,47.38846073000002,0.09368614351803936,0.12502451969579786,20.338035583496094,25.02900884310641,66.86938554450649,0.7490947816826412,0.8320559827568611,0.03250451265558538,0.6513807562082164,0.5628485894921252,High,1,Extreme Hotspot
281,44.37889412000004,0.18138523804756668,0.1608428481615932,0.21441638469696045,25.199457312041105,67.26187604964538,0.6240681576144845,0.9761560012237599,0.00023608176360727322,0.6059238255300046,0.5172944487762605,High,1,Extreme Hotspot
172,46.320329480000055,0.08974424886203212,0.10955245753070708,0.7060390710830688,25.064494294473487,67.32863812055827,0.7047213347532852,0.8255789821016951,0.0010244038106436947,0.671016302796024,0.5401847427284341,High,1,Extreme Hotspot
9,40.07218892000003,0.001043010797016966,0.15389816948894255,250.05096435546875,24.86068165922414,67.07653465058216,0.44515441959531493,0.6798323228941481,0.4008515626491881,0.6147372959103043,0.503196966116606,High,2,Warm Zone
44,44.79589256000003,0.014159868482273151,0.2917811907798139,6.388060569763184,24.856554632818682,67.37900510104635,0.6413915512957051,0.7013848764845013,0.010135583874507874,0.4397503769504505,0.4522483233496743,Medium,0,Moderate Zone
85,48.00712235000003,0.08486426358387814,0.18768986865296225,1.8108398914337158,24.970203884343928,67.34535877084194,0.7747958821441255,0.8175605872428586,0.002795963318339655,0.5718523542563492,0.5476219026249338,High,1,Extreme Hotspot
15,44.90014216999998,0.08583254449950813,0.11209055213227875,4.360078811645508,24.802994503170858,67.41328949265834,0.6457223997160085,0.8191515876810267,0.006883694213630294,0.6677952147302153,0.5164416645380081,High,1,Extreme Hotspot
26,43.96189568,0.046485035298796884,0.08342159894928615,487.4648132324219,24.911008124941556,67.06565071979566,0.6067447639332616,0.7544989611873752,0.7815471174399317,0.7041788951886903,0.6920953081491319,High,2,Warm Zone
14,43.02535820000003,0.030367546210662642,0.09850690098561082,376.80645751953125,24.863604785555808,67.0095623083693,0.5678381256656022,0.7280160141546871,0.6041053029896549,0.6850341846927793,0.6243708150754136,High,2,Warm Zone
15,43.538061200000016,0.04281132656904482,0.14302458703592655,154.1536407470703,24.876758209539098,67.11840094359731,0.5891373801916934,0.7484626218313167,0.24707921538831737,0.6285369260148354,0.5354015344014214,High,2,Warm Zone
38,46.20753481999998,0.11026340447683496,0.23729824581723838,4.21115255355835,24.843361363471185,67.46982686014267,0.7000354987575419,0.8592943895284244,0.0066448894231195925,0.5088945151162971,0.5123484833113198,High,1,Extreme Hotspot
52,44.901851179999994,-0.022756876867672988,0.24941720785733065,19.242656707763672,24.964082457594003,67.15567123223617,0.645793397231096,0.6407262834260069,0.030748061333240057,0.4935143776016605,0.4608161922599815,Medium,0,Moderate Zone
64,44.26780846999998,0.05350301495819024,0.08254289558601147,303.8031311035156,25.003391964615364,67.04708422728368,0.6194533191338287,0.7660303345036461,0.4870437163005024,0.7052940549290236,0.6255056178900087,High,2,Warm Zone
61,45.956310350000024,0.03511104355739567,0.29877710846493716,5.131596088409424,25.11749724648122,67.04373271058975,0.6895988640397589,0.735810143146883,0.008120830122498476,0.43087187929674753,0.4744156504779101,Medium,0,Moderate Zone
44,45.09496931000001,-0.006793786304539943,0.33385466701537325,0.9392454624176025,25.105879163169625,67.00927401936141,0.6538161164359245,0.6669555353615759,0.001398352663879551,0.38635505744363474,0.439190376533303,Medium,0,Moderate Zone
22,42.50581915999999,0.026132309455395682,0.163144906685849,204.87103271484375,24.865441035545533,67.0676239268741,0.5462548810791611,0.7210570176231986,0.32840507638608085,0.6030022901251848,0.5293622321967013,High,2,Warm Zone
121,47.76273392000002,0.07343627850676267,0.23579849946409423,2.374284505844116,25.05433980827715,67.40201534975928,0.7646432374866879,0.7987830517450737,0.0036994525675619924,0.5107978386082037,0.5287591836199674,High,1,Extreme Hotspot
210,45.633307460000026,0.15933824077146552,0.15666040838764683,0.18456554412841797,25.120964841616907,67.4900785954195,0.6761803336883213,0.9399301686576531,0.0001882156329456997,0.6112317470052244,0.5337550620832578,High,1,Extreme Hotspot
45,46.72023782000002,0.07814025248518394,0.12323873077248615,27.144256591796875,24.96953437857738,67.09936229347981,0.7213347532836353,0.8065122391533895,0.043418358225421505,0.6536470954476485,0.5510947458323476,High,1,Extreme Hotspot
209,46.06055995999998,0.16233202008605307,0.14562791718766413,0.2236223816871643,25.094546377192554,67.44052903710943,0.6939297124600623,0.944849303305875,0.00025084367470962,0.6252330477126125,0.544408600941106,High,1,Extreme Hotspot
66,48.08744582000003,0.07306685339114612,0.1440320424700433,80.00430297851562,24.964225433914027,66.9632121200474,0.7781327653532131,0.7981760424450569,0.12817998767815822,0.6272583674167209,0.5884761829109275,High,1,Extreme Hotspot
20,50.98250876000003,0.14570485787116927,0.15556610625230632,12.025073051452637,25.008799191590715,66.86954540187305,0.8984025559105435,0.9175289028494005,0.019174591515512568,0.6126205224852052,0.6243081101675467,High,1,Extreme Hotspot
90,49.429018670000005,0.15237789761138112,0.12562745481031037,2.637674331665039,25.133466244859246,67.05942443164342,0.833865814696485,0.9284934989487494,0.004121800869236265,0.6506155731056597,0.6039739155593474,High,1,Extreme Hotspot
39,49.63580888000001,0.07735549667806349,0.22683727865433537,12.942785263061523,25.075322844457705,66.99886135947976,0.8424565140220089,0.8052227922451322,0.02064615250990829,0.5221704964230528,0.567361661857661,High,1,Extreme Hotspot
314,45.12402248000001,0.1669449973948245,0.11666763669575259,0.27135926485061646,25.152859163791177,67.42532648262383,0.6550230741924029,0.952428972388519,0.0003273902591058409,0.6619864507643358,0.5373527132528826,High,1,Extreme Hotspot
68,43.86448211000004,-0.008383899836483407,0.29614265406563506,3.148287057876587,25.19469990583671,67.05800118956807,0.6026979055733059,0.664342790149704,0.004940573640950466,0.43421525728598975,0.4288087756192136,Medium,0,Moderate Zone
29,47.13040022000001,0.08855617626713823,0.15953115888920397,5.802745819091797,24.81537019177286,67.41573354868878,0.7383741569045081,0.8236268378545663,0.009197025636274956,0.6075884863581414,0.5427106421206852,High,1,Extreme Hotspot
98,48.670218230000046,0.0998732732354872,0.14578003944700968,1.5115346908569336,24.91792742315715,67.38974733384771,0.8023429179978712,0.8422221710319424,0.0023160243428993975,0.625039989820358,0.5728574969037363,High,1,Extreme Hotspot
7,41.97944408000001,0.030087504267799117,0.10675310690194052,235.690185546875,24.837716905039024,67.10885054480784,0.5243876464323746,0.7275558720134868,0.37782390574700697,0.6745689500837768,0.5482582058284801,High,2,Warm Zone
57,47.23806784999999,0.08214520284059601,0.14053593973248962,10.705534934997559,24.97722136930796,67.13778120092526,0.7428470003549865,0.813092847804709,0.017058698539228135,0.6316952606664057,0.5497064540807891,High,1,Extreme Hotspot
61,42.72799046,0.045704504034378104,0.10077476959838763,98.54339599609375,25.008952376664396,67.13443328971032,0.555484558040468,0.7532164557040504,0.1579076144995489,0.6821560395996398,0.51108440311661,High,1,Extreme Hotspot
96,48.33183425000004,0.09501410738549536,0.20025219135912767,2.1998238563537598,24.97625833134813,67.37078348749601,0.7882854100106507,0.8342379849639575,0.0034197031171358423,0.5559095490817078,0.5524866973444794,High,1,Extreme Hotspot
17,42.70748234000001,0.015176688473920442,0.14388149916264018,311.1470947265625,24.880784088950616,67.0249852559313,0.5546325878594248,0.7030556323840912,0.4988198376980704,0.6274494214659132,0.5775062237190839,High,2,Warm Zone
110,50.64070676000006,0.1131113573941116,0.16696465933731502,3.366382598876953,25.085163190090203,67.22211875024618,0.8842030528931503,0.8639739141024694,0.0052902920898584465,0.5981546537634986,0.6042308120477949,High,1,Extreme Hotspot
207,47.38333369999998,0.1432742243418003,0.11763753282400183,0.2777450382709503,25.193643941471247,67.17086016169515,0.7488817891373786,0.9135350835477611,0.0003376299126328849,0.6607555585659746,0.5688184973784687,High,1,Extreme Hotspot
39,44.14988678000003,-0.022214867992687484,0.31756942535056376,37.483638763427734,24.932264574485668,67.1695350231885,0.61455449059283,0.6416168683210236,0.05999766415320066,0.40702260763772324,0.4384682640511304,Medium,0,Moderate Zone
62,47.605504999999994,0.09233138370554594,0.16921028062406437,12.283669471740723,24.97735640987414,67.23391965333686,0.7581114660986855,0.8298299516325285,0.019589253541987255,0.5953047426835116,0.5516773411065526,High,1,Extreme Hotspot
71,45.84693371000003,0.10271980230908455,0.0993931164071578,2.1243014335632324,24.95565317104212,67.32785316246321,0.685055023074193,0.8468993560618727,0.003298602133434247,0.6839094914223579,0.5386634614567882,High,1,Extreme Hotspot
67,46.76638108999998,0.0244814018349313,0.228221595853354,24.232559204101562,24.98459003732636,67.20298351404448,0.7232516861909818,0.7183443805102127,0.03874942143999446,0.5204136637162295,0.5108224196561691,High,0,Moderate Zone
323,47.26712101999999,0.1671747310547554,0.13093937328913466,0.17348620295524597,25.18699677568333,67.49181515285642,0.744053958111465,0.9528064520514061,0.00017044979512878837,0.6438742336740663,0.5693600102358924,High,1,Extreme Hotspot
118,50.04084425000002,0.11939252139098404,0.14025474613976266,0.715395450592041,25.151198140424743,67.09983988773786,0.8592829250976216,0.8742946118565175,0.0010394068616655706,0.6320521225915499,0.6015276380512526,High,1,Extreme Hotspot
220,46.09815818000004,0.15986470674739928,0.12059356544357512,0.18515320122241974,25.13126160751319,67.40745496329879,0.6954916577919783,0.9407952147252461,0.00018915794715561616,0.6570040666447702,0.5507640481413212,High,1,Extreme Hotspot
36,51.515719880000006,0.13707291411875472,0.14688416397800982,5.260496139526367,24.96910506330601,66.86620329577134,0.9205537806176778,0.9033455950193594,0.00832752268363021,0.6236387487682047,0.6305329819245235,High,1,Extreme Hotspot
208,47.896036700000025,0.14375072822827425,0.11464050357041641,0.14866313338279724,25.141806149433243,67.45404354971488,0.7701810436634721,0.9143180359739954,0.00013064574710381255,0.6645590791895264,0.5781646001361693,High,1,Extreme Hotspot
244,46.52199266000002,0.1552505858600987,0.12972499269707471,0.265703946352005,25.190193528374913,67.29181248520618,0.7130990415335466,0.9332136666073844,0.0003183218975779374,0.645415400354777,0.5543843271498762,High,1,Extreme Hotspot
200,46.63820534000001,0.12908762292398998,0.11046108621096375,0.5502572059631348,25.162947436858634,67.31842480973056,0.7179268725594603,0.8902248140717095,0.0007746059835636621,0.6698631649277924,0.55487075561599,High,1,Extreme Hotspot
5,43.95847766000003,0.04665132873723432,0.12454691528717172,30.635709762573242,24.78498699327922,67.08060377566198,0.606602768903089,0.7547722010386908,0.04901693938722853,0.6519868824967521,0.49850854906319675,Medium,1,Extreme Hotspot
29,45.00097376000002,0.07518403585614096,0.05902701887930072,24.840484619140625,24.901939399528942,67.15807303021994,0.6499112531061415,0.8016548244546116,0.039724236111693054,0.7351379818536183,0.5371713803092953,High,1,Extreme Hotspot
180,45.39404606000005,0.1482705697522958,0.1399531870671989,0.5957463383674622,24.93106373512827,67.48274566602011,0.6662406815761462,0.9217446719110367,0.0008475482764397207,0.6324348302846239,0.5314568265431487,High,1,Extreme Hotspot
122,45.32226764000001,0.059123007009960364,0.07104900032295,1.2318248748779297,25.015114952406023,67.42177130863459,0.6632587859424917,0.7752646482988841,0.0018675067687214382,0.7198809221161553,0.5260362727372407,High,1,Extreme Hotspot
51,46.65358643000002,0.07950947283708992,0.17953923320717227,203.70346069335938,24.917055406481236,67.11661063160425,0.7185658501952432,0.8087620306598283,0.32653286261009545,0.5821963006746322,0.6068131204645218,High,2,Warm Zone
40,49.63068185000003,0.06817065143831873,0.1883406878899566,21.325626373291016,24.982301364078786,66.93089519208733,0.8422435214767487,0.790131001665502,0.03408812467066232,0.5710264015609756,0.5781443703203855,High,1,Extreme Hotspot
3,31.414344260000007,-0.22123936875661596,0.2183043029677731,27.17206382751465,24.82587170925421,66.95760387763897,0.08548100816471432,0.3145959978171512,0.04346294741463204,0.5329996696669503,0.19884747372550649,Low,3,Cool Zone
9,45.69995885000003,0.0406515940741867,0.14559218559218554,7.963641166687012,24.80035039652228,67.35941948550976,0.6789492367767134,0.7449139250738167,0.012662043608431487,0.625278394570723,0.5115379732880103,High,1,Extreme Hotspot
48,40.61736311000004,-0.14169048121367891,0.49832363424014825,2.9327151775360107,25.069787128967334,66.89144644233096,0.46780262690805946,0.445304259121936,0.004594901907933437,0.1776279961293934,0.2905910143343763,Medium,3,Cool Zone
36,49.982737910000026,0.11079600791714217,0.2528396096403604,47.96810531616211,24.929145397730657,66.91973096741091,0.8568690095846648,0.8601695201782392,0.07680961438213135,0.4891710180070681,0.5888096390575482,High,1,Extreme Hotspot
28,44.58055730000001,0.01384325297116668,0.2202923199574807,16.613361358642578,24.839596782833734,67.43677320006904,0.6324458643947459,0.7008646396309499,0.026531959128683513,0.5304766834093828,0.47083636816658836,Medium,0,Moderate Zone
32,45.15136663999999,0.04258016278951218,0.265434095155958,11.892327308654785,24.875061601538963,67.2409588901322,0.6561590344337939,0.7480827923122296,0.018961732348115264,0.47318739510972996,0.4740539447293268,Medium,0,Moderate Zone
10,32.22441500000002,-0.40665382145150925,0.6334116418689637,13.631645202636719,24.82617199540997,66.93986611020269,0.1191338303159396,0.00993805122491663,0.021750746526264995,0.006188220426156299,0.05581957052691085,Low,3,Cool Zone
31,43.22702138,0.0697941250227586,0.15086809613872545,27.053621292114258,24.89183012013109,67.21603237449145,0.5762158324458636,0.7927985614020456,0.04327302358778551,0.6185827526954317,0.48394092362468505,Medium,1,Extreme Hotspot
71,51.47641265000004,0.12791080761339985,0.1327054086778086,0.534915030002594,25.130564515505895,66.96661316401571,0.9189208377706789,0.888291166878453,0.0007500046462085595,0.641632963584791,0.6293261040185498,High,1,Extreme Hotspot
19,42.522909260000006,0.018357946580229826,0.17255035727417306,26.747339248657227,24.815132724831116,67.1983971197318,0.5469648562300317,0.7082828169328759,0.04278189717284436,0.5910658616623358,0.4539370116576223,Medium,0,Moderate Zone
40,44.36180402000002,0.06838447440526967,0.10675559732863094,42.129390716552734,24.957878231870474,67.10973930095986,0.6233581824636141,0.7904823381719001,0.06744717531517058,0.6745657894909107,0.5196905754382054,High,1,Extreme Hotspot
218,46.34767364000004,0.1615691478305406,0.10113606086945125,0.1956482082605362,25.18668450258264,67.44721643884985,0.7058572949946761,0.9435958136695569,0.00020598679916154628,0.6816975259568532,0.560273291939465,High,1,Extreme Hotspot
16,42.143509040000026,0.04984827311263846,0.07384248884969075,38.69007873535156,24.81464818680298,67.18173040524506,0.5312034078807247,0.7600251599888916,0.06193220308850645,0.7163357144040841,0.48523533080356707,Medium,1,Extreme Hotspot
16,44.48827075999998,0.08485621903744543,0.12327248247732944,1.575751781463623,24.80162107121234,67.44721354467546,0.6286119985800481,0.8175473690985239,0.00241899710986815,0.6536042612626642,0.5054025063267977,High,1,Extreme Hotspot
59,43.00826810000001,0.03850109627267287,0.1538741221271791,234.41104125976562,24.89796357083649,67.09760988658982,0.5671281505147318,0.7413804020132471,0.3757727846926034,0.6147678143432826,0.5549550795496871,High,2,Warm Zone
108,48.964167950000046,0.12985745943342752,0.11639720652176382,2.6693036556243896,25.139276312099433,67.09672099642643,0.8145544905928304,0.8914897468035874,0.004172518816354008,0.6623296528678078,0.5930543185353203,High,1,Extreme Hotspot
65,41.572699700000044,-0.07424962875185621,0.3743822984733778,3.199428081512451,24.934698087897296,67.32528224478298,0.5074902378416768,0.5561175820793359,0.005022578799696333,0.33492156479760304,0.3546536901080158,Medium,0,Moderate Zone
302,46.077650059999996,0.1625056011055128,0.13886227266384482,0.13990917801856995,25.120667944221857,67.4756417122514,0.6946396876109328,0.9451345175175361,0.00011660868940999143,0.6338193064043425,0.5464190661252245,High,1,Extreme Hotspot
7,41.88715754000003,0.05661883038291194,0.19761591193057096,10.436088562011719,24.79768845612589,67.37132559528209,0.5205537806176792,0.7711499889613175,0.01662663850172223,0.5592552432099733,0.43990171885869456,Medium,0,Moderate Zone
65,48.83257418000005,0.10321890960921729,0.19632662621883154,4.153345584869385,24.989193307716683,67.27558018211764,0.8090876819311338,0.8477194485788128,0.006552195352744522,0.5608914717480782,0.5646093332470772,High,1,Extreme Hotspot
24,50.392900310000016,0.12722962184995623,0.20219340701422206,47.49059295654297,24.91676310857274,66.91273376050528,0.8739084132055376,0.8871718978413186,0.0760439183895658,0.5534459582541975,0.6123393212066438,High,1,Extreme Hotspot
25,48.41215771999998,0.12338305686308065,0.17797335158372005,2.801785469055176,24.826131747457385,67.36771781196786,0.7916222932197358,0.8808515351441157,0.004384954770289688,0.584183556235023,0.5667095974990888,High,1,Extreme Hotspot
95,49.666571060000024,0.11840727890395075,0.12932226832641772,4.138439655303955,25.108395016666982,67.08902596753316,0.8437344692935749,0.872675741543916,0.006528293540982379,0.6459264966170402,0.5992125216576709,High,1,Extreme Hotspot
158,45.46069745,0.08547549130336578,0.1880365224653792,0.5215886831283569,25.107908108965198,67.34836089031327,0.669009584664536,0.818564906912727,0.0007286357115797673,0.5714124169673876,0.5048532122240958,High,1,Extreme Hotspot
44,49.71784136000002,0.11122521207497897,0.15038736138538658,16.70940399169922,25.062968842870333,67.01718425235035,0.845864394746184,0.8608747535378555,0.026685964481143014,0.619192851694831,0.5979870323884039,High,1,Extreme Hotspot
180,46.68605762000004,0.13820014840971315,0.10757139157565028,0.5229571461677551,25.18012422696534,67.1582142921373,0.7199148029818967,0.9051977747142015,0.0007308300561744852,0.673530467516859,0.5586343884173044,High,1,Extreme Hotspot
182,46.43312414000002,0.0819418166955628,0.2161326661601739,0.5678210258483887,25.176016333202295,67.21743293991342,0.7094071707490238,0.812758660235129,0.0008027697498607448,0.5357556872716123,0.5130284972266665,High,1,Extreme Hotspot
5,32.41753313000004,-0.3165231802948105,0.5144087415066609,16.398426055908203,24.822818399669476,66.94365523264031,0.1271565495207681,0.15803338932149025,0.026187308154422162,0.1572144358856844,0.11255734242227321,Low,3,Cool Zone
274,45.339357740000025,0.1689959463673215,0.13491012379536935,0.18728259205818176,25.18688460301472,67.41661509280343,0.6639687610933621,0.9557989249107993,0.00019257244731818627,0.6388349663985218,0.5367724795654987,High,1,Extreme Hotspot
44,43.76877754999998,-0.07350871320430566,0.40013202639475903,0.9402828216552734,25.088772529185494,66.97246087949988,0.5987220447284332,0.5573349942391445,0.0014000160801139895,0.3022426641553574,0.3838876038783449,Medium,0,Moderate Zone
139,49.960520780000024,0.11441257146736031,0.15835354607496133,1.9678499698638916,25.12294682017895,67.23094857258154,0.8559460418885341,0.8661119632236197,0.0030477305981275035,0.6090829911649172,0.5948737421214719,High,1,Extreme Hotspot
135,48.40873970000001,0.11012422123815206,0.1170851169736187,2.068081855773926,25.039101401403908,67.29725628449216,0.7914802981895631,0.8590656949521339,0.003208453460735318,0.6614566278255407,0.5785454124489373,High,1,Extreme Hotspot
66,48.34379732000002,0.11476566662315062,0.11828273306099894,12.815912246704102,25.027236926041226,66.99811931284259,0.7887823926162586,0.86669214046197,0.02044271031991542,0.6599367369262448,0.5826148030810268,High,1,Extreme Hotspot
40,48.64800109999999,0.10868969274614695,0.15548363447801092,35.77909851074219,24.934064416217648,67.16462890824599,0.8014199503017382,0.856708594422212,0.057264416281482794,0.6127251871607395,0.5859354107865458,High,1,Extreme Hotspot
71,48.54546049999999,0.12731023216535384,0.14443662770906618,0.9634592533111572,25.09636293302343,66.90125431741798,0.7971600993965199,0.887304350154535,0.0014371797272602824,0.6267449095321282,0.5776679691200289,High,1,Extreme Hotspot
116,48.66850922000003,0.08878182177537725,0.20571061093247595,3.2611091136932373,25.08817408812528,67.22803965475981,0.8022719204827837,0.8239976001991338,0.00512148497082833,0.5489822855608755,0.5555852365778657,High,1,Extreme Hotspot
0,31.94755538000004,0.0014597248639799242,0.014501003685172624,22.224769592285156,24.79863777862924,66.98291287500047,0.1076322328718509,0.6805170335524157,0.03552991009392429,0.7916458110224005,0.3123420879095639,Medium,0,Moderate Zone
242,44.980465640000034,0.16518658069651226,0.130734922056356,0.1117209643125534,25.13624354498683,67.45707616480911,0.6490592829250984,0.9495396851038711,7.140859806682072e-05,0.6441337021058321,0.5308992585063032,High,1,Extreme Hotspot
205,45.22314505999998,0.1340803668413362,0.1260214222614841,0.2827102541923523,24.962738820891165,67.49092801346922,0.6591409300674461,0.8984284847543967,0.00034559168756217144,0.6501155902230251,0.5285301607066335,High,1,Extreme Hotspot
47,44.695060969999986,0.06805406934553455,0.08703293234916464,95.23919677734375,24.94029534654119,66.95544749553433,0.637202697905572,0.7899394434537184,0.15260929698070394,0.6995957630592569,0.551443472537314,High,1,Extreme Hotspot
44,43.51413506000006,0.07451400770990944,0.0747331983165999,186.0260009765625,24.913248396707804,66.96750794722756,0.5881434149804775,0.8005538887064917,0.2981868736713251,0.7152053177544923,0.5729282312668945,High,2,Warm Zone
3,31.689494870000033,-0.2567920456449117,0.4313386604417309,1.4331814050674438,24.774256179824523,67.28012938709303,0.09691160809371786,0.25617873109809514,0.0021903840411882404,0.26263842070418186,0.13026673305333486,Low,3,Cool Zone
162,46.516865629999984,0.15145038878800565,0.17570819382350483,0.3417203724384308,25.09718308801306,66.86164769501276,0.712886048988284,0.9269694918960697,0.00044021502065847004,0.5870582609935,0.5417215493335886,High,1,Extreme Hotspot
92,47.00906051000004,0.08225703884759046,0.15211771487659786,2.4606540203094482,25.01489060858726,67.33529069364705,0.7333333333333343,0.8132766076343814,0.0038379469746150034,0.6169968653920668,0.539683684300558,High,1,Extreme Hotspot
195,45.83838866000002,0.1446754678577486,0.13785938587089377,0.27449315786361694,24.9980631828379,67.49491000230366,0.6847000354987577,0.9158374929125099,0.0003324154888676371,0.6350920669539813,0.5383571553993928,High,1,Extreme Hotspot
19,40.65154331000002,0.0429951373627435,0.09071740637621194,272.6804504394531,24.837643934926493,67.1750889080029,0.46922257720979804,0.7487646447758921,0.43713817693105667,0.6949198083844568,0.5482722335099586,High,2,Warm Zone
154,48.81548408000003,0.12519674158855984,0.11044942137799729,0.8099899291992188,25.17595035391163,67.14851659517349,0.8083777067802632,0.8838316343553645,0.001191090083532568,0.6698779687314942,0.590199194132592,High,1,Extreme Hotspot
105,45.77686430000006,-0.004749515184676524,0.30445918355019164,1.7023704051971436,24.994958047775125,67.38145743896568,0.6821441249556283,0.670314515379602,0.0026220313786654,0.42366077525247425,0.4587924901843528,Medium,0,Moderate Zone
113,47.581578860000036,0.08974119619702486,0.10681029682614473,2.807163715362549,25.039143762514914,67.3350851685637,0.7571175008874697,0.8255739662108666,0.004393578843701883,0.674496370526567,0.5626807641028567,High,1,Extreme Hotspot
48,46.79201624000001,0.0651542244076889,0.22373034776287928,4.9666571617126465,25.117296325784196,67.03349997172567,0.7243166489172875,0.7851746541325013,0.007856348852756023,0.5261134928777809,0.5146896434755354,High,1,Extreme Hotspot
33,48.40873970000001,0.054674196501044874,0.22985045116295785,3.59295654296875,25.04250137785288,66.91781224121144,0.7914802981895631,0.7679547247480245,0.005653605745549434,0.5183464884441003,0.5368680271132363,High,1,Extreme Hotspot
28,51.24227828000005,0.14868703039066333,0.14963409797195687,4.238102436065674,24.983740739224178,66.85840202239335,0.9091941782037641,0.9224289661560506,0.006688103837616485,0.6201488159799707,0.6277438053603115,High,1,Extreme Hotspot
207,44.65575374000002,0.16930665746809237,0.14815750704433525,0.13427354395389557,25.118694064721165,67.45044297209671,0.6355697550585733,0.9563094601175668,0.0001075718920748841,0.6220227529924438,0.5221057646125719,High,1,Extreme Hotspot
57,45.252198229999976,0.06505394642044177,0.12151490006972186,109.43643188476562,24.953001731944116,67.00155873151743,0.6603478878239245,0.7850098855007195,0.17537470987165876,0.6558348036996223,0.556901276162517,High,1,Extreme Hotspot
3,32.42095115000001,-0.3622291443258608,0.5611084452039029,1.5745632648468018,24.75681704371126,67.35795018902996,0.12729854455094078,0.08293306706326846,0.0024170913112175696,0.0979479853117623,0.08355324777002344,Low,3,Cool Zone
68,43.620093680000025,-0.032047413706973366,0.2545550381722037,56.44367980957031,25.008302750979347,67.14544368935675,0.5925452609158683,0.6254608290072062,0.09040028547904196,0.48699397292441193,0.45083609467207114,Medium,0,Moderate Zone
91,48.224166620000005,0.10768752282894486,0.10973382867526014,17.265697479248047,24.978914059258305,67.01673481607321,0.7838125665601698,0.8550619103332767,0.027577986824703263,0.6707861252333593,0.5828360349269072,High,1,Extreme Hotspot
111,51.558445129999996,0.13483048942827996,0.1021235152766835,2.008784770965576,25.188850394591693,67.0774622249365,0.9223287184948517,0.8996610251724125,0.0031133699737973335,0.680444350600546,0.640747853787361,High,1,Extreme Hotspot
74,46.87404872000002,-0.010026246142695525,0.13994980324109935,82.15126037597656,24.96544751508782,67.02180167071214,0.7277245296414626,0.6616442202918986,0.13162265600355189,0.6324391246879371,0.5497299338388453,High,1,Extreme Hotspot
21,49.57770254000002,0.07406022068449597,0.20014350332336237,31.796552658081055,24.894964592331842,66.94517524975622,0.8400425985090522,0.7998082627785055,0.05087836294032245,0.5560474847341783,0.579917366502313,High,1,Extreme Hotspot
194,48.42924782,0.13109918855434555,0.14477374431833165,0.4934234619140625,25.153423499016046,67.3134326535452,0.7923322683706063,0.8935300550897227,0.0006834724889341623,0.6263170758784029,0.5763966989096151,High,1,Extreme Hotspot
183,47.90970878000002,0.06352588066621118,0.23087490038437322,0.6066007614135742,25.188378755737446,67.20868893648668,0.7707490237841675,0.7824990921500637,0.0008649534557206256,0.5170463630827032,0.5292999843166474,High,1,Extreme Hotspot
149,49.300842920000036,0.10638708154492175,0.184559040647325,1.130697250366211,25.150714448667866,67.18571253662314,0.8285410010649634,0.8529251309965215,0.0017053475800293248,0.57582567846531,0.574946642663533,High,1,Extreme Hotspot
1,33.413885960000016,-0.14188992984976548,0.17011863278650008,1.5019783973693848,24.78360973380868,67.41731867522188,0.1685481008164718,0.44497654134677017,0.0023007007277514413,0.5941519557431978,0.2535712878591817,Medium,0,Moderate Zone
276,46.945827140000006,0.1708145055852467,0.13470756785600593,0.13527847826480865,25.199519394690338,67.29235666978344,0.7307064252751149,0.9587870334915323,0.00010918331460491348,0.6390920295192337,0.5639463268662738,High,1,Extreme Hotspot
78,47.94388898,0.06298935665286029,0.17133429801983163,21.337844848632812,25.068908902299047,67.10700954919774,0.7721689740859061,0.7816175195335328,0.034107717121864924,0.5926091587281936,0.5531589785904973,High,1,Extreme Hotspot
103,48.25834682000004,0.08700975040956893,0.14868585171906512,2.478632926940918,25.014997028819405,67.38431767022198,0.7852325168619109,0.8210858766755612,0.0038667763367898514,0.6213522323879904,0.5624930288078941,High,1,Extreme Hotspot
61,49.459780850000016,0.10862358113117679,0.18903136855574887,1.0971252918243408,25.08411599183856,66.90663237336828,0.835143769968051,0.8565999651941774,0.0016515145983268418,0.5701498608487064,0.57699035358567,High,1,Extreme Hotspot
13,45.04028099000004,0.022001892635925686,0.13034529559301297,253.4439239501953,24.85263251033195,67.13008992301691,0.6515441959531427,0.7142702526838955,0.4062922083461729,0.6446281758541393,0.5982569035412125,High,2,Warm Zone
70,44.86083494000002,0.04564434220235251,0.0691036749618306,97.69059753417969,24.951806198023426,67.02591566863782,0.6440894568690096,0.7531176026753801,0.1565401433721534,0.7223497285589633,0.5542084047037419,High,1,Extreme Hotspot
304,47.18167052000001,0.16044980712932114,0.09454375198568629,0.12952086329460144,25.15830494576056,67.48562059429855,0.7405040823571173,0.9417566040792895,9.995091962996599e-05,0.6900638049200054,0.5755028722686488,High,1,Extreme Hotspot
29,43.196259199999986,0.0699338016441482,0.09617078956286008,17.726791381835938,24.831585114018143,67.29200398855158,0.5749378771742977,0.7930280666646667,0.028317355652118646,0.6879989365265218,0.4936084870877531,Medium,1,Extreme Hotspot
53,44.271226490000004,-0.0368654509610645,0.3830590929385952,0.48467376828193665,25.122289400386734,67.02351428023971,0.6195953141640038,0.6175442221025024,0.0006694422649717111,0.32390987158329987,0.40541909386387975,Medium,0,Moderate Zone
10,47.41751390000002,0.08362817886665956,0.17688896283163758,88.31922149658203,24.877068357497162,66.95576350380092,0.7503017394391196,0.8155295533817521,0.14151304526198819,0.5855597506707494,0.5749403402325576,High,1,Extreme Hotspot
104,46.61086118000003,0.09520731909310272,0.10395986637977153,5.179216384887695,25.016812924411376,67.30358569911623,0.7167909123180694,0.8345554547255737,0.008197189758942815,0.6781138430540075,0.549571749186601,High,1,Extreme Hotspot
7,38.83144765999998,0.03858911793820881,0.12069558880093934,17.154884338378906,24.813666844578314,67.23142142025931,0.39361022364217124,0.741525032054153,0.027400296810658857,0.656874589115195,0.40689783629069515,Medium,0,Moderate Zone
106,49.73834948000001,0.11553676169690356,0.1300866097634092,0.5314116477966309,25.106362543201342,66.88424602894374,0.8467163649272271,0.867959141164356,0.0007443869367158231,0.6449564732462123,0.5980578085289657,High,1,Extreme Hotspot
7,43.17746009000001,0.0575084839116607,0.13514352128009588,51.15364456176758,24.84568101830846,66.90207423623511,0.5741569045083421,0.772611795273111,0.08191765941046493,0.6385387623672865,0.4937416984203771,Medium,1,Extreme Hotspot
51,43.82859289999999,-0.03592463609956506,0.3303757748133493,0.6005682349205017,25.10958086844096,66.96718000405916,0.6012069577564775,0.6190900925546808,0.0008552802372839861,0.39077010885552266,0.41171413881621866,Medium,0,Moderate Zone
220,44.24900936000006,0.13980711786293426,0.1250457658751775,0.28378406167030334,24.969179121001233,67.49935525736397,0.6186723464678754,0.907838216204814,0.0003473135489257387,0.6513537927472006,0.5140022579545438,High,1,Extreme Hotspot
23,51.43026938000003,0.12584487654296744,0.18216292582402996,51.77146530151367,24.913139107605705,66.91854627874359,0.91700390486333,0.8848965969915265,0.08290834133736788,0.578866580430447,0.6360364529144924,High,1,Extreme Hotspot
249,45.879404900000054,0.1644917549165486,0.11383243761913565,0.17405933141708374,25.136859867239476,67.4060660522291,0.6864039758608464,0.9483980039011043,0.00017136881252721644,0.6655845932071855,0.5499810517740731,High,1,Extreme Hotspot
57,41.46674108000002,-0.13288313366912732,0.47987314118177216,0.8713488578796387,25.150504911747877,67.01290484586757,0.5030883919062835,0.459775776195433,0.0012894797583803258,0.20104346021880082,0.31073278517518366,Medium,3,Cool Zone
11,40.96429214,0.00450664823727577,0.17203913390890843,281.9696960449219,24.864383584035586,67.08895713886677,0.4822151224707129,0.6855234901950361,0.4520335780464071,0.5917146536655167,0.5270658977622457,High,2,Warm Zone
131,47.68753748000006,0.07049139680178255,0.16449659613937442,0.5816007852554321,24.9518293581581,67.44938777558022,0.7615193468228629,0.7939442616715048,0.0008248657361613007,0.6012868651899858,0.5441629674519084,High,1,Extreme Hotspot
48,47.93363492000003,0.06346735724876387,0.1651781242696404,24.756256103515625,24.93742695992949,67.22153920227571,0.7717429889953857,0.7824029312309558,0.03958917481835764,0.6004219399324507,0.5560393169738773,High,1,Extreme Hotspot
94,49.89045137000005,0.11352502143432569,0.14032338318203724,12.886251449584961,25.05321103543362,67.1934422078298,0.8530351437699694,0.8646536132048801,0.020555499957044573,0.6319650155319445,0.6024439775843698,High,1,Extreme Hotspot
4,30.40090133000001,-0.12877117304350108,0.28726187058620894,1.438241958618164,24.754467965549683,67.36435539419345,0.04337948171814013,0.466532215418285,0.002198498690989222,0.44548583233189076,0.17697841613912427,Low,3,Cool Zone
77,45.26416130000001,0.014649271908777656,0.22977787782257064,6.892695426940918,25.001216031375936,67.22719971160413,0.6608448704295348,0.702189024385633,0.010944771071584963,0.5184385910475542,0.4760902128070659,Medium,0,Moderate Zone
54,47.91654482000001,0.06444454652424186,0.19404163011836018,2.9123988151550293,25.07089532890915,66.8744672861639,0.7710330138445152,0.7840085691613978,0.004562324411361339,0.5637913532832621,0.5399133426715086,High,1,Extreme Hotspot
83,49.153868060000036,0.10203716633361659,0.14352790710916244,8.19644546508789,25.101957504225545,67.08403408207953,0.8224352147674838,0.8457777041543039,0.013035347701502007,0.6278981640553016,0.584679211266575,High,1,Extreme Hotspot
216,46.03663382000002,0.1538619588753142,0.11053028982981931,0.41957396268844604,25.19954298861471,67.19661165648061,0.6929357472488464,0.9309319877003838,0.0005650540554194197,0.6697753388275878,0.5509104283339685,High,1,Extreme Hotspot
33,49.080380630000036,0.09820693161891599,0.16575423873796816,13.531977653503418,25.0262808933673,66.9557979420322,0.819382321618744,0.8394841740319936,0.021590928583497888,0.5996907948296161,0.5790114458640943,High,1,Extreme Hotspot
117,49.97419286000002,0.14414769496928828,0.12832869657186222,3.1026089191436768,25.118095455258334,67.06111820403895,0.8565140220092295,0.9149702994325607,0.004867328274477567,0.6471874354800524,0.6105054728832058,High,1,Extreme Hotspot
34,50.94149252,0.1266497739215015,0.15926069729474346,3.3229072093963623,24.969744090100917,66.86313892327436,0.8966986155484549,0.8862191388915648,0.00522057885452551,0.6079317283372374,0.6145038074341955,High,1,Extreme Hotspot
29,46.258805120000034,0.07685168900081946,0.1884418237175782,31.81834602355957,24.83774504357046,67.32583320768128,0.7021654242101534,0.8043949764508632,0.0509133088265917,0.5708980503926717,0.528433353436873,High,1,Extreme Hotspot
0,33.888990740000054,-0.06714115182774387,0.004313588333174375,6.620843887329102,24.79095229848787,67.16136217165803,0.18828541001065158,0.5677976531397187,0.010508854324593189,0.804574628565859,0.3240259512695386,Medium,0,Moderate Zone
81,47.37137063,0.1132697791600144,0.1643557733555334,4.763937473297119,25.102319884428674,67.04412710523285,0.7483848065317708,0.8642342198617777,0.007531285742017467,0.6014655829525717,0.5511649936179936,High,1,Extreme Hotspot
5,40.74553886000001,-0.0006345937934064561,0.17926028199656927,8.884284019470215,24.804461729680515,67.31887311382427,0.47312744053958106,0.6770758194917238,0.014138303916169825,0.5825503167995079,0.410856988478535,Medium,0,Moderate Zone
207,47.56107073999999,0.1577472347276468,0.1310032664269245,0.4037550687789917,25.18702335752301,67.23726579070211,0.7562655307064241,0.9373159569428668,0.0005396882959175094,0.6437931470890768,0.5719971573157945,High,1,Extreme Hotspot
116,50.29548674,0.09601759906540293,0.14355435579312448,4.11410665512085,25.138076147252722,66.91282096638128,0.8698615548455796,0.8358868408658547,0.006489275324276614,0.6278645981116943,0.6005228865215181,High,1,Extreme Hotspot
185,45.56152903999998,0.14182887234076927,0.12399610713832343,0.3895717263221741,25.119625747389666,67.37939834226546,0.6731984380546666,0.9111601987082191,0.000516945160035054,0.6526859114272368,0.5366198236035556,High,1,Extreme Hotspot
257,44.717278100000044,0.1688548091154669,0.12362951635538823,0.1721488982439041,25.17165299323931,67.39150453007066,0.6381256656017051,0.9555670196590095,0.00016830541323440098,0.6531511506642679,0.5292576256756957,High,1,Extreme Hotspot
54,48.155806220000045,0.07621166189735465,0.19938790562166397,1.0083664655685425,25.107791020255906,66.97284485656776,0.7809726659566926,0.8033433359758577,0.0015091889051801917,0.5570064114573927,0.5446691462968293,High,1,Extreme Hotspot
0,32.60381522,-0.3833995705997898,0.5508120887280549,0.38867664337158203,24.754965296980266,67.45457825915464,0.13489527866524653,0.04814754466544978,0.0005155098852940427,0.11101505970100234,0.08351213257744004,Low,3,Cool Zone
20,38.164933760000054,-0.09977531829907636,0.44632862577518373,172.34779357910156,24.883952917152317,67.10055964932575,0.36592119275825524,0.5141758453388691,0.27625372706529855,0.24361470172516075,0.34128122601548927,Medium,3,Cool Zone
48,46.033215799999994,0.04789589330785347,0.12301426168239801,24.038318634033203,24.955404126917127,67.15739524764992,0.6927937522186713,0.7568171683051327,0.03843795468295885,0.6539319684806624,0.5310359585001106,High,1,Extreme Hotspot
61,47.489292320000004,0.09996424862527453,0.17201902996820945,1.0325238704681396,24.880852186260512,67.47584508564859,0.7532836350727719,0.8423716543922748,0.0015479255530381824,0.5917401675149301,0.5464042170791955,High,1,Extreme Hotspot
36,43.26461960000006,0.0499773477444825,0.10408424219631442,293.3827819824219,24.902100097218952,67.20392120299574,0.5777777777777797,0.7602372449246838,0.47033457903436077,0.6779559980871203,0.5983215422258288,High,2,Warm Zone
91,51.160245799999984,0.12457350518580675,0.13562801642375202,4.93556547164917,25.10443186360215,67.07572491591809,0.9057862974795867,0.8828075829939708,0.00780649300713418,0.6379238910680816,0.6242720579063301,High,1,Extreme Hotspot
156,46.920191990000035,0.12097072242047038,0.1032713877817516,0.6198291778564453,25.104036681351356,67.34131572009414,0.7296414625488115,0.8768877834133446,0.0008861653578929032,0.6789875891288281,0.5594088116967652,High,1,Extreme Hotspot
80,48.8701724,0.10298839733409164,0.17862382562261364,0.9399197101593018,24.915414953065735,67.42612514023833,0.810649627263045,0.8473406895587723,0.0013994338270859384,0.5833580416294992,0.5683824211217052,High,1,Extreme Hotspot
3,32.00224370000001,-0.37099139305068535,0.6198289004071239,4.3088860511779785,24.806547763200296,67.22540788413446,0.1099041533546327,0.06853565270189597,0.006801606094341363,0.023426035910498078,0.06062761795282244,Low,3,Cool Zone
95,49.157286080000006,0.132846735605203,0.1541977676611282,3.6832168102264404,25.119315770091323,67.08426770061413,0.8225772097976565,0.8964014822538373,0.005798339014824876,0.6143570767898792,0.5878121063688202,High,1,Extreme Hotspot
80,47.195342600000004,0.09902584903277867,0.11285677874867331,10.931840896606445,25.070209565664754,67.13662967449885,0.7410720624778127,0.840829752513659,0.017421582482244447,0.6668227988839954,0.5602732432655341,High,1,Extreme Hotspot
124,47.08083893000003,0.08345240707777589,0.1254388853957704,3.1945714950561523,25.040013107398888,67.3290461528623,0.7363152289669865,0.8152407394759761,0.005014791213234482,0.6508548859706629,0.5482368775056322,High,1,Extreme Hotspot
5,49.54352233999998,0.10299503780718341,0.19254292530163056,11.440784454345703,24.881355916205248,66.85742774095496,0.8386226482073111,0.8473516006440039,0.018237678725101535,0.5656933549645029,0.580249890053701,High,1,Extreme Hotspot
-1,32.562798980000025,-0.3493565325665791,0.4582927563432901,0.5380604267120361,24.75677717035963,67.42095052220961,0.13319133830316018,0.10408429561563588,0.0007550483222662214,0.22843106035622196,0.1147641538154204,Low,3,Cool Zone
37,43.91233439000001,0.06407757921597088,0.13140774768070018,12.1315336227417,24.839328831267835,67.2889194915104,0.60468583599574,0.783405598330487,0.019345302139353364,0.643279821171842,0.4928774639170758,Medium,1,Extreme Hotspot
23,41.78461693999998,0.04423150380541263,0.08154586228532912,16.906227111816406,24.812259192263678,67.1876570753264,0.5162939297124586,0.7507961415453426,0.02700157238381213,0.706559386829597,0.46719926357865726,Medium,1,Extreme Hotspot
123,46.63478731999999,0.11198435189964977,0.10699901940183525,1.9250754117965698,25.03045868553629,67.28275273549099,0.7177848775292852,0.8621221103474197,0.0029791411531924373,0.6742568632852179,0.5520284255091688,High,1,Extreme Hotspot
99,48.81548408000003,0.0800468591493117,0.16599857491451472,4.78054141998291,25.09127710182634,67.15563368499988,0.8083777067802632,0.8096450201357225,0.007557910341741383,0.5993807085381784,0.5665634550255347,High,1,Extreme Hotspot
10,41.063414720000026,0.027614665024736928,0.12153575504467826,62.9698600769043,24.793111215501764,67.14055085132216,0.48633297834575845,0.7234927037162251,0.10086508283306984,0.655808336714939,0.4594350349469924,Medium,0,Moderate Zone
79,46.98684337999998,0.10640671920491439,0.1514094465918734,9.822441101074219,25.063376717687632,67.13985043657614,0.7324103656372012,0.8529573980020448,0.015642648470422033,0.6178957264975213,0.548397563372297,High,1,Extreme Hotspot
202,47.22268675999999,0.14182052880744184,0.11643888660180399,0.4942186772823334,25.15738797949549,67.32158023618635,0.7422080227192036,0.9111464892929393,0.0006847476249771271,0.6622767568062046,0.5661817207491076,High,1,Extreme Hotspot
74,45.13769456,0.047943767112160675,0.11001829403503577,302.8341979980469,24.99662401700374,67.03693818737582,0.6555910543130984,0.756895830646195,0.48549002207463304,0.6704251111186995,0.6312283240645669,High,2,Warm Zone
111,46.38527185999999,0.07440299470762878,0.12314140015081367,6.306013584136963,25.023792862175053,67.37796126488145,0.7074192403265874,0.8003714811712197,0.010004020687020564,0.653770617440766,0.5362785469662263,High,1,Extreme Hotspot
67,42.998014040000044,-0.04734636924754387,0.3746412907777642,0.7600910663604736,25.174701875285233,67.00617424697629,0.5667021654242114,0.6003228297183058,0.001111076742433546,0.3345928784593244,0.38392563550490366,Medium,0,Moderate Zone
52,43.775613590000034,-0.005565231177418174,0.27616765049635317,0.5741217136383057,25.109141192679093,66.96442516099152,0.5990060347887832,0.6689741972127109,0.0008128729677020465,0.4595654729838825,0.43206485633612196,Medium,0,Moderate Zone
13,41.95209992000002,0.04288129929830601,0.07863912043772708,241.88772583007812,24.871669476784994,66.98346817098216,0.5232516861909837,0.7485775953282817,0.38776172549767707,0.7102483239834365,0.5605774099467423,High,2,Warm Zone
45,40.742120839999984,0.01118190146707548,0.15981609691712093,298.464599609375,24.878993009336952,67.0735469273156,0.47298544550940597,0.6964917233204249,0.4784833260008487,0.6072268723817948,0.5347341426783973,High,2,Warm Zone
30,45.421390220000035,0.05961651986272358,0.1959078589636466,26.746566772460938,24.89936148209227,67.2257861701288,0.6673766418175372,0.7760755484749731,0.04278065849929815,0.5614229279858372,0.5063417392202528,High,1,Extreme Hotspot
48,46.54250078000001,0.054804874286595806,0.19237411401857332,19.39081573486328,24.98561133327149,67.10932462777143,0.7139510117145897,0.7681694438555834,0.030985635860950846,0.5659075928455073,0.5217337487985125,High,1,Extreme Hotspot
64,48.42412079000002,0.05267484811057823,0.19134247237151997,14.602765083312988,24.98729607503647,67.19726230792254,0.792119275825346,0.7646695581048157,0.023307947268728767,0.5672168460921976,0.5508185000814825,High,1,Extreme Hotspot
125,48.972713,0.12316889191738557,0.1289585999218432,2.6279056072235107,25.107228466987873,67.2183728720724,0.8149094781682633,0.8804996367260628,0.0041061366188630995,0.6463880270726667,0.5883428763454639,High,1,Extreme Hotspot
4,30.32741390000001,-0.20431501376187505,-0.02567933513866853,1.2919334173202515,24.769220861921898,67.16908314108545,0.04032658856940033,0.3424047212750815,0.0019638914363429233,0.8426385556527538,0.23651002760865886,Low,0,Moderate Zone
78,49.104306769999994,0.11541727654732421,0.13285104579713658,0.46346980333328247,25.169521221899736,66.9931699024176,0.8203762868299599,0.8677628128857885,0.0006354414885297477,0.6414481359638209,0.5867634242297488,High,1,Extreme Hotspot
20,44.26609946000002,0.0713517455780408,0.10765006315558243,97.08328247070312,24.823259864637986,67.1863111584756,0.6193823216187436,0.7953579167977278,0.155566307405479,0.6734306256563227,0.5406343181497909,High,1,Extreme Hotspot
100,50.339921000000004,0.13840108632192122,0.12987599519981424,4.1309051513671875,25.107742309346264,67.07314730697513,0.871707490237841,0.9055279395467487,0.006516211886226984,0.6452237635421931,0.6151859927071441,High,1,Extreme Hotspot
109,51.03548807000004,0.13365073471868855,0.1149324870302491,2.500068426132202,25.20026901279645,67.08951777613177,0.9006034788782401,0.897722548197815,0.0039011483807773607,0.664188523877168,0.6287127656515963,High,1,Extreme Hotspot
35,42.28022984000006,0.08531151118385172,0.0688937624317845,65.06195068359375,24.839624741550555,67.20234144567598,0.5368832090876839,0.8182954681188951,0.10421977169369705,0.7226161279063228,0.5080757723575966,High,1,Extreme Hotspot
199,47.36282558000005,0.13747215173284724,0.10860069748835287,0.22690287232398987,25.162170013456883,67.44823468730361,0.7480298189563378,0.9040015897918487,0.00025610397527287573,0.6722241785434615,0.569321027753823,High,1,Extreme Hotspot
1,33.314763380000045,-0.16089421792047362,0.16444079503465597,9.015787124633789,24.81224300166809,67.20906123411136,0.16443024494142863,0.4137502410453769,0.014349170501306983,0.6013576822006504,0.2516934631988348,Medium,0,Moderate Zone
27,46.03663382000002,0.05773103931551891,0.17583103001247455,37.07093811035156,24.82684106232945,67.30965315659117,0.6929357472488464,0.7729774802095168,0.05933589440038913,0.5869023699632387,0.5253353685237112,High,1,Extreme Hotspot
54,48.81377507000002,0.08522474030493898,0.21624865720870884,16.409032821655273,25.07678135209094,67.0302023333379,0.8083067092651758,0.8181528932688263,0.02620431621267031,0.535608483388059,0.5597183934271737,High,1,Extreme Hotspot
202,44.67284384000004,0.16281453220618036,0.14384703294320653,0.14732596278190613,25.1140816041843,67.44766373349862,0.6362797302094437,0.9456421279729237,0.0001285015802569158,0.6274931624391702,0.5218889691626143,High,1,Extreme Hotspot
1,31.80399854000001,-0.35713241348529046,0.45584374845217845,0.5613269805908203,24.761125718098647,67.1803257612521,0.101668441604544,0.0913076005996406,0.0007923564813262395,0.23153908875132045,0.10086942360235936,Low,3,Cool Zone
59,48.45830099,0.06836587356394,0.20079011875580086,10.108221054077148,24.97095213926721,67.20853605319638,0.7935392261270847,0.7904517747824662,0.01610089957191068,0.5552268670742591,0.5510540549760333,High,1,Extreme Hotspot
145,49.731513440000015,0.1356199796322967,0.13553908083738714,3.0808792114257812,25.132256019592987,67.22628912612724,0.8464323748668795,0.900958251256542,0.004832484464083876,0.6380367589476665,0.6025321605407874,High,1,Extreme Hotspot
16,41.870067440000014,0.03381646528662619,0.1270634104707776,317.190673828125,24.878475493495365,67.02788499992701,0.5198438054668086,0.7336829974365938,0.5085107791063938,0.6487932061859644,0.5748763078160039,High,2,Warm Zone
39,43.82175686000005,-0.04255447694145667,0.3613730235683038,2.091930389404297,25.06276994039697,66.95919890365501,0.6009229676961321,0.6081964773711451,0.003246694830328148,0.35143159563554316,0.4026966515188153,Medium,0,Moderate Zone
34,46.78518020000001,0.09331678046761838,0.17677847401400665,12.79957389831543,24.848490366276994,67.42068153561468,0.7240326588569398,0.8314490754373252,0.020416511609799678,0.5856999716899564,0.5365745470988159,High,1,Extreme Hotspot
54,45.195800899999995,-0.0077685529633005875,0.31284668175083313,31.183536529541016,24.87401550971131,67.34827094151623,0.6580049698260552,0.665353878077862,0.049895385257031626,0.41301622703927987,0.45808216136421526,Medium,0,Moderate Zone
144,47.76444293000003,0.10502884023072186,0.15561170688204146,0.8623637557029724,25.086743536620368,67.37972164371502,0.7647142350017754,0.8506933793517788,0.0012750720543892654,0.6125626508660219,0.5563209990902788,High,1,Extreme Hotspot
49,47.48587429999998,0.07112649128173755,0.23086082581312037,6.532104015350342,25.094231958132895,67.03332022188091,0.7531416400425969,0.7949877972607909,0.01036655902482522,0.5170642250778652,0.5265093103779368,High,1,Extreme Hotspot
222,45.52393082000003,0.15347810904984435,0.15589303467445773,0.32325518131256104,25.093404437208,67.45411609872403,0.6716364927227554,0.9303012768904779,0.00041060589628248045,0.6122056186284641,0.5307435638224373,High,1,Extreme Hotspot
216,48.077191760000005,0.15220491903787686,0.12432011434489203,0.2802687883377075,25.172193342968466,67.31403675956597,0.7777067802626902,0.9282092746272776,0.0003416767718888302,0.6522747148762225,0.5808544654673845,High,1,Extreme Hotspot
99,46.13575639999999,0.09471858678335927,0.128904088920183,2.478193521499634,25.020379482008515,67.26038377510316,0.6970536031238896,0.8337524095489135,0.0038660717456337796,0.6464572068175014,0.5341422619818017,High,1,Extreme Hotspot
102,50.780845580000005,0.10688397299666967,0.15923513185686125,0.11432753503322601,25.183781375149394,66.96012504595352,0.8900248491302798,0.8537415826116383,7.558826109533286e-05,0.6079641733559569,0.6056829087803228,High,1,Extreme Hotspot
185,46.72365583999999,0.10101030163396103,0.1127208958342723,3.5857300758361816,25.034901797799083,67.4494824304487,0.7214767483138079,0.8440904436075767,0.005642018030985925,0.6669952474734424,0.5500138198690947,High,1,Extreme Hotspot
9,44.204575100000056,0.04183640177114894,0.14677957403130615,167.94207763671875,24.881278486560813,66.97582701988628,0.6168264110756141,0.7468607047062393,0.269189116121709,0.62377148354843,0.5508112458762948,High,2,Warm Zone
71,49.321351040000025,0.11135816312228437,0.1234631044384215,15.643588066101074,25.06054278123514,67.08928933026672,0.8293929712460066,0.8610932078842165,0.024976917654179316,0.653362343517134,0.5978378677980069,High,1,Extreme Hotspot
41,45.178710799999976,-0.008184749359274596,0.27410451529768226,13.999086380004883,24.882538274252408,67.26819841458921,0.6572949946751847,0.6646700180144548,0.022339942243081144,0.46218379152980005,0.46064024443897245,Medium,0,Moderate Zone
11,44.90526920000002,0.02962707513936123,0.1887697532019572,224.31497192382812,24.884533393894856,67.00266947949015,0.6459353922612711,0.7267993323220964,0.35958363340580307,0.5704818760909314,0.5713863403224599,High,2,Warm Zone
30,46.26564116000003,0.04002079002079004,0.1680332947344583,18.449249267578125,24.86731369667556,67.23560463435483,0.7024494142705011,0.7438774391644571,0.02947582432160269,0.5967984518621561,0.5192900280357009,High,1,Extreme Hotspot
19,50.32966694000004,0.11832711671143922,0.20972438042607808,6.969880104064941,24.900080670880854,66.86335167549542,0.8712815051473206,0.8725440255497747,0.01106853749725082,0.54388842302055,0.5909390248698171,High,1,Extreme Hotspot
3,32.35429976,-0.28397457404267296,0.33455858097473185,0.5664414167404175,24.751191755951446,67.28498522758852,0.12452964146254872,0.21151461152984138,0.0008005575324301364,0.38546172239913234,0.15883153217742968,Low,3,Cool Zone
243,46.768090099999995,0.1396258796300493,0.114956165595768,0.4087337851524353,25.197721800270866,67.25556880081399,0.7233226837060693,0.9075404202829093,0.000547671718960856,0.6641584734823713,0.5584287491510787,High,1,Extreme Hotspot
187,47.28421112000001,0.09291699995393297,0.1110449966144818,3.9535858631134033,25.04544247582972,67.46166260595392,0.7447639332623355,0.8307921886163855,0.006231878579066539,0.6691221260275446,0.5579067964476676,High,1,Extreme Hotspot
39,43.13473484000002,0.04472274989470428,0.08786217697729058,495.9759826660156,24.94185460924509,67.08031353897238,0.5723819666311682,0.7516033171600792,0.7951948653904706,0.6985433712478412,0.6802006748236651,High,2,Warm Zone
34,49.459780850000016,0.1381059383044635,0.13555850968275068,7.90214729309082,25.004077377747446,66.9192771570651,0.835143769968051,0.9050429763325414,0.012563437548019791,0.6380121018596707,0.6005572341960407,High,1,Extreme Hotspot
51,44.30369768000003,0.051919876486275045,0.09905118752643988,35.45707321166992,25.000032885012335,67.08688881172199,0.6209442669506572,0.7634290501430439,0.05674804539382448,0.6843434323150077,0.5139477621131772,High,1,Extreme Hotspot
82,48.84795527000006,0.12428294911558593,0.10621351274384164,9.984076499938965,25.03897851814901,67.02730281860882,0.8097266595669167,0.8823301648939426,0.01590183249922117,0.6752537473730331,0.5952663961602699,High,1,Extreme Hotspot
185,45.22998110000003,0.1185215996994358,0.09122243124161665,0.8623757362365723,25.112276774585418,67.31162022448714,0.6594249201277962,0.8728635841759174,0.0012750912652984313,0.6942788828784159,0.5338740550695138,High,1,Extreme Hotspot
85,47.615759060000016,0.06463728543870041,0.1714235965001378,7.913368225097656,25.00185260641397,67.34192180805289,0.7585374511892083,0.78432526206777,0.01258143042819851,0.5924958303010219,0.5427082934531029,High,1,Extreme Hotspot
9,41.05657868000003,0.01847906060876702,0.13552316942364281,370.8425598144531,24.82007391410075,67.06701012708777,0.4860489882854107,0.7084818216528497,0.594542131522237,0.6380569520739947,0.5769387918574499,High,2,Warm Zone
43,41.507757319999996,-0.1140130626778684,0.4728316434930634,1.9392647743225098,25.063075788165385,66.90758275117544,0.50479233226837,0.49078154190942885,0.003001893942317807,0.2099798033151038,0.31828059834236255,Medium,0,Moderate Zone
48,48.72319754,0.11960773927979604,0.11562571164886792,21.34197235107422,25.001594677314397,66.91525379802259,0.8045438409655654,0.8746482403850512,0.03411433561459087,0.6633087546421776,0.5942051072760671,High,1,Extreme Hotspot
142,46.42970611999999,0.11413354101634868,0.1147114727279194,2.048959732055664,25.07261290299676,67.30418008665337,0.7092651757188488,0.8656534830835533,0.003177790938173402,0.6644690124496453,0.547242342974545,High,1,Extreme Hotspot
87,49.63580888000001,0.1141798450605032,0.15767784582076058,0.7480341792106628,25.13665346806771,66.94764688623468,0.8424565140220089,0.865729566122421,0.0010917433995630318,0.6099405202828319,0.5891030804336239,High,1,Extreme Hotspot
58,50.37410120000004,0.1425817362544758,0.12692596554313929,12.941394805908203,24.946573550436355,66.89425305252792,0.873127440539582,0.9123972434513852,0.020643922897525105,0.6489676371216149,0.6210650708822448,High,1,Extreme Hotspot
82,46.59718910000004,0.06100201395228927,0.21299456389736754,3.896833896636963,25.178413981815204,67.05706607228043,0.7162229321973739,0.7783520796633877,0.006140876215618012,0.5397382432180113,0.5127248525259644,High,1,Extreme Hotspot
106,45.489750619999995,0.05605006486151036,0.29624115732517425,1.11376953125,24.963012353786315,67.41979659820664,0.6702165424210144,0.7702154397213626,0.0016782038078746188,0.43409024710175603,0.47085653329893,Medium,0,Moderate Zone
149,48.87359042000003,0.1280200976685166,0.12670481364016536,1.199555516242981,25.160988641852164,67.17004520165595,0.8107916222932201,0.8884707434070939,0.0018157625194015923,0.6492483003226472,0.587890861122732,High,1,Extreme Hotspot
25,42.37251637999998,0.046426116971916,0.09915054735541852,148.98411560058594,24.897211437379653,67.18673192294206,0.540717074902377,0.7544021513852088,0.23878982850985625,0.6842173350611285,0.5259880768084219,High,2,Warm Zone
35,45.51709477999998,0.05393294183383106,0.16331702877943338,23.332401275634766,24.925661920236376,67.16913990344047,0.6713525026624053,0.7667367553743701,0.03730600891962981,0.602783850504706,0.5134347867019663,High,1,Extreme Hotspot
143,46.98684337999998,0.11852573371488728,0.13807890892900385,1.1720894575119019,25.11125918029759,67.28384723538147,0.7324103656372012,0.872870376853836,0.0017717204110073068,0.6348134709149644,0.5513003270687006,High,1,Extreme Hotspot
24,47.41751390000002,0.029871117714383166,0.2536308435682857,3.7180962562561035,25.038964910410343,66.90822520987552,0.7503017394391196,0.727200323230338,0.005854268566196323,0.4881668654585679,0.5082976844934612,High,0,Moderate Zone
134,42.78951482000002,0.05540521182979286,0.22717030479831002,0.9231643080711365,25.072615296846124,67.44790291499146,0.5580404685835999,0.7691558696736053,0.001372566367062568,0.5217478539662685,0.4432822802695001,Medium,0,Moderate Zone
35,45.85889678000001,0.04585630801835017,0.06977758912204733,191.07467651367188,24.909126798010433,66.98818207522234,0.6855520056798009,0.7534658876623971,0.30628247695500066,0.7214944661674396,0.6081101978935181,High,2,Warm Zone
70,47.67728341999998,0.11442934121772957,0.12459745827280397,3.0750832557678223,25.17395799053922,67.0318556461823,0.7610933617323378,0.866139517913333,0.004823190589420765,0.6519227385488751,0.5659486177370653,High,1,Extreme Hotspot
136,48.65825516000001,0.1677116397665542,0.16340859858214593,0.06718829274177551,25.19232539657862,66.88502873656593,0.8018459353922609,0.9536886567731344,0.0,0.6026676395492423,0.584325200582723,High,1,Extreme Hotspot
56,45.95460134000001,-0.014285367511408855,0.3527708906077587,0.8884738683700562,25.151156666630694,67.0148583723554,0.6895278665246714,0.6546459785064294,0.0013169398892879615,0.3623485361635098,0.4468069855908569,Medium,0,Moderate Zone
95,49.338441139999986,0.11143974780068333,0.1348634838187429,5.77908992767334,25.039299919284872,67.22442894242229,0.8301029463968748,0.8612272611914596,0.00915909317045538,0.6388941570496536,0.5912938724400134,High,1,Extreme Hotspot
44,45.08984228000003,0.07547919559865134,0.09922556134625693,95.0075454711914,24.93105689714683,66.96038894366565,0.6536031238906643,0.8021398069344718,0.15223784172259314,0.6841221350356809,0.556646108034221,High,1,Extreme Hotspot
35,51.53793701000001,0.13934722348833994,0.13022138078115095,4.7078118324279785,24.96918351016448,66.86438155264777,0.9214767483138084,0.9070825551774409,0.0074412876981386645,0.6447854357614016,0.6354704916789545,High,1,Extreme Hotspot
45,45.69141380000002,0.09769853609880587,0.15536752345444824,5.966484069824219,24.859051191214526,67.38662509665954,0.6785942492012781,0.8386488198675138,0.009459581609727676,0.6128725433042319,0.5221744267239166,High,1,Extreme Hotspot
15,43.17746009000001,0.0594603794092447,0.16904607943769104,2.5572588443756104,24.799770274895053,67.42243221416179,0.5741569045083421,0.7758189911826721,0.00399285380615536,0.5955131299049696,0.4661364499132704,Medium,1,Extreme Hotspot
211,46.026379760000054,0.11771617947724405,0.08810188449800792,0.45744267106056213,25.152328977078074,67.3721261232923,0.692509762158326,0.8715401831817101,0.0006257769197810659,0.6982391591693043,0.5475392084043931,High,1,Extreme Hotspot
9,43.61838467000001,0.06905163029678096,0.08130427423201798,254.31214904785156,24.83851781456529,67.14018912322085,0.5924742634007808,0.7915785544647,0.4076844162430543,0.7068659854862744,0.5990207896880358,High,2,Warm Zone
48,46.063977980000004,0.0252004581901488,0.23957827564680592,43.51276397705078,25.085530007597807,67.01643828378795,0.6940717074902373,0.7195258754232611,0.06966542860317036,0.5060009362602687,0.5041741087124305,High,0,Moderate Zone
64,44.657462750000036,0.02988346986067132,0.26467533524060044,4.415848255157471,25.183056712909263,67.04304600550404,0.6356407525736608,0.7272206192723641,0.0069731210913738986,0.4741503349885898,0.4599127411908804,Medium,0,Moderate Zone
190,49.08892567999999,0.114559022941323,0.13767600625800025,0.5427402853965759,25.194973162193406,67.20699686948984,0.819737309194177,0.8663526003729054,0.00076255252392371,0.63532479345765,0.5851034105561175,High,1,Extreme Hotspot
136,47.195342600000004,0.10013911772436747,0.1799473759425674,1.6894749402999878,25.098098266314338,67.29462969470184,0.7410720624778127,0.842658985071614,0.00260135336772994,0.5816783279823167,0.539813676690263,High,1,Extreme Hotspot
61,48.94024181000003,0.0846498048938089,0.12496862514350143,7.548397541046143,24.98270323753457,67.17981361390822,0.8135605253816122,0.8172082061679439,0.011996196172890349,0.6514516918129154,0.5812948284836421,High,1,Extreme Hotspot
216,44.82323672000001,0.15753436524354547,0.1398031944568157,0.2877795696258545,24.98662144499852,67.49728567015696,0.642527511537096,0.9369661871219285,0.0003537203871325432,0.6326251854459193,0.5241693998690946,High,1,Extreme Hotspot
58,46.38185384000002,0.045718508371933746,0.14338282930368756,23.038288116455078,24.995082276467432,67.13079733807942,0.7072772452964147,0.7532394664923739,0.036834395436108044,0.6280822818527783,0.5307218733220047,High,1,Extreme Hotspot
100,48.13017107000002,0.08636280320156417,0.18222044337713741,5.789292812347412,25.003330061041428,67.3595146301114,0.7799077032303868,0.8200228656476741,0.009175453601238316,0.578793585080402,0.5530190915556958,High,1,Extreme Hotspot
183,45.783700339999996,0.11985357026808685,0.10792103915207707,0.4859987199306488,25.13137901461974,67.37025702491522,0.6824281150159736,0.8750521698685024,0.000671566838602792,0.6730867308511848,0.5390143093665525,High,1,Extreme Hotspot
50,47.352571520000026,0.09090055404263302,0.1681397623798217,4.893495559692383,24.94083026585254,67.24716194909719,0.7476038338658151,0.8274789287176988,0.007739033469503384,0.5966633341003269,0.5444307980414221,High,1,Extreme Hotspot
26,43.40134039999998,0.0444164037854889,0.11634420490141889,31.61100196838379,24.915435708200544,67.14380303004049,0.5834575789847342,0.7510999541523764,0.050580830496068464,0.6623969170614495,0.4911726157530571,Medium,1,Extreme Hotspot
29,43.37057822000003,0.053839475571549035,0.08616879396428444,473.39093017578125,24.925255170064027,67.0390672638332,0.5821796237131706,0.7665831792149682,0.7589795008343615,0.7006924384302304,0.6777426892621499,High,2,Warm Zone
123,49.52643224000002,0.12064399438848858,0.13461078384905334,1.4297490119934082,25.14839603764836,67.1274888800942,0.837912673056443,0.8763509304880686,0.0021848801635005613,0.6392148578052887,0.5950069003977204,High,1,Extreme Hotspot
58,44.92235930000004,-0.0010752890309239907,0.24635645960450595,3.1009159088134766,24.887814121234722,67.33104078622677,0.6466453674121415,0.6763517049246895,0.004864613514955447,0.49739876381150205,0.46080680884459935,Medium,0,Moderate Zone
132,47.27395706000004,0.09982343674559745,0.15303985121250968,0.46931192278862,24.949308570300012,67.43039263878417,0.7443379481718151,0.8421402837655805,0.000644809387317978,0.6158265849995177,0.5473827411802961,High,1,Extreme Hotspot
32,52.004496740000036,0.12300882025014634,0.16339531092117016,26.328275680541992,24.922051069819588,66.89557487297066,0.940859069932553,0.8802366199830856,0.04210992442015586,0.6026845028789878,0.6394435026513207,High,1,Extreme Hotspot
95,49.839181069999995,0.1144323281824577,0.13692690417403722,12.308268547058105,25.077605037290507,67.04853568620125,0.8509052183173579,0.866144425850807,0.019628698412914494,0.6362754766123407,0.602446021130261,High,1,Extreme Hotspot
33,44.177230940000015,0.015995094208828328,0.24137574159695938,20.877351760864258,24.832797303367393,67.27444162201542,0.6156904508342208,0.7044003701165193,0.0333693117072077,0.5037197777419253,0.4610225193263532,Medium,0,Moderate Zone
18,43.87815419000003,0.09130059106145032,0.15058353831315932,2.4864206314086914,24.813307158905847,67.43620934228927,0.6032658856940014,0.8281362370070062,0.0038792640012076164,0.6189438841581424,0.4902853826605819,Medium,1,Extreme Hotspot
74,44.56004918000002,0.041110232341043454,0.11173786903974509,90.0575942993164,24.96097440986566,67.03202993656605,0.6315938942137027,0.7456675221671304,0.14430054397657704,0.6682428037600604,0.534211382756707,High,1,Extreme Hotspot
36,43.28512771999999,-0.08879852096824259,0.42258590300504284,2.9883017539978027,25.052911187382506,66.9172815452617,0.5786297479588205,0.5322120258327052,0.00468403555647644,0.2737465182923394,0.367204015606021,Medium,0,Moderate Zone
20,39.72184187000005,-0.05897136568790012,0.3243228792538713,29.04747772216797,24.862807080608192,67.21967243539146,0.43059992900248645,0.5812215811738415,0.0464701929332258,0.3984518200250541,0.3507311210153881,Medium,0,Moderate Zone
37,44.61473750000005,0.049979733250979555,0.12659537455823908,34.90677261352539,24.848165258074708,67.24782598005523,0.633865814696487,0.7602411645949168,0.05586563271022029,0.6493871891254948,0.5114263465704864,High,1,Extreme Hotspot
12,50.14680286999999,0.12337014483778856,0.1127414375111903,10.258106231689453,24.890385556226374,66.87361264511043,0.8636847710330126,0.8808303191544523,0.01634124199976795,0.6669691780943376,0.6150776024051824,High,1,Extreme Hotspot
-3,35.11264190000003,0.01705518063434865,0.04550914186574147,161.92999267578125,24.84287915401428,66.98983095922107,0.2391196308129224,0.7061422179008491,0.2595486758926328,0.752293478065809,0.4169150495966164,Medium,2,Warm Zone
301,46.22804294000002,0.15558278640857365,0.11392092934052984,0.19541671872138977,25.109405024222976,67.46760613036727,0.7008874689385874,0.9337595115266137,0.00020561560329849756,0.665472288635272,0.553564775932306,High,1,Extreme Hotspot
10,42.28364786000003,0.0586996617923868,0.09397902187165746,311.7498474121094,24.827951992909494,67.12524493661876,0.5370252041178566,0.7745690418733276,0.4997863578446892,0.6907805021737543,0.594098127824065,High,2,Warm Zone
63,47.19876062000003,0.09135196870820264,0.15672365136686076,2.762551784515381,24.938269067101956,67.31550430927429,0.7412140575079877,0.8282206565769632,0.004322043152568081,0.6111514855344873,0.5440295293847791,High,1,Extreme Hotspot
39,46.74074594000001,0.06415327067719584,0.11022394706705685,12.015464782714844,24.852905141832345,67.31579654164692,0.7221867234646785,0.7835299683826388,0.019159184557514895,0.6701641174872052,0.545226804280087,High,1,Extreme Hotspot
77,47.00051546000003,0.06851893002972141,0.18491396063743343,3.967332124710083,24.999201820268457,67.23422212590019,0.732978345757899,0.7907032647170419,0.006253920851282761,0.5753752505956209,0.5284353583426608,High,1,Extreme Hotspot
55,44.173812920000046,-0.009873556041211403,0.33878636431834536,5.015995979309082,25.113705391971607,67.03844791970583,0.6155484558040482,0.6618951082464619,0.00793546415553404,0.38009625553887216,0.4235067657052465,Medium,0,Moderate Zone
222,47.731971740000006,0.10881686775425875,0.13172963018471262,0.10259750485420227,25.17788951834926,66.93009670549054,0.763365282215122,0.8569175580508075,5.6779036747893777e-05,0.6428713210743181,0.5624722055677205,High,1,Extreme Hotspot
119,46.043469860000016,0.13036518748667558,0.13246859639541228,0.6153371334075928,24.933308589622023,67.4614085906928,0.6932197373091942,0.8923240042408128,0.0008789623182990044,0.6419335013252644,0.5397429364044273,High,1,Extreme Hotspot
250,45.25390723999999,0.16913346334096518,0.14913146372076533,0.11194251477718353,25.139427665115218,67.4585601832947,0.660418885339012,0.9560248816159156,7.176385652139482e-05,0.6207867075648539,0.5317465688550933,High,1,Extreme Hotspot
25,44.85399890000002,0.0154894232962816,0.3107045233182869,5.4909210205078125,24.823731997722845,67.36103776777935,0.6438054668086619,0.7035694928055612,0.008697011356333068,0.41573483372867337,0.44837883022911695,Medium,0,Moderate Zone
273,45.32397665000002,0.16058009630539083,0.17681562796602665,0.30702680349349976,25.159104424757462,66.90927647809457,0.6633297834575791,0.9419706846553594,0.00038458352510908146,0.5856528197235265,0.5238542259073181,High,1,Extreme Hotspot
3,32.42607817999999,-0.3112170369800876,0.5313818802190895,2.318389892578125,24.7999030264862,67.25464785054903,0.127511537096201,0.1667520124012547,0.0036098249788271038,0.13567387766060335,0.10405464847549604,Low,3,Cool Zone
95,49.943430680000006,0.12236483858420852,0.11200746059305644,3.201744556427002,25.107377254682053,67.1109209155727,0.8552360667376636,0.8791784816926983,0.005026293291108377,0.6679006659475155,0.6088079054612504,High,1,Extreme Hotspot
274,47.19876062000003,0.1396723208309369,0.1514270280003601,0.2312142550945282,25.155184030911002,67.49272281128512,0.7412140575079877,0.9076167286865641,0.00026301732200268677,0.6178734139859934,0.556268569433879,High,1,Extreme Hotspot
43,45.75635618000001,0.1213246459236355,0.18642156520118355,13.876864433288574,24.84479427215096,67.27073366603953,0.6812921547745827,0.8774693217247213,0.022143958091217764,0.5734619542727625,0.5243656405458983,High,1,Extreme Hotspot
22,42.48702005000001,0.08538343005650056,0.1567253900076596,2.924318552017212,24.80839196576675,67.44363445064955,0.5454739084132054,0.8184136393603704,0.004581437832331402,0.6111492790307879,0.46432682453357815,Medium,1,Extreme Hotspot
48,44.1533048,-0.012347446135302021,0.2907777574994957,3.528893232345581,24.952469865707883,67.2479192701878,0.6146964856230026,0.6578302132762692,0.005550879566369974,0.441023831045529,0.43414561234133975,Medium,0,Moderate Zone
164,46.761254060000056,0.16241415421925803,0.17805313686090637,0.376190721988678,25.095871589663528,66.86444247496331,0.723038693645724,0.9449842594325611,0.0004954885816067341,0.5840823009847211,0.5479034487155197,High,1,Extreme Hotspot
61,48.224166620000005,0.11154519914063783,0.21029644838268136,2.6179585456848145,24.948103229019104,67.2787227407023,0.7838125665601698,0.8614005302555966,0.004090186403115684,0.5431624133333204,0.5523901354298505,High,1,Extreme Hotspot
166,47.57816084000001,0.1153989450359825,0.14191213074917527,0.6517280340194702,25.01200150287378,67.47591165296696,0.7569755058572947,0.8677326920374829,0.0009373155026785461,0.6299487408726304,0.559174183198736,High,1,Extreme Hotspot
129,48.340379299999995,0.13359990751507972,0.10773952622952966,0.9467387199401855,25.16164980862843,67.11547842350113,0.7886403975860835,0.897639033071257,0.0014103681795844842,0.6733170883438666,0.5851180237087914,High,1,Extreme Hotspot
58,44.180648959999985,-0.055732962359896894,0.349250444480362,3.075876235961914,24.931506292113244,67.30540812530654,0.6158324458643935,0.586542662102578,0.004824462141338886,0.3668163235344998,0.4088837579033788,Medium,0,Moderate Zone
150,47.25003092000003,0.12682841725407626,0.12404353068188081,1.6624164581298828,25.106146221602348,67.30362757589353,0.7433439829605969,0.8865126710843555,0.0025579648125539428,0.6526257263537188,0.5614791303207743,High,1,Extreme Hotspot
191,46.20069878000004,0.15634083262765205,0.14753264811634512,1.049627423286438,25.062759650145455,67.43857122229637,0.6997515086971965,0.9350050714124251,0.0015753512763473122,0.6228157595393695,0.5451083539177031,High,1,Extreme Hotspot
114,47.714881640000044,0.12181070816785335,0.13115047574718713,1.4568865299224854,25.003221331291343,67.40539490689861,0.7626553070642539,0.8782679796668996,0.0022283954533310556,0.6436063241927275,0.5660806834776148,High,1,Extreme Hotspot
16,46.22291590999998,0.028654135710397766,0.11116771690633147,136.45953369140625,24.90085203855109,67.00909709394323,0.7006744763933248,0.7252006773937537,0.2187065322700128,0.6689663820819625,0.5775198016502887,High,1,Extreme Hotspot
64,44.87792504000004,0.018655534226662,0.19192705739612287,79.79571533203125,25.016910198091992,67.1359659115997,0.6447994320198802,0.7087717887469686,0.12784551523614823,0.5664749510324023,0.5094919101355149,High,0,Moderate Zone
165,46.043469860000016,0.0775878744335138,0.13311834344634454,1.3758469820022583,25.031865446757752,67.4582456581612,0.6932197373091942,0.8056046164706995,0.0020984477025936016,0.6411089093379302,0.5268749811875171,High,1,Extreme Hotspot
169,51.31747472000001,0.1451504274247863,0.13270924015661964,0.5682057738304138,25.158183480764286,67.24531548789939,0.912318068867589,0.9166179078386654,0.0008033866972172893,0.6416281010667964,0.630946380610499,High,1,Extreme Hotspot
61,52.49327360000001,0.09704054953736137,0.11157519468013682,29.11043930053711,24.977574202439804,66.97167623166592,0.9611643592474258,0.8375676698720231,0.04657115247337531,0.6684492532903588,0.6554335329561894,High,1,Extreme Hotspot
28,48.8701724,0.09369298832400867,0.16533128077313103,90.6629867553711,24.909640968132663,66.93750876150303,0.810649627263045,0.8320672295852563,0.14527129702242533,0.6002275694841273,0.6054332734954382,High,1,Extreme Hotspot
118,48.345506330000035,0.13586648048094055,0.12981917346713437,2.5978028774261475,25.187246653146314,67.06449287335079,0.788853390131346,0.9013632814000372,0.004057866581225731,0.6452958758286699,0.5808194900735844,High,1,Extreme Hotspot
229,45.823007570000016,0.16270325788263382,0.11143776392519607,0.16354887187480927,25.1929052908923,67.46187092913544,0.6840610578629748,0.9454592910558041,0.0001545151822715289,0.6686236662394823,0.5492066788470249,High,1,Extreme Hotspot
89,47.079129920000014,0.09094301708052241,0.19233213003186322,1.8530529737472534,24.96799926140533,67.3898552920143,0.736244231451899,0.8275487005275087,0.002863652431113815,0.5659608745941322,0.5325380856864907,High,1,Extreme Hotspot
112,50.43904358000003,0.12424524958800524,0.16585598211913857,0.10220402479171753,25.19708642958709,66.86800731503891,0.8758253461128865,0.882268220096796,5.614808741029064e-05,0.5995616726169688,0.6025967430049204,High,1,Extreme Hotspot
28,44.68993394000006,0.08003476186851394,0.15360354448302327,26.045528411865234,24.884418773290275,67.2130916836661,0.6369897053603142,0.8096251428679387,0.04165653625925606,0.6151112036006906,0.5096760283592686,High,1,Extreme Hotspot
208,45.05908010000002,0.15384327986450125,0.12688974582244897,0.1106463223695755,25.1257185781032,67.45100379388276,0.6523251686190984,0.9309012958692134,6.968539862997822e-05,0.6490136034579328,0.5303854038692655,High,1,Extreme Hotspot
52,46.81423337000001,0.08276140806317477,0.12890296165914136,7.122974395751953,24.976438692462445,67.15108740803315,0.7252396166134183,0.8141053461027742,0.01131402577261798,0.6464586374210282,0.5443318824881436,High,1,Extreme Hotspot
40,43.86790013000001,0.05835607466433794,0.21433314016643631,2.511915922164917,24.864425166317446,67.43149726843855,0.6028399006034787,0.7740044874527554,0.003920145962832454,0.538039460184943,0.4658245618870015,Medium,0,Moderate Zone
58,46.49806652000001,0.07756348051937396,0.10475933069608596,120.75393676757812,24.933420910744267,66.96638215173178,0.7121050763223283,0.805564534375247,0.19352244565282745,0.6770992453448733,0.5894771711674,High,1,Extreme Hotspot
155,47.70120956000005,0.12030137577376901,0.14825902547017358,1.0900264978408813,25.15716132280541,67.19129438466621,0.7620873269435584,0.8757879674498178,0.0016401316089744433,0.6218939162699177,0.5609919420511232,High,1,Extreme Hotspot
109,46.42628810000002,0.06825850515638901,0.15102489264626942,1.2940280437469482,25.01243926006906,67.41541287401861,0.7091231806886761,0.7902753557487936,0.001967250191417081,0.6183837627291406,0.5263591407314719,High,1,Extreme Hotspot
71,45.56494706000001,0.024075638871062767,0.2684094922683313,0.6934567093849182,25.15160920535403,67.00676192320641,0.6733404330848417,0.7176776638137597,0.0010042278639164342,0.4694113277701705,0.4711211453260139,Medium,0,Moderate Zone
58,45.718757960000005,0.01565604219794262,0.29502778323270157,20.352142333984375,25.082788439412404,67.03485794787953,0.679730209442669,0.7038432674315718,0.032527132975456494,0.43563013643693094,0.47272638442305365,Medium,0,Moderate Zone
104,46.12892036000005,0.10819144554242005,0.14493426905209056,0.8913580179214478,24.92034932099316,67.40733938748498,0.6967696130635442,0.8558899151457234,0.0013215646528338134,0.6261133544316697,0.5326443945468187,High,1,Extreme Hotspot
33,43.403049409999994,-0.0013533528607324594,0.2267633640005333,33.412845611572266,24.840883193346563,67.30693385228106,0.5835285764998217,0.6758948130579566,0.053470105357811375,0.5222643012832431,0.45261603915472365,Medium,0,Moderate Zone
45,50.23396237999998,0.1334733027559278,0.15363431451455722,4.565909385681152,24.9568521388524,66.85688865497931,0.8673056443024477,0.8974310064293668,0.007213745661538915,0.6150721534481481,0.6063547757903984,High,1,Extreme Hotspot
136,48.55913257999998,0.09211754152543909,0.15917275518949678,1.4698567390441895,25.14772762434397,67.15850520824917,0.7977280795172154,0.8294785835566355,0.0022491933174013114,0.6080433353929857,0.5656839847483289,High,1,Extreme Hotspot
213,46.87404872000002,0.1519067139876775,0.1280604468657782,0.26576465368270874,25.005941230346615,67.49777127378404,0.7277245296414626,0.9277192883455357,0.0003184192424087106,0.6475278703584012,0.5598328839906979,High,1,Extreme Hotspot
78,48.600148820000015,0.09994347887522972,0.17896276005034417,0.6062502264976501,25.120054610280494,66.95469228053095,0.7994320198793041,0.8423375272284649,0.0008643913693683657,0.5829279009879414,0.5629251150759218,High,1,Extreme Hotspot
30,46.474140379999994,0.057061728984227705,0.19969884273033064,7.511744499206543,25.049538458972556,66.97741430912684,0.7111111111111101,0.771877723916518,0.011937422642349059,0.5566118021274948,0.514532819118008,High,1,Extreme Hotspot
57,51.61655146999999,0.09191043600683972,0.17208680577312704,3.953917980194092,25.150902475892348,67.04037709500336,0.9247426340078084,0.8291382846149548,0.006232411132230081,0.5916541534490101,0.6141567297682262,High,1,Extreme Hotspot
77,48.90093458000001,0.08500828588773848,0.18059510325920128,3.766584873199463,24.90135983626321,67.46883807507204,0.811927582534611,0.817797232977427,0.005932020563460203,0.5808562992335791,0.5650948829480393,High,1,Extreme Hotspot
111,47.11331012000005,0.09936563474556945,0.09425620476271442,4.348117351531982,25.017474141136518,67.29882241784742,0.73766418175364,0.8413880607578959,0.006864513888996469,0.690428730217785,0.5610757563309465,High,1,Extreme Hotspot
57,43.87644518000002,-0.07233757785570608,0.40428584017938446,1.5340937376022339,25.097065839169243,66.9399437560408,0.6031948881789139,0.5592593085808805,0.002352198006975344,0.2969710718352905,0.3851491154274996,Medium,0,Moderate Zone
61,45.633307460000026,0.05838521570546751,0.09854641383828187,58.74934005737305,25.03685291717522,67.0922412523366,0.6761803336883213,0.7740523696411342,0.09409743546143894,0.6849840390527759,0.5471011555974136,High,1,Extreme Hotspot
177,46.28273125999999,0.1395707041823935,0.17200263812506178,1.4925765991210938,25.067153465909698,67.46422408845567,0.7031593894213692,0.9074497604754304,0.0022856248473127273,0.5917609703527388,0.5363048201222382,High,1,Extreme Hotspot
103,48.371141480000006,0.1101173951638911,0.15066290647086134,1.0561734437942505,24.984347239975637,67.41192096512071,0.7899183528576494,0.8590544789021584,0.001585847887731532,0.6188431582728973,0.5689906066048959,High,1,Extreme Hotspot
4,38.40761318,0.003427946945797449,0.2494473910972431,1.498760461807251,24.76252428824347,67.49977744915122,0.37600283990060296,0.6837510559771439,0.0022955407348954964,0.49347607214456324,0.3522328939694493,Medium,0,Moderate Zone
76,47.50980044000005,0.11224926139014144,0.15724040658268695,4.259034633636475,24.98224211233897,67.31876636093186,0.7541356052538174,0.862557388073794,0.006721668832265704,0.6104956730767438,0.5548174021360113,High,1,Extreme Hotspot
118,51.63876860000005,0.11088552082593116,0.16346375245753553,8.255227088928223,25.102758762865818,67.1972939113803,0.9256656017039415,0.8603166005087571,0.013129604641462548,0.6025976439353316,0.6231156607053222,High,1,Extreme Hotspot
228,46.86892168999998,0.1561340355969532,0.12510161913149517,0.2189731001853943,25.150926546127277,67.36028609009624,0.7275115370962001,0.9346652793529693,0.0002433885038800025,0.6512829095511015,0.5615218357776157,High,1,Extreme Hotspot
35,43.620093680000025,0.08785656071719643,0.13365135561418662,27.074024200439453,24.836335885850197,67.27173746982436,0.5925452609158683,0.8224772864913832,0.043305739861671584,0.6404324652322992,0.4993026253519326,Medium,1,Extreme Hotspot
16,39.89616089000003,0.032313090641852435,0.10860351995598268,262.961669921875,24.833706084990993,67.1662759832442,0.43784167554135695,0.7312127745085609,0.42155401215494687,0.6722205965584587,0.5246512087432553,High,2,Warm Zone
48,43.47995486000002,0.014655493287971843,0.26336259187896954,278.9902038574219,24.9146615596576,67.11927394031417,0.5867234646787365,0.7021992468498623,0.4472559316004204,0.4758163335581469,0.5469965225107084,High,2,Warm Zone
22,50.14338485000002,0.10250928364179482,0.17000893429409367,47.306785583496094,24.906131933285415,66.9334942011591,0.8635427760028398,0.846553448911898,0.0757491813715371,0.594291173763089,0.6101956578334227,High,1,Extreme Hotspot
164,46.668967520000024,0.12858836094612908,0.12125795544531637,0.6317426562309265,25.104470386647886,67.39994815269786,0.7192048278310262,0.8894044674009084,0.0009052687433134027,0.6561608913335244,0.55255109669508,High,1,Extreme Hotspot
82,50.107495640000025,0.116999231723119,0.15942234726273122,1.276197910308838,24.954716989924638,67.37689677470208,0.8620518281860137,0.8703621529504582,0.001938659388591874,0.6077265788591993,0.5974050348359621,High,1,Extreme Hotspot
161,46.79714326999999,0.15713493903053513,0.12079465697993014,0.531895637512207,25.113566504084947,66.88075653719552,0.7245296414625477,0.9363098824590387,0.0007451630192154576,0.6567488619934199,0.5617944021073628,High,1,Extreme Hotspot
59,41.97260804000001,-0.06020506260269406,0.39026448223559307,2.3693461418151855,24.923683765068045,67.32214973233782,0.5241036563720269,0.5791944707554494,0.0036915338499191696,0.3147655341501352,0.360396623454635,Medium,0,Moderate Zone
171,45.390628040000024,0.1328680814123041,0.12816938070510578,0.35533469915390015,24.957021351330205,67.48011994773718,0.6660986865459713,0.8964365559477446,0.0004620457339322111,0.6473896227573845,0.5304983939955101,High,1,Extreme Hotspot
122,49.13677796000002,0.11732458655412067,0.12998611501466117,1.4755955934524536,25.145657628084596,67.1259258272395,0.8217252396166134,0.870896749543583,0.0022583956296217318,0.6450840108232863,0.5889060093502455,High,1,Extreme Hotspot
22,43.33298000000002,0.007865151446001235,0.1693712201357101,269.4141540527344,24.873105291769626,67.09297654099637,0.5806176783812569,0.6910419094785504,0.43190063699421266,0.5951004948434359,0.5628986159915257,High,2,Warm Zone
5,40.9061858,0.00996976186465823,0.16140930282886168,390.09942626953125,24.790749893657452,67.06032575618505,0.4798012069577561,0.6945000341242044,0.6254207154520512,0.6052049396510344,0.5734916546949528,High,2,Warm Zone
64,46.22120690000003,0.058375118855090294,0.1285118070740176,56.522254943847656,25.017759795620158,67.11208623069199,0.7006034788782397,0.7740357793178975,0.09052628151709101,0.6469550505039952,0.5483693389290523,High,1,Extreme Hotspot
271,46.74758198000001,0.1634637720284023,0.1191359087530394,0.24677452445030212,25.12928361043574,67.47712893709814,0.7224707135250262,0.9467089060380053,0.00028796837436593755,0.6588539742750938,0.5628374082643215,High,1,Extreme Hotspot
220,47.67044738000004,0.13342080175188553,0.1450094161958568,0.24865445494651794,25.182171299883734,67.31723099445709,0.7608093716719925,0.8973447410500879,0.0002909828623017102,0.6260179854222501,0.5642018026263357,High,1,Extreme Hotspot
37,42.65279401999999,0.008074041576673838,0.17936011957006934,311.22906494140625,24.914961027650943,67.09810375289388,0.5523606673766407,0.6913851407496251,0.4989512777828164,0.5824236132415235,0.5658745801571089,High,2,Warm Zone
36,40.26018002000001,0.04593489006306455,0.08259959287679436,52.32239532470703,24.834693019719364,67.22656795644876,0.45296414625488085,0.7535950072862114,0.08379176331052825,0.7052221005713761,0.45621727053679134,Medium,1,Extreme Hotspot
28,44.18406698000001,0.008624683702198859,0.24606503127257257,26.10540008544922,24.82815179555715,67.30273351887337,0.6159744408945685,0.6922899110996781,0.041752541105220704,0.4977686146127479,0.4602251212216339,Medium,0,Moderate Zone
110,45.50854973000003,0.069553936037754,0.2015579882881018,1.9798494577407837,25.04066340868897,67.40151630668667,0.6709975150869724,0.7924039023994598,0.0030669719006720143,0.5542523662085068,0.49887680761157727,Medium,1,Extreme Hotspot
76,49.77252968000005,0.10691337202572881,0.1182952432615978,12.726144790649414,25.06781949477211,67.11110596204061,0.8481363152289682,0.8537898887047978,0.020298767278485664,0.6599208602690765,0.6043818732707437,High,1,Extreme Hotspot
25,39.01260272000002,-0.1241405597880892,0.3790723553366796,303.21923828125,24.904059793922137,67.06482868596314,0.40113596024139186,0.47414086245389675,0.4861074381391305,0.32896942803288576,0.41889625860600105,Medium,2,Warm Zone
7,40.96087412000003,0.04592418060100011,0.11060615918998594,278.54925537109375,24.784898082824565,67.05045725402516,0.4820731274405402,0.7535774103692816,0.446548866155709,0.6696790532555521,0.551438889721646,High,2,Warm Zone
5,34.28548106000005,-0.3511994758592884,0.5729015414851646,15.088033676147461,24.85033797875664,66.8942947766147,0.20475683351082896,0.10105612110667968,0.024086080461234272,0.08298140303110901,0.11967895229186391,Low,3,Cool Zone
140,50.11774969999999,0.1287893968453898,0.1501648155535493,0.9764255285263062,25.152402196290943,67.1545408264678,0.862477813276534,0.8897347932378099,0.0014579712832708122,0.6194752839267039,0.6027108939024436,High,1,Extreme Hotspot
33,47.93192591000002,0.11423239211274769,0.16690624500878462,4.871512413024902,24.84169541405127,67.36736467516862,0.7716719914802982,0.8658159071643602,0.007703783267140673,0.5982287872084794,0.5601128859252544,High,1,Extreme Hotspot
43,43.20651326000001,-0.019609143747875382,0.32365303782957594,6.55369234085083,25.06184887244505,66.88658423576122,0.5753638622648205,0.6458983824439618,0.01040117612737542,0.3993019137199251,0.4094909790483514,Medium,0,Moderate Zone
11,43.849101020000035,0.04841242826516657,0.10028332784783611,324.7345886230469,24.833553421214372,67.07927292055882,0.602058927937523,0.7576658965307422,0.5206075242698798,0.6827797268163265,0.6211812820853558,High,2,Warm Zone
40,42.85787521999998,0.0281076484628563,0.11864061864061867,67.27803039550781,24.949107417851845,67.10817322297952,0.5608803691870772,0.7243027340012351,0.10777327836307792,0.6594825454360125,0.49183738645298813,Medium,1,Extreme Hotspot
202,47.861856500000044,0.14822318242080262,0.11628479973491979,0.16496585309505463,25.18925992681979,67.45347960195134,0.7687610933617335,0.9216668089025313,0.00015678732626953534,0.6624723079758541,0.5782881171068113,High,1,Extreme Hotspot
6,44.57372126000001,0.10866786181647642,0.11722653620426465,86.46430969238281,24.77229866024529,67.07880362985178,0.6321618743343982,0.8566727236143599,0.13853867505684692,0.6612771531141459,0.5482557576629542,High,1,Extreme Hotspot
97,48.58989475999999,0.12450725750456458,0.09629813641737626,21.236919403076172,25.035629004608047,67.04774193446411,0.7990060347887813,0.8826987301929059,0.03394588212921206,0.6878373210244653,0.5980611581816444,High,1,Extreme Hotspot
65,50.50398596000002,0.08334335048886811,0.1440573515088007,2.643251657485962,24.89771269429013,67.3762247884599,0.878523251686191,0.8150615465600188,0.004130744168701265,0.6272262477933435,0.6001464682593233,High,1,Extreme Hotspot
164,48.58647674000002,0.12289699208073004,0.13574077592116887,0.5414350628852844,25.174292863389464,67.1849223372953,0.7988640397586086,0.8800528730314842,0.000760459586167922,0.6377807883361302,0.5792998194219341,High,1,Extreme Hotspot
165,46.21778888000006,0.1419554535812464,0.17648734797086746,1.2772951126098633,25.050478451811994,67.44353847918262,0.700461483848067,0.9113681867061358,0.001940418763795479,0.5860694388574217,0.5345888140075804,High,1,Extreme Hotspot
34,44.26268144000005,0.0702167350676661,0.2096621882014457,1.0115901231765747,25.05116756464536,66.96486670947228,0.6192403265885709,0.793492959851678,0.001514358073395738,0.5439673509818739,0.4758921343279037,Medium,1,Extreme Hotspot
99,49.40509253000005,0.09793234049268496,0.14653643409455083,1.4419523477554321,24.917512407427168,67.38660211245231,0.8328718494852692,0.839032988229301,0.002204448338230879,0.6240800516956215,0.5843708104521849,High,1,Extreme Hotspot
144,49.31109698,0.08521273006941925,0.17054702567412902,2.6722707748413086,25.152870125365595,67.16810369933853,0.8289669861554838,0.818133159026763,0.004177276622614083,0.593608283644859,0.5740727442008332,High,1,Extreme Hotspot
36,49.52643224000002,0.08645541267846214,0.2097937539344665,16.107723236083984,24.98634848234806,66.92175635076204,0.837912673056443,0.8201750340070261,0.025721163185222946,0.5438003813140608,0.5733816913827491,High,1,Extreme Hotspot
63,50.028881179999985,0.1406062306852523,0.12138005564164277,26.85231590270996,24.978194889040385,66.90339876521779,0.8587859424920113,0.9091512533926084,0.042950228320095145,0.6560059343492669,0.6218258089555729,High,1,Extreme Hotspot
97,49.36920332,0.12397011739594448,0.11350666968121186,16.99216079711914,25.034226731509598,67.04574073430744,0.8313809016684407,0.8818161452587433,0.02713936793430882,0.6659980242969564,0.6048092292991563,High,1,Extreme Hotspot
482,43.48679090000002,0.1419181723716029,0.09809358070573894,0.30399659276008606,25.158467459625328,66.89616526195078,0.5870074547390842,0.9113069292549967,0.0003797245509517328,0.685558728190893,0.5087056980597997,High,1,Extreme Hotspot
100,45.48462359000001,0.09755520835204043,0.09307873299230333,4.692612648010254,25.01798297571574,67.31629082900693,0.6700035498757542,0.8384133153726667,0.007416915649196939,0.6919230560262671,0.5340022573737544,High,1,Extreme Hotspot
187,48.345506330000035,0.18473074827987188,0.17591663880530486,0.11323494464159012,25.16839690272884,66.88121473164107,0.788853390131346,0.9816530715053016,7.383628113599006e-05,0.5867937241071137,0.5801665206700404,High,1,Extreme Hotspot
133,48.92486072000003,0.11570759934220563,0.15521186440677961,1.370415210723877,25.08725332322604,67.29619546425637,0.8129215477458293,0.8682398476867543,0.0020897378013384664,0.6130700897236878,0.5785410486464171,High,1,Extreme Hotspot
85,49.24273658000004,0.10390863556433032,0.15115804925786977,5.549820899963379,25.01902281050267,67.23108380896069,0.8261270855520066,0.8488527501642178,0.008791457920392043,0.6182147740822069,0.5836195660419747,High,1,Extreme Hotspot
133,47.62601312000004,0.12483768461725243,0.14267991784636164,0.4346279501914978,24.947250200723637,67.42614964674779,0.7589634362797311,0.8832416611467058,0.0005891932796112546,0.6289743446250289,0.5620137909288068,High,1,Extreme Hotspot
1,30.41286439999999,-0.12439285111490354,-0.011605670952852221,1.3993542194366455,24.777280798117086,67.29047029323222,0.04387646432374805,0.4737263178676838,0.0021361418002168613,0.8247777116467581,0.25409911118905765,Medium,0,Moderate Zone
5,43.75681448,0.0880432033562938,0.0778248857649627,9.899515151977539,24.795541838929555,67.10536440570422,0.5982250621228252,0.8227839624939682,0.01576623750580226,0.71128166670659,0.508905511940994,High,1,Extreme Hotspot
84,47.98490522000003,0.06990793966224315,0.2022234674436848,1.7602746486663818,24.933648293560054,67.37815273752834,0.7738729144479948,0.7929855723596788,0.0027148814301536975,0.5534078086554648,0.5398572837217811,High,1,Extreme Hotspot
33,51.628514540000026,0.14039599070194084,0.19603378265979807,9.684982299804688,24.922182689752496,66.87009866995155,0.9252396166134187,0.9088058041534778,0.01542223186516622,0.5612631186096915,0.622524898956619,High,1,Extreme Hotspot
154,47.11331012000005,0.10860558044543102,0.11018831735613972,0.44389641284942627,25.103717551958294,67.35675146636075,0.73766418175364,0.8565703879315808,0.0006040553550559187,0.6702093350439315,0.5577441117387434,High,1,Extreme Hotspot
26,50.08527851000002,0.1130880005470517,0.18557684617054593,10.908964157104492,25.000348372058422,66.9398103708785,0.861128860489883,0.8639355360312851,0.01738489939455729,0.5745339846008927,0.5932948963694639,High,1,Extreme Hotspot
73,49.90412345000004,0.10254051276436829,0.135264330022181,9.566885948181152,25.04047305840605,67.03589032351685,0.8536031238906647,0.8466047620658557,0.01523286314757559,0.6383854443636412,0.5999172685257663,High,1,Extreme Hotspot
143,46.47584939000001,0.1114569378656577,0.16190083179596726,0.8104199767112732,25.096680965028973,67.35970077589073,0.7111821086261977,0.8612555065079426,0.001191779669152625,0.6045811417480869,0.534875342693576,High,1,Extreme Hotspot
64,47.892618680000055,0.10955541657419932,0.1349201587396823,23.000349044799805,25.044890436346243,67.08335719438895,0.7700390486332994,0.858131081396323,0.0367735597434963,0.6388222310815059,0.5736931178149435,High,1,Extreme Hotspot
45,48.28569098000003,0.0688275488478456,0.19136728516910123,22.699800491333008,24.937221414075342,67.22404920411296,0.7863684771033017,0.7912103620551557,0.036291627038875944,0.5671853562469732,0.5557389231587077,High,1,Extreme Hotspot
201,48.14555216000002,0.13664846887933824,0.12009486078228425,0.19398461282253265,25.16868494569127,67.26224627255122,0.7805466808661699,0.9026481811273893,0.00020331920672237756,0.6576369711991759,0.5791941235570921,High,1,Extreme Hotspot
285,45.51367676000001,0.17516348876660728,0.13223643021543202,0.24687111377716064,25.148554262439145,67.42592699668407,0.6712105076322326,0.9659329288979585,0.00028812325634754567,0.6422281427114269,0.5418918017439591,High,1,Extreme Hotspot
56,46.14942847999998,-0.02981739325902124,0.27474793767186073,23.544933319091797,25.08055136981382,67.0353757352097,0.697621583244585,0.6291250172118321,0.037646806242858495,0.46136722617031456,0.4751025326743864,Medium,0,Moderate Zone
71,49.19488430000001,0.0937638794631912,0.11304970171985668,22.4493465423584,25.045922345697356,67.15498907948485,0.8241391551295701,0.832183712138698,0.03589002154911432,0.6665779609336233,0.596771316446636,High,1,Extreme Hotspot
17,42.099074780000024,0.052967614975340756,0.08565890177467332,454.8460388183594,24.856700560822272,67.01603219091525,0.5293574724884633,0.7651506088026034,0.7292425763152413,0.7013395410424768,0.6490941326030816,High,2,Warm Zone
57,47.77982401999998,0.02938242203842555,0.31053867984737177,4.659280776977539,25.132674371072753,67.0375543735303,0.7653532126375561,0.7263973382473349,0.007363467650291073,0.41594530516840067,0.5001308137383756,High,0,Moderate Zone
73,45.17187476000004,0.020803743627311747,0.17708216328419504,67.79377746582031,25.027005378767537,67.1293254277325,0.6570110046148393,0.7123015516933827,0.1086002841085013,0.5853145605696175,0.513862617740992,High,0,Moderate Zone
36,41.680367330000024,0.046268958543983794,0.1117606845666061,26.109355926513672,24.848644052244723,67.33249113627181,0.5119630812921552,0.7541439214400908,0.0417588843371586,0.6682138486449747,0.4619893115461603,Medium,1,Extreme Hotspot
200,47.728553720000036,0.14855250004900125,0.15681644681946494,0.17658573389053345,25.159431780972024,67.4410308003952,0.7632232871849493,0.9222079168416666,0.00017541992494464378,0.6110337191105095,0.5658711012035678,High,1,Extreme Hotspot
62,44.31907877000003,-0.03005908419497787,0.35337962822573304,10.829026222229004,25.08703092882958,67.04075934713666,0.6215832445864402,0.6287278903256143,0.017256718091696464,0.3615759891216257,0.41957185873066755,Medium,0,Moderate Zone
42,44.131087670000056,0.06699209487575364,0.1099314095195273,49.60248565673828,24.936017953590664,67.16936201063328,0.6137735179268743,0.7881944933886379,0.0794303601113209,0.6705353759905583,0.5177032464049873,High,1,Extreme Hotspot
294,48.272018900000035,0.16028694087456877,0.13354842319240587,0.2747056484222412,25.16941940031174,67.28658519320321,0.7858004969826062,0.9414889954974296,0.0003327562196695087,0.6405630964527342,0.5837393564631213,High,1,Extreme Hotspot
151,49.63580888000001,0.11133369238246603,0.1666465475615645,0.8952077627182007,25.12205856514218,67.2863505415382,0.8424565140220089,0.8610529995550582,0.0013277377583124335,0.5985583684413632,0.5861841636699131,High,1,Extreme Hotspot
107,48.18315038000003,0.11620766883244725,0.13809755846337304,4.878836631774902,25.052832468552516,67.2705377326439,0.7821086261980835,0.8690615211962144,0.007715527727430709,0.6347898028481587,0.572089521160155,High,1,Extreme Hotspot
31,50.91243935,0.11410706927152789,0.15048174468900966,13.922689437866211,24.981821934318763,66.87863250535617,0.8954916577919764,0.8656099868657416,0.022217438958587105,0.6190730701340004,0.6174071349130986,High,1,Extreme Hotspot
73,48.480518120000056,0.10896575471307095,0.13217147533279866,13.919102668762207,25.060829437030353,67.11767477905964,0.7944621938232177,0.8571621969906896,0.022211687537343507,0.6423105767535373,0.5803742443129338,High,1,Extreme Hotspot
19,41.35565543000001,0.0060082662044703035,0.1669578389295632,213.94332885742188,24.864302731998766,67.0587926813396,0.4984735534256301,0.6879908266933634,0.34295259680059015,0.5981633095220349,0.5079588564788111,High,2,Warm Zone
4,41.900829620000025,0.035850589480048406,0.10366641614715405,211.55780029296875,24.858546785144235,67.09263640920034,0.5211217607383746,0.7370253048504681,0.33912737714887414,0.6784862598432033,0.5394815962787792,High,2,Warm Zone
25,43.06979246000003,0.028968734907371108,0.14401661916034597,623.698974609375,24.910020214353235,67.05177677481561,0.5696840610578636,0.7257176012039337,1.0,0.6272779410917014,0.7121868528220758,High,2,Warm Zone
77,50.73641132,0.13111099713166333,0.12953787762219823,21.407079696655273,25.040944511014647,67.05505971559411,0.8881789137380184,0.8935494579834322,0.034218735914590966,0.6456528675217788,0.6269892416757257,High,1,Extreme Hotspot
32,43.50559000999999,0.12395669477988785,0.09270103317877595,21.834684371948242,24.830271076053734,67.29612335388828,0.5877884274050399,0.8817940903078683,0.034904404420711445,0.6924023936999133,0.5145910643533567,High,1,Extreme Hotspot
294,46.11524828000006,0.16458615196976867,0.11962342180598537,0.1957230269908905,25.18030331297674,67.26818390619644,0.6962016329428488,0.9485531094604626,0.00020610677176717023,0.6582352729564755,0.5524622008804457,High,1,Extreme Hotspot
42,43.408176440000034,-0.02143503050320737,0.3863963766696247,6.071231842041016,24.939069891252675,67.24218348050017,0.5837415690450842,0.6428982338498025,0.009627545742594395,0.31967453504715193,0.396273156140583,Medium,0,Moderate Zone
133,47.451694100000054,0.10362134774990144,0.14043645255922269,2.598353862762451,25.066349191498734,67.2998781388427,0.7517216897408606,0.8483807021962587,0.004058750091894034,0.6318215195325303,0.5553247726552627,High,1,Extreme Hotspot
159,47.33889943999998,0.07449528720752327,0.22778432235264073,1.0733692646026611,25.0874341779262,67.49950878499548,0.7470358537451173,0.8005231286997432,0.0016134215637142375,0.5209686061733663,0.5234898874286102,High,1,Extreme Hotspot
18,43.56540536,0.04248754286024059,0.09123578382664124,564.8645629882812,24.89728222269542,67.02048639070519,0.5902733404330842,0.7479306067783875,0.9056584142886808,0.6942619371537595,0.7135659181929139,High,2,Warm Zone
217,45.68799578000005,0.15422302773111712,0.1535906827648232,0.4875659644603729,25.08143346927085,67.45190627116219,0.6784522541711054,0.9315252666739939,0.0006740799313670027,0.6151275263677672,0.5343037169259365,High,1,Extreme Hotspot
63,47.550816680000025,0.08847615144716647,0.12610587195482978,30.51055335998535,25.03781862112383,67.11723636321204,0.7558395456159037,0.823495347579808,0.04881624980511614,0.6500084153764971,0.5680658659099111,High,1,Extreme Hotspot
132,47.697791540000026,0.11001367076353494,0.1575459298047106,0.9691211581230164,25.071142707099764,67.40073176850116,0.7619453319133833,0.8588840474046956,0.001446258650009394,0.6101079344937619,0.5559938914373124,High,1,Extreme Hotspot
63,48.09257285000001,0.073395744680851,0.16209517832326822,16.81725311279297,24.98076441516048,67.24192270057141,0.7783457578984733,0.7987164498594587,0.026858901658913796,0.6043344971670168,0.5587273954864399,High,1,Extreme Hotspot
9,40.96429214,0.06251228227782611,0.07360985445209407,498.49163818359375,24.850811520908792,67.08330114304188,0.4822151224707129,0.7808336297269013,0.7992287449533395,0.716630950003786,0.6531444696864124,High,2,Warm Zone
107,48.17460533000002,0.07884697837534768,0.20176128472429716,1.9363917112350464,24.99820000649452,67.40073904938933,0.7817536386226482,0.8076734736492525,0.002997286956031183,0.5539943633255391,0.5454006709005628,High,1,Extreme Hotspot
2,39.06387302000002,-0.10940668824163977,0.2662775807722616,7.718331813812256,24.86695466762121,66.8744528528856,0.40326588569400096,0.49835036168900504,0.01226868753156499,0.47211693010394407,0.3335494664346312,Medium,0,Moderate Zone
72,46.156264520000036,0.058291262578491036,0.1258958497969861,40.94261169433594,25.0407617673306,67.06320155673126,0.6979055733049351,0.7738979935052691,0.06554416291545585,0.6502749538521579,0.54168795984706,High,1,Extreme Hotspot
64,45.64356152000005,0.061497840219391316,0.10604456322216424,45.32761001586914,24.94714607164191,66.9664925668931,0.676606318778844,0.7791667810537393,0.07257555294038129,0.6754681606922459,0.5407550650431431,High,1,Extreme Hotspot
188,45.95460134000001,0.1430203144156307,0.11199445827191525,0.13360217213630676,25.145699633413543,67.439440488598,0.6895278665246714,0.9131178794107487,0.0001064953404424631,0.667917167153353,0.5463888857872621,High,1,Extreme Hotspot
139,46.046887879999986,0.11352334099780763,0.16565401716471925,0.7861903309822083,25.089738965691105,67.36043256061623,0.6933617323393668,0.8646508520482845,0.001152927182379664,0.5998179857205028,0.527294149682685,High,1,Extreme Hotspot
299,46.198989770000026,0.15351080723235228,0.1649582690059851,0.16017383337020874,25.170527499624523,66.91907599773913,0.6996805111821089,0.9303550038842229,0.00014910327322735628,0.6007009575725051,0.5396029223882849,High,1,Extreme Hotspot
92,49.11285182000006,0.10800941329221786,0.14663734238561138,2.32440185546875,25.02659799614471,67.26436522918677,0.8207312744053975,0.8555908145591504,0.003619465223315175,0.6239519892932686,0.5823263961105141,High,1,Extreme Hotspot
33,40.13200427000004,0.03774168159306504,0.13335760599276464,14.080037117004395,24.833337952459146,67.28581901361213,0.4476393326233593,0.7401325935844077,0.022469747584591446,0.6408052619749076,0.4238541113781342,Medium,0,Moderate Zone
49,46.52541068000005,0.06651743563085488,0.11920782508045123,19.783037185668945,24.95565632802482,67.16281580751877,0.7132410365637216,0.7874145719273922,0.031614567001748285,0.6587627054847897,0.5430647832619925,High,1,Extreme Hotspot
141,46.815942380000024,0.10441339543135952,0.1418311372504665,0.5213492512702942,24.997338185825377,67.43317283925015,0.7253106141285057,0.8496821305192881,0.0007282517801264382,0.6300515294731568,0.5437689340689584,High,1,Extreme Hotspot
4,45.26416130000001,0.10554909857556018,0.11117826802323631,47.02750778198242,24.76986109360845,67.08013097236127,0.6608448704295348,0.8515482255449003,0.07530135653700906,0.668952991691895,0.5446861194761803,High,1,Extreme Hotspot
194,46.52882870000002,0.14148700546603546,0.17491003943248368,1.476240634918213,25.062248822673276,67.46123874024555,0.7133830315938943,0.9105984708679644,0.0022594299602634858,0.5880711962804666,0.5401220800139115,High,1,Extreme Hotspot
153,48.69927140000004,0.0848340933448211,0.218022822195704,1.2859601974487305,25.1513744538477,67.19742702029717,0.8035498757543497,0.8175110139601629,0.001954313316685488,0.533356896050516,0.5512065599350389,High,1,Extreme Hotspot
159,46.467304340000055,0.10288905760594594,0.11422550374516104,0.724767804145813,25.08955652535719,67.32484955458153,0.7108271210507648,0.8471774625980256,0.0010544355272330012,0.6650857541935293,0.5446882275305239,High,1,Extreme Hotspot
65,44.324205800000016,0.05207095519910868,0.1255944780621402,160.72219848632812,25.028249629875734,67.06489513041278,0.6217962371317004,0.7636772903948511,0.25761196545555465,0.6506574237955096,0.5578045645348984,High,2,Warm Zone
35,44.00291192000003,0.03549928047752451,0.12874375314522604,511.2336730957031,24.925601276105812,67.02533734776155,0.6084487042953504,0.7364480624738751,0.819660729325669,0.6466606884571992,0.6880940111120785,High,2,Warm Zone
38,45.86744183000002,0.004182049416500916,0.2586593814030636,5.473199844360352,25.05357443492256,66.8972487047413,0.6859069932552362,0.68499013581642,0.008668595267646942,0.4817851635322329,0.4756354991979158,Medium,0,Moderate Zone
108,46.470722360000025,0.02415044630299213,0.25661402540033124,2.6286544799804688,25.014744627093474,67.39982346501519,0.7109691160809375,0.7178005813008822,0.004107337444050957,0.48438091855517473,0.48996075169955505,Medium,0,Moderate Zone
80,48.56255060000001,0.09546691056555179,0.1643055934279494,13.57999324798584,24.98596619483877,67.31588513370907,0.7978700745473905,0.8349819943172815,0.021667922084368036,0.6015292661445945,0.5701181627165594,High,1,Extreme Hotspot
188,49.00347518000001,0.12023134384290611,0.15054215760347955,0.3533770442008972,25.183314537727004,67.22042537958093,0.8161874334398292,0.8756728966775964,0.00045890661402851686,0.6189964002897403,0.5817399145890264,High,1,Extreme Hotspot
265,44.790765530000044,0.16165639490886208,0.12987345491175434,0.1521066576242447,25.18398208977624,67.47164356794273,0.6411785587504449,0.9437391709717587,0.00013616747373321672,0.6452269874139701,0.5271117384971691,High,1,Extreme Hotspot
154,49.52643224000002,0.1310192116297246,0.12280378909364952,1.8976190090179443,25.18020648617029,67.10299353040023,0.837912673056443,0.893398643512709,0.0029351145282174793,0.6541990785968014,0.6007484601008982,High,1,Extreme Hotspot
28,47.08083893000003,0.06201644201477283,0.13566729655716006,4.359428405761719,24.818137461729155,67.42098103600397,0.7363152289669865,0.780018905339541,0.0068826512810889135,0.6378740407713804,0.5408243983622741,High,1,Extreme Hotspot
94,49.79303779999998,0.12149931360562823,0.12781276392257881,3.4250292778015137,25.10151194176712,67.11155150429954,0.8489882854100089,0.8777563214518649,0.00538433264425505,0.647842204021122,0.6021732863470715,High,1,Extreme Hotspot
48,47.31497330000002,0.08151647727686336,0.17912630659171738,4.6731672286987305,24.94658331414662,67.24093997455182,0.7460418885339014,0.8120597771004957,0.007385734718817533,0.5827203445744431,0.5386162245732279,High,1,Extreme Hotspot
167,46.37159978,0.1310172152829842,0.14524074738652415,0.8378517627716064,25.09334735601861,67.48211192283686,0.706851260205892,0.8933953632781331,0.0012357668209659635,0.6257244037184608,0.5422036310230104,High,1,Extreme Hotspot
94,48.06351968000001,0.08214120736626537,0.19909525913888065,1.6775829792022705,24.9627944080479,67.39827282227542,0.7771388001419948,0.8130862827662908,0.0025822844854846093,0.5573778082101419,0.5449395952351411,High,1,Extreme Hotspot
87,46.05714194000001,0.11831308067319228,0.1477300326529878,1.0908944606781006,24.916100653044086,67.4975611406152,0.6937877174298896,0.8725209626734539,0.0016415233963340096,0.622565259429972,0.5333166641080519,High,1,Extreme Hotspot
67,47.81742224000004,0.10359303791672832,0.18771611361801618,1.3048804998397827,24.892515572926076,67.45924384605718,0.7669151579694721,0.8483341857811812,0.0019846522166681226,0.5718190468517825,0.5488761634794896,High,1,Extreme Hotspot
65,48.38139554000003,0.11016795631583033,0.14674493062966912,2.9610471725463867,24.970870968484025,67.29975335402361,0.7903443379481722,0.8591375568742542,0.004640332554080763,0.6238154493830773,0.5709315417255427,High,1,Extreme Hotspot
41,45.17187476000004,0.025498454012991587,0.2949551933301714,2.21047043800354,24.8491805876354,67.48548468782506,0.6570110046148393,0.7200155179196297,0.003436775020594552,0.43572226005934966,0.45881037530089874,Medium,0,Moderate Zone
125,49.03765538000005,0.11961275609335262,0.13621202952922665,0.6637369394302368,25.12417904700524,66.89280950415358,0.8176073837415702,0.8746564836050071,0.0009565719063357346,0.6371827218290961,0.5859171133797823,High,1,Extreme Hotspot
77,47.95756105999999,0.09509255432670666,0.11464666898402731,6.2803473472595215,25.013206479368478,67.19690363867475,0.7727369542066016,0.8343668825966852,0.00996286461152763,0.6645512546820433,0.5696507811614341,High,1,Extreme Hotspot
99,47.99515928000005,0.09839141895394765,0.18033131637559385,0.8154722452163696,24.977018507111755,67.41346664985564,0.7742988995385176,0.8397873086142557,0.001199881033797517,0.5811910703576257,0.5522258404375199,High,1,Extreme Hotspot
279,44.77538444000004,0.17349059490025218,0.1324496610340989,0.13782846927642822,25.11873364705664,67.46994074277065,0.6405395811146619,0.963184165774141,0.00011327225148653175,0.6419575321341675,0.529113281801691,High,1,Extreme Hotspot
96,48.82232012000003,0.10806052409992088,0.12114372311380703,2.231055736541748,25.03204913776844,67.26610253375242,0.808661696840611,0.8556747956808869,0.003469783759067925,0.6563058632347003,0.5839445166750845,High,1,Extreme Hotspot
90,47.05178576000003,0.07239201703914107,0.1752799797760984,2.4405677318573,25.014548190178207,67.33713655203732,0.7351082712105081,0.7970672062443214,0.0038057384039602194,0.5876017061262616,0.5320751652470939,High,1,Extreme Hotspot
3,45.10009634000005,0.06779807327095062,0.09369144917408519,109.68562316894531,24.869870249345897,66.92753489000819,0.654029108981187,0.7895188115273241,0.17577429066540165,0.691145459801271,0.562212129948178,High,1,Extreme Hotspot
22,51.84214079000003,0.14716814301274433,0.15425000603179967,7.016793251037598,24.90843165318906,66.86678514968547,0.9341143059992904,0.9199332539667581,0.011143763212171063,0.6142907812340543,0.6372798075445836,High,1,Extreme Hotspot
81,48.87359042000003,0.08807722659119974,0.16880433171446269,8.942782402038574,25.05538108044902,67.16726639774792,0.8107916222932201,0.8228398667060304,0.014232106675830088,0.5958199311982488,0.5704646418317999,High,1,Extreme Hotspot
117,50.254470500000025,0.11810748283602833,0.1442414029174786,1.3574700355529785,25.140789457455362,67.13097020520154,0.8681576144834933,0.872183141031269,0.0020689800794664675,0.6269926687157076,0.6040062957110959,High,1,Extreme Hotspot
12,41.76069080000002,0.018732178327354403,0.12733234132367596,480.3468322753906,24.834867758180145,67.03452783878382,0.5152999645012427,0.7088977240988033,0.7701333615775624,0.6484519068662848,0.6346783661829651,High,2,Warm Zone
69,48.49077218000002,0.06253633830096678,0.133478772753399,4.8118438720703125,24.99434766557016,67.20814695727154,0.7948881789137382,0.7808731566273488,0.007608104146441886,0.6406514896110209,0.5651185690184123,High,1,Extreme Hotspot
67,47.01247853000001,0.0685946876586089,0.08426130597378038,74.109619140625,24.973874577055874,66.98529058716399,0.7334753283635069,0.7908277434905145,0.1187278013604811,0.7031132255821677,0.5823188883255337,High,1,Extreme Hotspot
39,43.80808478000006,0.021053056609868396,0.13414947911062886,346.6310119628906,24.941098959190164,67.04290993544771,0.6003549875754367,0.7127112025065773,0.5557186648824693,0.6398002982324185,0.6139384012732624,High,2,Warm Zone
69,49.304260940000006,0.09739535754862158,0.1634178059884714,2.1237053871154785,24.996049017865314,67.25426105411123,0.8286829960951361,0.8381506615351536,0.0032976463668090814,0.6026559544581453,0.5785514001516588,High,1,Extreme Hotspot
133,47.97123313999998,0.08503542727185068,0.20436611273289074,2.21034574508667,25.094661122540614,67.27663234521329,0.773304934327297,0.817841829492052,0.0034365750742165677,0.5506885840977793,0.5429951087428366,High,1,Extreme Hotspot
114,49.386293420000015,0.13983759860343487,0.10916724655685342,3.006878614425659,25.1765818981419,67.06570781292092,0.8320908768193112,0.9078882996782247,0.004713823743729654,0.6715051728601776,0.6044990861874262,High,1,Extreme Hotspot
126,49.52301422000005,0.16100702576112413,0.16105308534894228,0.12982290983200073,25.17332469157644,66.86229280698953,0.8377706780262704,0.9426721804095091,0.0001004352543672687,0.6056570141610587,0.5976656099177381,High,1,Extreme Hotspot
211,48.14897017999999,0.12041802562700694,0.16397157576538787,0.2811909317970276,25.180964555283285,67.32072266690659,0.7806886758963425,0.875979637000067,0.0003431554384346241,0.6019531669345729,0.5641488381550703,High,1,Extreme Hotspot
84,46.06055995999998,0.06839580742583054,0.13718269750085915,30.789081573486328,25.029748211722914,67.159897906561,0.6939297124600623,0.7905009596694293,0.04926287266753637,0.6359508500866669,0.5356529171186567,High,1,Extreme Hotspot
173,46.92702803000003,0.15644167644005882,0.14579578597679807,0.5193475484848022,25.087354424924825,66.86210321952977,0.7299254526091592,0.9351707697620837,0.0007250420290691442,0.6250200059477522,0.557431058204794,High,1,Extreme Hotspot
34,50.79964469000004,0.08459578410933515,0.26686493257972566,62.57611846923828,24.93051734911593,66.92720822029987,0.8908058217962378,0.8171194436090825,0.10023371410507158,0.471371523728515,0.5982229785318284,High,1,Extreme Hotspot
14,39.658608500000014,-0.00632673487040838,0.18259471944735675,296.208740234375,24.87024542993536,67.0799685441118,0.42797302094426704,0.6677229562870073,0.4748660322315176,0.5783185924688758,0.5057278783724125,High,2,Warm Zone
102,48.41728475000002,0.10268444213910809,0.1423147334892433,4.11989164352417,25.013193521166546,67.370057919851,0.7918352857649984,0.8468412551068522,0.006498551612833822,0.6294377989713742,0.5712725002695105,High,1,Extreme Hotspot
135,45.94434727999999,0.0843494747230771,0.10669638302714501,3.239266872406006,25.031836102524842,67.29743120147174,0.6891018814341486,0.8167147280610058,0.005086460711695808,0.6746409381791131,0.5343477645965569,High,1,Extreme Hotspot
222,45.91016708000001,0.1579573955790389,0.11669120647141262,0.46435898542404175,25.121520698246112,67.33256877750573,0.68768193113241,0.9376612761588643,0.0006368673011811699,0.6619565384344152,0.548272488388972,High,1,Extreme Hotspot
1,32.70635582,-0.36495205398366276,0.5441715634573853,0.570736289024353,24.7573305651438,67.47543508507364,0.13915512957046472,0.07845900340186025,0.0008074444044244303,0.1194425299327303,0.0915212694261171,Low,3,Cool Zone
46,47.2978832,0.10324985495267083,0.16516584741211954,4.844426155090332,24.862092285228204,67.40906034331908,0.745331913383031,0.847770295450004,0.007660350173239943,0.6004375204546352,0.54730090130495,High,1,Extreme Hotspot
28,44.76171236000005,0.07312470773395194,0.12898118339602188,34.441009521484375,24.848594873169777,67.24270739297238,0.6399716009939665,0.7982711039951382,0.05511877678937001,0.6463593664549274,0.5187808734851853,High,1,Extreme Hotspot
128,49.77252968000005,0.10575569752460075,0.16453155394356486,4.822561740875244,25.112580411245986,67.2103094013068,0.8481363152289682,0.8518876921326877,0.007625290359588965,0.6012425003480233,0.5891925025709923,High,1,Extreme Hotspot
81,50.80818973999999,0.13127962832270637,0.14334576397756038,11.066835403442383,25.061028925215584,67.0608100082492,0.8911608093716706,0.8938265390396707,0.017638047565965174,0.6281293213443597,0.6205736807649821,High,1,Extreme Hotspot
49,46.730491880000045,0.06812764238973873,0.18223943125555422,4.951255798339844,24.948800334924975,67.24323068511491,0.7217607383741581,0.790060332695339,0.007831652607775042,0.5787694876222043,0.5249251559303487,High,1,Extreme Hotspot
132,47.403841820000025,0.048903063689958406,0.30030390193826423,3.5768637657165527,25.091166149792606,67.26877779546278,0.7497337593184241,0.7584720687512457,0.00562780081128326,0.4289342303876631,0.5008581103204099,High,0,Moderate Zone
0,29.356696220000003,-0.21293947390823198,-0.14967415435296386,1.0436160564422607,24.766379537668005,67.25515616383332,0.0,0.32823370989777895,0.001565711987625866,1.0,0.24962648448157332,Low,0,Moderate Zone
127,50.695395080000026,0.11241983787258722,0.16488183920913346,5.7414631843566895,25.117527159989137,67.20455291568764,0.8864749733759321,0.8628376654746306,0.00909875829955522,0.6007979543930171,0.6064499196250597,High,1,Extreme Hotspot
224,45.91016708000001,0.14885390776028734,0.12657516208538094,0.1797013133764267,25.177843649839822,67.45892532532439,0.68768193113241,0.9227031654755936,0.0001804157887768818,0.649412840712738,0.5434059193640448,High,1,Extreme Hotspot
8,49.17266717000001,0.13482571611028696,0.16747285933716902,9.628435134887695,24.88450222424252,66.86484994736928,0.8232161874334395,0.8996531820445601,0.0153315579031301,0.5975096987040773,0.5875692814966578,High,1,Extreme Hotspot
150,47.92338086000001,0.1164760694620923,0.10605997181408457,2.8939056396484375,25.198942941778164,67.13702342566413,0.7713170039048629,0.8695025352784677,0.004532670413742297,0.6754486056955509,0.575175070596261,High,1,Extreme Hotspot
106,49.51276016000003,0.10606280941572199,0.155789533918915,6.5558881759643555,25.090244388758503,67.17726170702498,0.8373446929357475,0.8523923134109277,0.01040469717162253,0.6123369711195314,0.5878652927027501,High,1,Extreme Hotspot
95,49.57428451999999,0.10504389717399604,0.15359818118579222,8.487751007080078,25.074307008411598,67.17290845501674,0.8399006034788771,0.8507181196961975,0.013502459141912589,0.6151180101447389,0.5899671761604064,High,1,Extreme Hotspot
292,46.34425562000001,0.17289936492427938,0.12611721276719579,0.20938622951507568,25.176377236720327,67.43155551521284,0.7057152999645011,0.9622127047697497,0.00022801585790417484,0.6499940227863448,0.556673834223008,High,1,Extreme Hotspot
26,45.81275350999999,0.029132727074749572,0.23860053997737027,8.65976333618164,24.870363484005985,67.22784946971447,0.683635072772452,0.7259870597938363,0.013778282685349209,0.507241777596279,0.48724501426864936,Medium,0,Moderate Zone
87,48.750541699999985,0.08839320096365302,0.1479927380279657,7.336734294891357,25.027508696281725,67.21943208815682,0.8056798012069564,0.8233590500926988,0.011656791975094507,0.6222318608452064,0.5731363481595023,High,1,Extreme Hotspot
149,49.03765538000005,0.11520253515139414,0.15138841160348346,1.1603455543518066,25.146637904814522,67.19522135321954,0.8176073837415702,0.8674099672915994,0.001752888941191667,0.6179224219367004,0.5811771552130061,High,1,Extreme Hotspot
76,50.62703468000001,0.10918727121651059,0.13801413420803488,38.61093521118164,24.960364288483994,67.01567617232189,0.8836350727724525,0.8575261748904343,0.06180529563140365,0.6348956763144598,0.624513414513289,High,1,Extreme Hotspot
7,43.22018534000006,0.06040190202044132,0.09968314619199717,224.5425262451172,24.833676314486077,67.11489664611099,0.5759318423855183,0.7773660245515829,0.3599485191064391,0.6835414155129349,0.5736730535161415,High,2,Warm Zone
7,46.58864405000003,0.07543339434289506,0.12789887043383716,334.21661376953125,24.83986188205598,67.08323614765486,0.7158679446219387,0.8020645500366019,0.5358120493671141,0.6477329265120682,0.670156457998458,High,2,Warm Zone
54,47.56448876000002,0.06795889087342256,0.1546092602332287,17.232446670532227,24.9858841277472,67.1312512618265,0.7564075257365992,0.7897830539303993,0.02752466881005842,0.6138348528300863,0.5506786061527315,High,1,Extreme Hotspot
6,40.608818059999976,0.0205403081717917,0.10786389375690106,329.7414855957031,24.84037160763408,67.01260648540965,0.46744763933262184,0.711868695981372,0.5286361351946509,0.6731592538967415,0.5605502447082655,High,2,Warm Zone
80,51.199553030000004,0.13611441793397172,0.1333475580113899,0.2687984108924866,25.18422374633227,66.98800188069677,0.9074192403265878,0.9017706720550044,0.00032328390337747894,0.6408180138372188,0.626477720682174,High,1,Extreme Hotspot
83,49.71442334000005,0.08616582684379283,0.19210601012892725,16.98230743408203,25.08432389561419,67.09178941421482,0.8457223997160114,0.8196992101191346,0.02712356796507488,0.5662478426686626,0.581274301929276,High,1,Extreme Hotspot
0,44.64549968000006,0.06009794578068828,0.12212239840031552,124.08644104003906,24.813242129696235,66.99442430311505,0.6351437699680529,0.7768665883829825,0.19886615061716828,0.655063829433548,0.5513167997856703,High,1,Extreme Hotspot
75,49.51276016000003,0.10634823276853476,0.15405521809513914,0.5741941332817078,25.134534979279696,66.96612212398763,0.8373446929357475,0.8528612978472191,0.0008129890933470041,0.6145379860063873,0.5859779163259962,High,1,Extreme Hotspot
181,48.44633792000002,0.15931749584718888,0.11809602371802981,0.17513789236545563,25.153806165966156,67.2845719478741,0.7930422435214768,0.9398960822855257,0.00017309829612961942,0.6601736891801286,0.5902793221614777,High,1,Extreme Hotspot
21,45.32568565999998,0.11394314087780179,0.17624469486316416,6.507411479949951,24.81808054308733,67.32986676140733,0.6634007809726643,0.8653406330635172,0.010326964289691154,0.5863773891713582,0.5150186262552876,High,1,Extreme Hotspot
4,37.995741769999995,0.03729703103704962,0.08000307275236834,39.98577880859375,24.781591385389383,67.1365372170786,0.3588924387646426,0.7394019799597532,0.06400987151669066,0.7085173362888477,0.4121732076367623,Medium,0,Moderate Zone
125,45.00439177999999,0.09923637238731933,0.08529905765456773,3.111032724380493,24.917319292958144,67.47810506607968,0.6500532481363143,0.8411756673653434,0.004880835933037709,0.701796218110426,0.5277771019646719,High,1,Extreme Hotspot
2,32.877256820000014,-0.3127967829008979,0.4954192150333415,1.9069684743881226,24.76243980904803,67.35437328113923,0.14625488107916254,0.16415630240466944,0.0029501064923465035,0.18131398562693113,0.12012572154083828,Low,3,Cool Zone
18,44.81298265999999,0.09280281573123665,0.11737290106516592,2.6029529571533203,24.803159462842036,67.42553081505226,0.6421015264465733,0.8306045703896817,0.004066124787173812,0.6610914019185794,0.5146661077175909,High,1,Extreme Hotspot
24,45.61792637000002,0.052175379704135286,0.1444061432090916,23.41918182373047,25.025467485818623,66.881482195546,0.6755413560525383,0.76384887224736,0.037445162423347535,0.6267835973174454,0.5195118833274454,High,1,Extreme Hotspot
211,46.67922157999999,0.13764588351003268,0.1159245422185166,0.287811815738678,25.186172011222983,67.24976238616114,0.7196308129215466,0.9042870517163418,0.0003537720941069647,0.6629295096837753,0.5561697278863518,High,1,Extreme Hotspot
167,46.13233838000002,0.09752689810327447,0.09506071345687114,0.5121509432792664,25.108561485665426,67.3387541179776,0.6969116080937169,0.838366798274721,0.0007135021984135561,0.6894077307042197,0.5425795846691422,High,1,Extreme Hotspot
25,44.02342004000002,0.0839554514234361,0.1366829687923152,1.517066240310669,24.809776381674382,67.47306676274881,0.6093006744763935,0.8160673010258778,0.0023248942394875857,0.6365850542562972,0.4940285993555704,Medium,1,Extreme Hotspot
40,42.56734352000001,-0.024195237762726036,0.28231327829170605,56.427001953125,24.952345754315136,67.11708881456231,0.548810791622293,0.6383628858031337,0.09037354236425653,0.4517660756185302,0.4282253502341574,Medium,0,Moderate Zone
105,47.788369070000044,0.055067719507789346,0.22210514772841053,1.8124719858169556,24.999682962776173,67.39403551939496,0.7657082002129937,0.7686013297425599,0.0027985803985126835,0.5281760292514595,0.5279083304965015,High,1,Extreme Hotspot
145,50.319412880000016,0.11196216134817308,0.1847262300471199,1.6568191051483154,25.136449321524182,67.22005513909377,0.8708555200567978,0.8620856486382682,0.002548989399330337,0.5756134989113739,0.5934150024505667,High,1,Extreme Hotspot
21,51.94639040000004,0.13764175697621894,0.14996298629343358,1.7684259414672852,25.014089733081914,66.86319140323815,0.9384451544195961,0.9042802713316417,0.0027279521122128138,0.6197314248210137,0.6356483754598407,High,1,Extreme Hotspot
46,48.32499820999999,0.05526227841005049,0.1984801032107478,18.606029510498047,25.034186342219193,67.00177414144476,0.7880014199503006,0.768921013104847,0.029727223057779875,0.5581585007097412,0.5496022258522405,High,1,Extreme Hotspot
74,48.747123680000016,0.0802940972003827,0.12754723107205904,5.0633440017700195,24.995132216967672,67.29262225530515,0.8055378061767837,0.8100512615902801,0.008011387197784003,0.6481791909464162,0.5753614966979848,High,1,Extreme Hotspot
56,49.700751260000004,0.15668262125259327,0.14043282740537338,2.3261218070983887,24.947159327234992,66.85304165339812,0.8451544195953136,0.9355666706789857,0.003622223183488753,0.6318261202041495,0.6056675482766753,High,1,Extreme Hotspot
16,45.882822920000024,0.06173207161598052,0.13098642108259995,3.605520248413086,24.805185040296074,67.37724922506584,0.6865459708910191,0.7795516510316461,0.005673751776781327,0.6438145254638366,0.5217324790481173,High,1,Extreme Hotspot
164,48.03104848999999,0.16175796105660242,0.18132279354004688,0.14704565703868866,25.11886189606373,66.85281345472634,0.7757898473553414,0.9439060562040809,0.000128052107107266,0.5799327897324813,0.5679204183460218,High,1,Extreme Hotspot
74,48.66167317999998,0.0596503135583035,0.17730785231869572,40.978546142578125,25.03640385897711,67.15045480486025,0.8019879304224335,0.776131075526686,0.06560178417375384,0.5850281393088954,0.5706209074031939,High,1,Extreme Hotspot
56,50.052807320000056,0.1559158324231127,0.15600907926554872,5.9478349685668945,24.966745669661762,66.87346222684079,0.8597799077032319,0.9343067456469071,0.009429677583559492,0.6120583467942176,0.6088270636830622,High,1,Extreme Hotspot
116,45.95801935999998,0.1111697744355538,0.14578715498450248,0.5461310148239136,24.93958820248619,67.45462892950081,0.6896698615548441,0.8607836629181885,0.00076798959352429,0.6250309595135737,0.5301836833607617,High,1,Extreme Hotspot
136,48.64800109999999,0.12118109313414045,0.15395206816396284,3.290126323699951,25.113099136512798,67.25872343199589,0.8014199503017382,0.8772334474579664,0.005168014366287947,0.6146688932673283,0.576378779484428,High,1,Extreme Hotspot
84,48.34379732000002,0.10182099436486187,0.1352922095474941,5.663193225860596,25.084531206942824,67.11607806689898,0.7887823926162586,0.8454225079592156,0.008973251614018261,0.6383500625436684,0.572239658652624,High,1,Extreme Hotspot
52,48.62065694,0.09033475997055854,0.13026542527742843,62.1731071472168,25.020755618046323,67.08735690217794,0.8002839900603472,0.8265492619215731,0.09958748129451875,0.6447295390264114,0.5979387634412869,High,1,Extreme Hotspot
6,40.86516956000003,0.04582700569284616,0.08205628821925888,408.1347961425781,24.852051680351508,67.07376133999571,0.47809726659566976,0.7534177404646534,0.6543406170169946,0.7059116068440746,0.6090190433310295,High,2,Warm Zone
15,42.53316332000003,0.039051991409002965,0.1819261750427164,11.777353286743164,24.798796174016175,67.39654745081299,0.5473908413205544,0.7422855880900744,0.0187773703184139,0.5791670401200849,0.45082692534535335,Medium,0,Moderate Zone
158,48.27885494000003,0.10735860170129992,0.19991345737775854,0.7949795722961426,25.16608518704423,67.18647610351935,0.786084487042954,0.8545214538915991,0.001167020821457695,0.5563394353374038,0.5541716551737665,High,1,Extreme Hotspot
28,43.46628278000003,0.040236552902123815,0.2647661517226734,14.367177963256836,24.83820556355363,67.32080347857404,0.586155484558041,0.7442319631803715,0.022930180892438673,0.4740350800700368,0.4466365495373892,Medium,0,Moderate Zone
196,45.76319222000001,0.13532116916220624,0.11310572593481609,1.6255755424499512,25.03735474777375,67.49912485697017,0.6815761448349305,0.9004672701980815,0.002498890024372401,0.6665068607744369,0.5416266431246648,High,1,Extreme Hotspot
92,47.644812230000014,0.09315124528783388,0.17238116955262392,1.7450809478759766,24.93909873935364,67.3910682183845,0.7597444089456867,0.8311770814949493,0.0026905181742649235,0.5912805772802745,0.5475030708021382,High,1,Extreme Hotspot
35,45.85889678000001,0.04585630801835017,0.06977758912204733,191.07467651367188,24.90900798954229,66.98803492438363,0.6855520056798009,0.7534658876623971,0.30628247695500066,0.7214944661674396,0.6081101978935181,High,2,Warm Zone
27,43.507299020000005,0.06227757334170411,0.24577825342035575,19.06193733215332,24.824591075306746,67.19913267647611,0.5878594249201274,0.7804479750948783,0.03045827595094302,0.49813256350446455,0.4594520479209114,Medium,0,Moderate Zone
9,42.686974220000025,0.03408103005212299,0.13933233952206703,441.42529296875,24.83583862296682,67.04714909207078,0.5537806176783817,0.7341177087388974,0.707722271956035,0.633222745997881,0.6352050205707722,High,2,Warm Zone
77,50.07502445,0.12588452448722587,0.1239475108465163,14.002174377441406,25.0616633001143,67.0638169317528,0.8607028753993602,0.8849617432684689,0.0223448938788128,0.6527475848319575,0.6131611520861091,High,1,Extreme Hotspot
89,49.24615460000001,0.09070357479751487,0.20373550071318994,0.4113895297050476,25.14709098168194,66.9553213220674,0.8262690805821793,0.8271552684449058,0.0005519302327359444,0.5514888918757306,0.5650166834329376,High,1,Extreme Hotspot
68,48.39506762000002,0.10585466933586207,0.1408815515881552,28.775983810424805,25.048772449095328,67.07096752361142,0.7909123180688676,0.8520503145623374,0.04603484964620913,0.631256645721558,0.5819325159677615,High,1,Extreme Hotspot
-1,36.753291500000046,0.07313982652314764,0.05724450073571866,2.133627414703369,24.780020858785317,67.38886813963192,0.30727724529641615,0.7982959459597445,0.00331355644035824,0.7374001701565382,0.39096371315392536,Medium,0,Moderate Zone
3,41.897411600000055,0.06459156912180208,0.1090093664706802,16.177400588989258,24.81704121156693,67.21951030833746,0.5209797657082019,0.7842501447345224,0.025832891539091515,0.6717055379927801,0.46682875847678806,Medium,1,Extreme Hotspot
22,47.12698220000004,0.10230061167123816,0.17400519059998806,16.313249588012695,25.02042241495821,66.88883392137186,0.7382321618743355,0.8462105761037799,0.026050726809846082,0.5892195371555102,0.5465810402988648,High,1,Extreme Hotspot
70,47.373079640000014,0.08705699359654745,0.12752481015946995,4.37529182434082,24.974068301193714,67.30269044113628,0.7484558040468582,0.8211635028375251,0.006908088436357724,0.6482076452577411,0.5539253982050097,High,1,Extreme Hotspot
130,48.04984760000002,0.1086625470581737,0.1513500543993116,1.2568359375,25.06375654621164,67.3668395266384,0.7765708200212994,0.8566639908358327,0.0019076122655399914,0.6179711009467419,0.5631990498896281,High,1,Extreme Hotspot
6,45.46753349000005,0.020133306498395755,0.1508056128720085,350.81085205078125,24.846104110334394,67.01183553168863,0.669293574724886,0.7111999439381833,0.5624210815642394,0.6186620500173716,0.6387351018752161,High,2,Warm Zone
169,48.06351968000001,0.1338706278650024,0.10528777202718718,0.8148677349090576,25.096279895441814,67.4898967465803,0.7771388001419948,0.8980838587291787,0.001198911695286274,0.6764286020741157,0.5811535472048195,High,1,Extreme Hotspot
239,46.60060712000001,0.16802889766430948,0.14938067402214164,0.21051785349845886,25.17793494488793,67.3075119134077,0.7163649272275466,0.9542099491441738,0.00022983042863038318,0.6204704355365603,0.5538290079771144,High,1,Extreme Hotspot
1,32.93878117999998,-0.26570920530707154,0.3403244495944381,0.5294117331504822,24.754714929738146,67.42515946865664,0.14881079162229205,0.241526779685337,0.0007411800529584046,0.37814427623756874,0.17156748386247073,Low,3,Cool Zone
158,47.584996880000006,0.09655437635358957,0.09770263346654377,0.7936812043190002,25.09102983021565,67.34590205608045,0.7572594959176424,0.836768829642994,0.0011649388750180965,0.6860548781317789,0.5659213331586164,High,1,Extreme Hotspot
3,32.50811066000006,-0.08009877793959351,0.05240716494032638,0.7670559287071228,24.761013543995155,67.16413731332258,0.1309194178203784,0.546506735918492,0.0011222449710252698,0.7435392181617617,0.2833321823910338,Medium,0,Moderate Zone
116,47.69095550000003,0.10071338790172296,0.19914445038576126,2.6634833812713623,25.042256236559524,67.28188959346701,0.7616613418530356,0.8436025791144698,0.00416318594641259,0.5573153797497641,0.5437087960449407,High,1,Extreme Hotspot
80,47.15945339000001,0.11738597343538794,0.08640769984907838,77.6217041015625,25.016035302469376,67.04919615097022,0.7395811146609865,0.8709976154735188,0.12435946581055826,0.7003892437053827,0.5976498033791385,High,1,Extreme Hotspot
169,50.06647940000005,0.12815566992782182,0.14817604122989492,0.5133941769599915,25.16064672572957,67.22980275490383,0.8603478878239273,0.8886935047157972,0.0007154957364403267,0.621999231314458,0.6020219010339422,High,1,Extreme Hotspot
71,49.16412212,0.12549581940049634,0.10049087011719864,20.845396041870117,25.058495283637765,67.0961520331377,0.8228611998580042,0.8843230546882003,0.03331807038228602,0.6825163355595228,0.6066257228539078,High,1,Extreme Hotspot
44,44.92919533999998,0.05313485358624285,0.10812072109347566,21.79439353942871,24.980271072290233,67.10230793384842,0.6469293574724869,0.7654254016844303,0.03483979765530344,0.6728333151124655,0.5168621656779783,High,1,Extreme Hotspot
46,47.97636017000002,0.09975232019814378,0.15718576036205292,6.611201763153076,24.863370548421344,67.38389234931653,0.7735179268725596,0.8420234308396028,0.010493393079051208,0.610565024427563,0.5604470385302396,High,1,Extreme Hotspot
240,47.313264290000006,0.19275094935923429,0.19147663094911008,0.402009516954422,25.146897316320903,66.88135166438704,0.7459708910188139,0.9948312135356648,0.0005368892855673804,0.5670465858533027,0.5611565779299277,High,1,Extreme Hotspot
41,40.71135866000003,-0.09802175831556588,0.40976045082172685,1.342483401298523,24.841101239031754,67.49438340255782,0.4717074902378424,0.5170571524648121,0.002044948856903276,0.29002326027851155,0.32475745823478697,Medium,0,Moderate Zone
203,48.138716120000026,0.14263736263736262,0.09777325737992922,0.3920481204986572,25.14923753545227,67.36410469474804,0.7802626908058221,0.9124886441989555,0.00052091608363263,0.6859652495401473,0.5863016518811097,High,1,Extreme Hotspot
114,48.96929498000003,0.1022234018793232,0.14979790651881034,4.174081325531006,25.06103229240491,67.2843692852494,0.8147674831380906,0.8460837112541432,0.006585445326714087,0.619940927056122,0.5784540966862606,High,1,Extreme Hotspot
80,47.46365717000003,0.09788884761209608,0.15501474714737104,1.6299645900726318,24.913421685646977,67.40067364732529,0.7522186723464686,0.8389615242657371,0.0025059279074934712,0.6133202506323681,0.5500222296817949,High,1,Extreme Hotspot
62,49.66998908000005,0.10042843833016413,0.16101158879340222,0.6215318441390991,25.143272814606068,66.99730144910967,0.84387646432375,0.8431343731569961,0.0008888956008343516,0.6057096773122822,0.5853849010657145,High,1,Extreme Hotspot
83,48.55571456000001,0.09207728822624847,0.1312681969835182,16.61269760131836,25.0308767792534,67.19203637883646,0.7975860844870427,0.8294124426097096,0.02653089478696973,0.6434569245331548,0.5787704087896469,High,1,Extreme Hotspot
2,32.23125104000002,-0.3233578396773862,0.3363692753422176,0.6409571766853333,24.760373067607947,67.17392745041187,0.11941782037628733,0.14680323297235576,0.0009200443218784893,0.3831637757369696,0.14665037932423186,Low,3,Cool Zone
35,45.455570420000015,0.10322200926610628,0.12013994397716853,43.49189758300781,24.848471369134113,67.22044171320803,0.6687965921192758,0.847724541682879,0.06963196912515655,0.657579756254973,0.543601261632426,High,1,Extreme Hotspot
193,46.92531902000002,0.1322922040549769,0.11677515428781968,0.5286206007003784,25.157238118716126,67.32122731336766,0.7298544550940718,0.8954903211174912,0.0007399114639168222,0.661850000518369,0.5588203081749055,High,1,Extreme Hotspot
2,36.69860318000002,-0.0002913151023044764,0.08919879115048333,41.07305908203125,24.838853614012805,66.91341701424001,0.30500532481363196,0.677639867113794,0.06575333664674653,0.6968470783046247,0.37945585981513347,Medium,0,Moderate Zone
96,46.306657400000006,0.10794988546056165,0.10941500886350208,4.301151275634766,25.057031337528525,67.21399504590404,0.7041533546325874,0.8554930032683159,0.006789203301999913,0.6711907384775471,0.5459207408642918,High,1,Extreme Hotspot
34,41.603461880000054,0.025642638404597698,0.12037861563009951,327.7962646484375,24.915605900207908,67.08889668266552,0.5087681931132427,0.7202524299835972,0.5255169533473709,0.6572768587930633,0.574379751838292,High,2,Warm Zone
251,47.092802000000006,0.14748961351546094,0.11711907172588908,0.13680888712406158,25.196364875264045,67.35012059910196,0.7368122115725945,0.920461468147606,0.00011163734099168893,0.6614135359536901,0.5651047213771646,High,1,Extreme Hotspot
71,42.160599140000045,0.030002116658099334,0.0880513384074782,276.1247863769531,24.971988171863188,67.04141707018894,0.5319133830315952,0.7274155700388701,0.44266120512345103,0.6983033070575972,0.5722036514108508,High,2,Warm Zone
9,42.78951482000002,0.05075595754622517,0.09150132402041686,255.57456970214844,24.820222179142505,67.12826290378423,0.5580404685835999,0.7615165932168358,0.40970872077979564,0.6939249409091618,0.5786558447927466,High,2,Warm Zone
32,43.57907743999999,0.09383013239834634,0.2043878301305617,17.408245086669922,24.833920749744777,67.2805774524292,0.5908413205537797,0.8322925735725653,0.02780656338309809,0.550661022615077,0.47826425962618657,Medium,1,Extreme Hotspot
23,43.883281220000015,0.1066945749796502,0.13536681315719692,2.179675579071045,24.809123834197596,67.48304681954119,0.6034788782392616,0.8534303791961811,0.003387395146752041,0.63825538333166,0.49790403362815183,Medium,1,Extreme Hotspot
153,45.39404606000005,0.10902077929300356,0.16374126400224143,3.8689944744110107,25.037801510860607,67.43682318378842,0.6662406815761462,0.8572526089045976,0.006096235415009723,0.6022454548860257,0.5170573137971057,High,1,Extreme Hotspot
243,46.41261602000003,0.15466489111194126,0.1394136265930015,0.17513540387153625,25.177535755591258,67.26827001288308,0.7085552005679806,0.9322513006390899,0.00017309430580395935,0.6331195848257444,0.5499269658646555,High,1,Extreme Hotspot
118,47.567906780000044,0.13762170025442766,0.1278810778182318,2.5780930519104004,25.046962668938196,67.38714148961014,0.7565495207667743,0.9042473157578583,0.004026261672771402,0.647755507065902,0.5688145725017617,High,1,Extreme Hotspot
233,46.86037664000003,0.16088996619082144,0.12222601116902794,0.228916198015213,25.132977111989597,67.40153268558315,0.7271565495207671,0.9424798376455062,0.00025933236377936045,0.6549323347869109,0.5632858955034599,High,1,Extreme Hotspot
192,46.56129988999999,0.1495472484690275,0.09360559228077155,0.5511927604675293,25.136116691607345,67.38016414247353,0.7147319843805454,0.9238424065301255,0.0007761061548585222,0.6912544205209574,0.5629140653746432,High,1,Extreme Hotspot
1,33.89069975000001,-0.32704431609415674,0.5475331761224395,1.2398521900177002,24.778029962913386,67.47475013377408,0.18835640752573674,0.14074591479154414,0.0018803786513225198,0.11517631762111191,0.11995980841607934,Low,3,Cool Zone
62,50.99276282000005,0.11819870414134093,0.15842895373561114,3.9780712127685547,25.140973474528852,67.03816869139611,0.8988285410010662,0.8723330284599894,0.006271141089721696,0.6089872915343205,0.6137466142487195,High,1,Extreme Hotspot
31,44.97021158000001,0.036223102451557715,0.20232059959507034,37.556610107421875,24.83832152338217,67.32700714172317,0.6486332978345756,0.737637387864114,0.060114674455746545,0.553284538540379,0.4957845036354598,Medium,0,Moderate Zone
129,50.16560198000002,0.10244839174267885,0.17127201042467163,2.7861459255218506,25.1116160650656,67.21730814606055,0.8644657436989706,0.8464533962963703,0.00435987660096529,0.5926882077239615,0.5923819176190774,High,1,Extreme Hotspot
83,50.06647940000005,0.12376757757227011,0.13270399259928947,13.934123992919922,25.085626084885128,67.09288500942043,0.8603478878239273,0.8814833482955783,0.022235774385524282,0.6416347607256918,0.6102475531154271,High,1,Extreme Hotspot
135,47.140654280000035,0.07997782665450708,0.09762258290239452,2.3810007572174072,25.0425468336729,67.32269319346904,0.7388001419950309,0.8095315915555356,0.0037102221458943595,0.6861564700569509,0.5551086450792064,High,1,Extreme Hotspot
133,46.41603404,0.10372784412537438,0.12206927716078357,0.746503472328186,25.00822438461588,67.43280312594717,0.7086971955981534,0.8485556883777537,0.0010892888952929436,0.6551312454355329,0.5420608028068543,High,1,Extreme Hotspot
1,44.77538444000004,0.07606203842678677,0.10653919762471163,66.4161605834961,24.77522039435302,67.08348735424502,0.6405395811146619,0.8030974868597683,0.10639126123226071,0.6748404216907142,0.538246355121038,High,1,Extreme Hotspot
110,48.16606028000001,0.1013655211044395,0.1821232965956625,1.117354393005371,24.994344831342065,67.4157390276841,0.7813986510472131,0.8446741113470253,0.0016839521706650154,0.5789168737624893,0.5554649399161032,High,1,Extreme Hotspot
90,52.79576837000002,0.13889508009264181,0.15512359146461693,1.2399355173110962,25.117776603822797,66.92160603710522,0.9737309194178202,0.9063396299281061,0.0018805122674967181,0.6131821166435504,0.6485498636519282,High,1,Extreme Hotspot
78,46.91848298000002,0.05002761840635755,0.23801341971552722,2.1851749420166016,24.948731214634737,67.37252026787642,0.729570465033724,0.7603198455871354,0.00339621343194247,0.5079868901178712,0.5083225942331199,High,1,Extreme Hotspot
49,46.340837599999986,0.03854274855336285,0.1676700657484371,14.300806045532227,24.92747060504778,67.26418757091459,0.705573304934326,0.741448841652776,0.022823752837966622,0.5972594246530458,0.5186044713617476,High,1,Extreme Hotspot
15,40.608818059999976,0.040467114704374564,0.0943216207025621,316.61395263671875,24.81699277581055,67.13590198640577,0.46744763933262184,0.7446108035793555,0.5075860007290558,0.6903457110493795,0.5636363186620919,High,2,Warm Zone
158,47.25857597000004,0.1110243425902614,0.11153250934479911,0.5633598566055298,25.09718926258926,67.35474583778344,0.7436989705360321,0.8605447011397946,0.0007956162189780297,0.6685034251183735,0.5604608824638012,High,1,Extreme Hotspot
65,47.24148587000002,0.06823178565058192,0.0905406071069181,70.20569610595703,24.97950621782253,66.99067261063996,0.7429889953851616,0.7902314524302828,0.1124678205186998,0.6951441837942675,0.5828761079071355,High,1,Extreme Hotspot
193,46.75954505000004,0.13543843198010427,0.1111722439462118,0.10612797737121582,25.191613028646422,66.9314625628981,0.7229676961306365,0.9006599469220002,6.2440185833744e-05,0.6689606368295503,0.5580938079029232,High,1,Extreme Hotspot
0,32.01591578,-0.36702825683514123,0.4945582966874374,0.5443338751792908,24.758683256166563,67.42099227707222,0.11047213347532814,0.07504755575985131,0.0007651078615727529,0.18240657445632713,0.09211857861076757,Low,3,Cool Zone
79,48.43950188000002,0.11141045708232548,0.123935606439356,7.924683570861816,25.07003226235351,67.12879180240536,0.792758253461129,0.8611791330656343,0.012599574701810657,0.652762692678533,0.579982603555456,High,1,Extreme Hotspot
58,45.31543160000001,0.05849065391541951,0.09793112188321766,84.36048126220703,25.029812255499895,67.09452165555827,0.6629747958821439,0.7742256171311193,0.13516516447522364,0.6857649041837361,0.5522680328780786,High,1,Extreme Hotspot
103,49.734931459999984,0.10633447217001221,0.1568445398701804,5.297426223754883,25.089895643552733,67.17141943859617,0.8465743698970521,0.8528386875510484,0.008386740454498878,0.6109980663061042,0.5908518494663237,High,1,Extreme Hotspot
255,45.195800899999995,0.16439897510533297,0.12477055158165073,0.22722478210926056,25.17542045553948,67.41830493075132,0.6580049698260552,0.9482455556622569,0.0002566201609329621,0.6517030663620889,0.5358435895924116,High,1,Extreme Hotspot
69,47.752479859999994,0.10723215581207801,0.14000965167784069,1.071413278579712,24.902893142016687,67.42320748053586,0.7642172523961651,0.8543136882918551,0.0016102851199570937,0.6323631712206292,0.5607091597263595,High,1,Extreme Hotspot
57,44.05418222000003,-0.019452187354151447,0.31477513694999115,0.4530046582221985,25.179950185090785,67.02820015673677,0.6105786297479594,0.6461562804229027,0.0006186605204317383,0.41056883046721837,0.42342332518617076,Medium,0,Moderate Zone
66,45.899913019999985,0.06042376150025677,0.12557182117791332,23.21038055419922,24.99864388345497,67.15714200308479,0.6872559460418872,0.7774019422707108,0.03711034743457909,0.6506861775777155,0.5309274921315494,High,1,Extreme Hotspot
76,49.45807184,0.1223600006937098,0.13215178998894822,7.917595863342285,25.07364547539885,67.07015128515229,0.8350727724529634,0.879170532464557,0.012588209489717487,0.6423355593629754,0.5975188530958934,High,1,Extreme Hotspot
228,44.81981870000004,0.1567970514118538,0.122751358753434,0.11635085940361023,25.12887516933794,67.4573640665315,0.6423855165069233,0.9357546930086468,7.883268258695471e-05,0.6542656177805851,0.5281902422808301,High,1,Extreme Hotspot
44,44.94628544,0.054324890525853924,0.09794004530846642,378.8863220214844,24.971236043595006,67.08368511587103,0.6476393326233574,0.7673807735830137,0.6074403871652667,0.6857535794921517,0.663173661776542,High,2,Warm Zone
73,44.471180660000016,-0.04587972934917449,0.3923585691885634,8.07281494140625,25.090998846117127,67.0419006888251,0.62790202342918,0.6027326930991432,0.012837104881950038,0.31210793482787136,0.40720157652260525,Medium,0,Moderate Zone
113,47.2978832,0.10101411388876626,0.1210304314054877,3.2574470043182373,25.038960535273777,67.34054982950241,0.745331913383031,0.8440967075945743,0.005115612740683312,0.656449641393874,0.5573161029563442,High,1,Extreme Hotspot
254,45.85547875999998,0.158063996430873,0.1332076762049323,0.13569779694080353,25.17675345646996,67.38650234352906,0.6854100106496258,0.9378364340074177,0.00010985569642571755,0.6409955374082965,0.5430660407667287,High,1,Extreme Hotspot
108,48.70268942000001,0.08062208866498416,0.17126896715661016,5.215297222137451,25.030413206420974,67.37510263689455,0.8036918707845223,0.8105901904852658,0.008255045753523945,0.592692069926114,0.5636674523102027,High,1,Extreme Hotspot
54,46.590353059999984,0.10679790854235598,0.17339922978743103,0.8967283964157104,24.873947601892542,67.46613995074114,0.7159389421370238,0.8536001685010084,0.0013301761101265563,0.589988560162165,0.5327458581899255,High,1,Extreme Hotspot
10,40.77630104000002,0.05209700427960059,0.07183578285656356,412.08233642578125,24.85612996240133,67.07709969380325,0.474405395811147,0.7637200921250179,0.6606705385665657,0.7188824188185082,0.6132642905485545,High,2,Warm Zone
11,40.608818059999976,0.02828549586489692,0.100929584118794,302.62548828125,24.864772619734698,67.08254765607685,0.46744763933262184,0.7245949583857152,0.48515535389161824,0.6819595649671395,0.5533490509572385,High,2,Warm Zone
53,44.177230940000015,0.0311093818113694,0.11238232325739153,533.6911010742188,24.973777981782842,67.05823150088742,0.6156904508342208,0.7292349380710025,0.8556714466612242,0.667424928891198,0.7030642684878844,High,2,Warm Zone
41,44.65062670999998,0.03024361851224987,0.14167729836219295,459.74212646484375,24.963751579574772,67.07708029482409,0.6353567625133106,0.7278123862412447,0.7370935033428743,0.6302467659339128,0.6736372919640121,High,2,Warm Zone
90,47.528599550000024,0.08765092985236894,0.15704991254307063,4.81691837310791,25.00829872252366,67.31852704160949,0.7549165779197731,0.8221394105808283,0.007616241161181896,0.610737428477522,0.5493390887408334,High,1,Extreme Hotspot
50,46.190444720000016,-0.0005166057437164952,0.2528902938077384,26.56708526611328,24.9987533204927,67.10665156764588,0.6993255236066738,0.6772696878575308,0.04249285805312825,0.489106694885871,0.48976521611175544,Medium,0,Moderate Zone
54,45.21289100000001,0.02434798596967637,0.2428215603169098,3.611295223236084,24.915983501757175,67.31190963496088,0.6587149449769257,0.7181251624128064,0.005683012008459232,0.5018848936437237,0.4730024840835508,Medium,0,Moderate Zone
137,49.25299064000001,0.1113139762709865,0.16567695478279282,0.9101418256759644,25.149742448124748,67.15323245936759,0.826553070642527,0.8610206036444331,0.0013516846822592852,0.599788875659834,0.5800700151062075,High,1,Extreme Hotspot
138,47.41751390000002,0.11270172985085306,0.11177530640488245,0.9335527420043945,25.08273475825528,67.37462311528873,0.7503017394391196,0.8633008474435174,0.0013892243279959185,0.6681952921149135,0.5636021873971571,High,1,Extreme Hotspot
90,48.260055830000056,0.10132182385021919,0.10734608985024957,1.944339394569397,24.97314283590916,67.35043956713601,0.7853035143769983,0.8446023115733348,0.003010031148211143,0.6738163972447914,0.5763275397228106,High,1,Extreme Hotspot
25,52.36851587000001,0.16669101927188276,0.187230196121398,7.143783092498779,24.99531754280898,66.87017317990282,0.9559815406460769,0.9520116561961178,0.011347392732422466,0.5724357232547643,0.6425183575219069,High,1,Extreme Hotspot
0,48.034466510000016,0.07331098538550224,0.10187137481849469,49.54106521606445,24.868976297625974,66.9056552524662,0.7759318423855164,0.7985771802798749,0.07933187180135742,0.6807643412818533,0.5861451502028978,High,1,Extreme Hotspot
59,46.292985320000014,0.04863250187162691,0.1842657974898346,33.0918083190918,25.015447504134176,67.01877836518656,0.703585374511892,0.7580275035795395,0.05295531874891093,0.576197832456098,0.523616671520135,High,1,Extreme Hotspot
8,38.833156669999994,0.010518714264741488,0.12194068528649589,312.21917724609375,24.81894690690513,67.06846768512345,0.3936812211572588,0.6954020280548578,0.5005389330730244,0.6552944409883588,0.51797641413706,High,2,Warm Zone
124,49.753730570000016,0.12257225351382699,0.10564957349585934,0.7495372295379639,25.153919718216258,67.09969726552957,0.8473553425630101,0.8795192890333975,0.001094153556261712,0.6759694409411106,0.6063374569575013,High,1,Extreme Hotspot
92,48.81890210000006,0.12961266546855668,0.12828090086251823,0.9370919466018677,25.106790195691953,66.9011718079325,0.8085197018104383,0.8910875212726659,0.0013948994790628274,0.6472480928680273,0.5868693523584464,High,1,Extreme Hotspot
28,48.39164960000005,0.09204209040847947,0.11131450242661488,163.74627685546875,24.904635359236277,67.12729512837105,0.790770323038695,0.8293546084186304,0.26246110630355696,0.6687800970288658,0.6400826164599349,High,1,Extreme Hotspot
44,47.892618680000055,0.11667915763603348,0.16746385864715324,1.6165775060653687,24.865354875482538,67.44269119855018,0.7700390486332994,0.8698362332461871,0.0024844615802455746,0.5975211214521403,0.5586163941257373,High,1,Extreme Hotspot
62,46.83645050000001,0.08383603566489119,0.21411222034049388,1.4531131982803345,24.892895705543733,67.43092394680758,0.7261625843095489,0.8158710867650136,0.0022223448771337816,0.5383198288577273,0.5210652487294005,High,1,Extreme Hotspot
74,46.764672080000025,0.06543733220291079,0.11756207598658365,99.51639556884766,25.0332546805124,67.1298445712391,0.7231806886758967,0.7856398338329127,0.15946782934764178,0.6608513206066569,0.5791554720035373,High,1,Extreme Hotspot
23,42.43404074,0.020035627789676005,0.2629884535614416,33.856163024902344,24.831604002673743,67.34163241647228,0.5432729854455088,0.7110394462294459,0.05418096940139782,0.4762911513481555,0.43276858373260096,Medium,0,Moderate Zone
75,48.61552991000002,0.08531564076765139,0.14323235698110412,4.522290229797363,25.0019487357416,67.2123526485502,0.800070997515087,0.818302253515084,0.007143801895295989,0.6282732458153539,0.5702143366701923,High,1,Extreme Hotspot
382,40.778010050000034,0.16847169871956735,0.20887562906304652,0.11453799158334732,25.17265268790981,66.8960051239412,0.4744763933262345,0.9549375238196265,7.592573034359605e-05,0.5449655707693402,0.4420432814898917,Medium,1,Extreme Hotspot
137,46.915064959999995,0.09851247457469643,0.1424702696338161,0.40424400568008423,24.986091876246856,67.45974231273016,0.7294284700035489,0.8399862173633027,0.0005404723112801329,0.62924040852786,0.5437525203893071,High,1,Extreme Hotspot
19,44.98217465000005,0.03586459803765897,0.144605659661164,173.19097900390625,24.90080381558689,67.01312314131289,0.649130280440186,0.7370483225728426,0.27760578358856336,0.6265303916007219,0.564916884779286,High,2,Warm Zone
161,47.90970878000002,0.11930553742876174,0.12139935230952784,1.1400953531265259,25.133729846506775,67.2513152462588,0.7707490237841675,0.8741516868852872,0.0017204175347149623,0.655981445007303,0.5710487559315994,High,1,Extreme Hotspot
178,49.11968786,0.12121608980355468,0.12269645375379447,2.691887140274048,25.04491115066181,67.47163242354881,0.8210152644657429,0.8772909511384311,0.004208731666861586,0.6543352975470456,0.5919189908831863,High,1,Extreme Hotspot
114,48.93511478000005,0.08631821795451361,0.19256468060517767,15.966072082519531,25.099155821946542,67.1862726032178,0.813347532836352,0.8199496067963964,0.025494024099832365,0.5656657453755694,0.5678381092540723,High,1,Extreme Hotspot
63,47.74222580000003,0.08306498006361134,0.13656826364115102,5.8822808265686035,24.983013488622028,67.150636179921,0.7637912673056447,0.8146041509205846,0.009324560840897167,0.6367306262114454,0.557384395012859,High,1,Extreme Hotspot
-5,40.43108102000002,0.02542948694753687,0.1432384887115563,177.6042938232422,24.81671695491422,67.10151390190113,0.4600638977635787,0.7199021968476284,0.2846825794097039,0.6282654640550641,0.48883462629601454,Medium,2,Warm Zone
33,51.39096215000001,0.151836137116495,0.1302879093063461,9.965989112854004,24.999514826229305,66.87026788448979,0.9153709620163288,0.9276033221717082,0.01587282918752054,0.6447010046143475,0.6381972913520374,High,1,Extreme Hotspot
56,46.94924516000003,0.07979055984963264,0.19593600909312978,2.174196481704712,24.93422005677873,67.29971968873537,0.73084842030529,0.8092238899745169,0.003378609357626868,0.5613872027429431,0.5268450445062889,High,1,Extreme Hotspot
21,44.71044205999999,0.11079013593915792,0.11664248241991294,1.2941997051239014,24.80020128570002,67.47064742701836,0.6378416755413551,0.860159871821657,0.0019675254522051283,0.6620183739785694,0.5170562071485557,High,1,Extreme Hotspot
189,46.180190659999994,0.13922794780830983,0.1349572869799615,0.716232180595398,25.133960937676097,67.27276038818633,0.6988995385161509,0.906886571082198,0.0010407485668539782,0.6387751117457672,0.543608010559657,High,1,Extreme Hotspot
20,41.96748101000003,-0.017166130540969837,0.1912784773124029,293.67706298828125,24.900346482562234,67.06069485613577,0.5238906638267667,0.6499125430247354,0.47080646166176415,0.5672980620252306,0.5382043748049042,High,2,Warm Zone
86,48.53862446000005,0.10689695574562524,0.15038661967454692,6.095879554748535,25.10551214213448,67.08140126041394,0.7968761093361746,0.8537629148086728,0.009667068604078248,0.6191937929977802,0.5730704067063465,High,1,Extreme Hotspot
4,33.08404703000002,-0.342523391642936,0.49378580758635837,0.779703676700592,24.758763367518785,67.26669557622986,0.1548455804046865,0.11531195695656767,0.001142525765351311,0.1833869380026315,0.11619804474722388,Low,3,Cool Zone
36,41.38129058000004,0.041141494345028506,0.08891918748411252,57.81544494628906,24.83633127868923,67.22430058476935,0.49953851615193584,0.7457188893491489,0.09259992502086331,0.697201922459112,0.4742636056101849,Medium,1,Extreme Hotspot
69,45.653815580000014,0.06738002394915409,0.10207265635629736,84.51609802246094,24.986369552762262,67.04015636352828,0.6770323038693645,0.788831906886927,0.1354146975549485,0.6805088955002492,0.5590931610695717,High,1,Extreme Hotspot
62,50.53474814000003,0.10524590043141721,0.17055866433387804,8.24716854095459,24.9657056859344,67.229563268508,0.879801206957757,0.851050035017341,0.013116682676690307,0.5935935130575072,0.601575861316378,High,1,Extreme Hotspot
114,47.54398064000003,0.11756749955964874,0.16450893876314243,2.4420039653778076,25.04717619586782,67.38558186189421,0.755555555555556,0.8712958844351144,0.0038080414192202187,0.601271201204059,0.5541228554831064,High,1,Extreme Hotspot
67,46.578389990000005,0.04940148336335457,0.15454491805489992,52.05354309082031,25.044702104697347,67.14095191058209,0.7154419595314159,0.7592910314158657,0.0833606559811943,0.613916509291045,0.5436939043784538,High,1,Extreme Hotspot
159,48.596730800000046,0.15461712641162098,0.13203974935609122,2.682267665863037,25.19643132012456,67.1342985841772,0.7992900248491314,0.9321728175688241,0.004193306740451362,0.6424777497861212,0.5890858092173132,High,1,Extreme Hotspot
114,51.50033879,0.14954113918225953,0.1694363594948242,0.10555123537778854,25.19777054686393,66.87301047364926,0.9199148029818948,0.9238323682470532,6.151537410015085e-05,0.5950178266827901,0.6255597206098991,High,1,Extreme Hotspot
63,46.094740160000015,0.07052778297863481,0.17932068459451184,12.29653263092041,25.05109968714214,67.02806704649139,0.6953496627618032,0.7940040484775657,0.019609879750371633,0.582473660047921,0.5186376743235332,High,1,Extreme Hotspot
49,43.29879979999998,0.06340469268234707,0.08136719037854125,145.93328857421875,24.92744022034894,67.00263286626453,0.579197728079516,0.7822999659127124,0.2338977959141697,0.7067861387979015,0.548855762856836,High,2,Warm Zone
9,50.36384714000002,0.14399735037491104,0.11368083468137861,10.824366569519043,24.88477102938164,66.87535742873717,0.8727014554490592,0.9147232654244859,0.01724924629052757,0.6657769920300065,0.6237567819719297,High,1,Extreme Hotspot
54,47.56448876000002,0.06795889087342256,0.1546092602332287,17.232446670532227,24.98619783168319,67.13278005144075,0.7564075257365992,0.7897830539303993,0.02752466881005842,0.6138348528300863,0.5506786061527315,High,1,Extreme Hotspot
197,44.71556909000003,0.13347542714633603,0.09903028198705385,0.4231117069721222,25.122119300312644,67.37584268822333,0.6380546680866176,0.8974344970548824,0.0005707268648580968,0.6843699634708535,0.5268537162032647,High,1,Extreme Hotspot
88,47.40725984000005,0.09235696355924863,0.07322606644974478,10.282247543334961,25.064426121432053,67.05518068397456,0.7498757543485992,0.8298719823674034,0.01637995284192706,0.7171180141791726,0.5719496901408665,High,1,Extreme Hotspot
343,42.03755042,0.14916410293100577,0.18036843916254205,0.2152949720621109,25.1668532938474,66.90377478493144,0.5268015619453315,0.9232128529480659,0.0002374905875069331,0.5811439579426927,0.4654907169557577,Medium,1,Extreme Hotspot
93,48.88384447999999,0.11503104290628066,0.11492686859603589,6.958155632019043,25.049487647085915,67.1962341125269,0.8112176073837405,0.8671281851840377,0.01104973718542716,0.6641956542147769,0.590157835870414,High,1,Extreme Hotspot
49,46.699729700000034,0.06778617718052102,0.1878767582049565,9.7053861618042,24.90686054102258,67.29061666484154,0.7204827831025922,0.7894992648391879,0.015454949668278893,0.5716151732997449,0.5248047750439337,High,1,Extreme Hotspot
46,46.829614460000016,0.06884419451135972,0.12898304118027307,20.799846649169922,24.969858711265715,67.13377850208283,0.7258785942492012,0.7912377128554422,0.03324503146140416,0.6463570087466386,0.5466197542426755,High,1,Extreme Hotspot
99,47.94047096000003,0.09408894506334334,0.1956627160398036,0.788179337978363,24.978535045721472,67.41295383450449,0.7720269790557335,0.832717833491218,0.0011561165756078422,0.5617340381177918,0.5463543034134364,High,1,Extreme Hotspot
56,47.06887586000005,0.03933436077432228,0.2739623426118226,1.8882402181625366,25.090513384141914,66.92657167846004,0.7358182463613786,0.7427495544625357,0.002920075540370497,0.4623642224488931,0.498942595088803,Medium,0,Moderate Zone
32,46.09815818000004,0.040734258147574844,0.2234336949302634,22.954925537109375,24.894988409013934,67.22616694664657,0.6954916577919783,0.7450497519551055,0.03670072268052567,0.5264899740768014,0.5044273013955488,High,0,Moderate Zone
7,44.660880770000006,0.06385963189667716,0.13563377795172085,380.05609130859375,24.838583738056197,67.04310235291261,0.6357827476038335,0.7830474850238044,0.6093161242793391,0.6379165791306267,0.6516825686910642,High,2,Warm Zone
75,44.80272860000002,0.05191315787641903,0.11649848761814212,48.20340347290039,25.0283628196272,67.13580433650792,0.6416755413560529,0.7634180106698369,0.07718691740276155,0.6622011173393707,0.5229198709614612,High,1,Extreme Hotspot
65,50.11091366000005,0.08694006404675551,0.18908393597460288,6.201557636260986,24.978781958673455,67.28867049247609,0.8621938232161888,0.8209713737126495,0.009836524497493527,0.5700831476988435,0.5844989960075151,High,1,Extreme Hotspot
15,42.07856665999998,-0.006849299331153602,0.18792255602001706,347.62408447265625,24.83516489681579,67.06239909037346,0.5285055023074178,0.6668643208718129,0.5573110668920447,0.5715570514332706,0.5650710260634044,High,2,Warm Zone
100,50.028881179999985,0.12627696051648427,0.13028195919614877,2.648167133331299,25.105611012051135,67.13249265519019,0.8587859424920113,0.8856065622300165,0.004138626184905682,0.6447085558809296,0.6063317290537193,High,1,Extreme Hotspot
12,41.323184240000046,-0.01183523249761873,0.20150969207655947,190.010009765625,24.823322222917433,67.14861527013993,0.497124600638979,0.6586718410609701,0.30457527284609026,0.554313658782285,0.48465716638271666,Medium,2,Warm Zone
82,51.33285581000001,0.11815145771278988,0.13621562279036883,0.9083600640296936,25.122605766184535,66.93164396424389,0.9129570465033721,0.872255396971737,0.0013488276090866775,0.6371781616324135,0.6237939673758638,High,1,Extreme Hotspot
21,42.60323273000006,0.06429539113381415,0.10592995459431999,19.963451385498047,24.811004197596326,67.19318876840218,0.5503017394391215,0.78376348915652,0.03190386303153324,0.6756136101499451,0.480783906936999,Medium,1,Extreme Hotspot
178,48.93511478000005,0.12086405791954431,0.16259908046734672,0.6367601752281189,25.1719797875082,67.22303266487717,0.813347532836352,0.8767125209817805,0.0009133143867640475,0.6036949965031639,0.5778132191791318,High,1,Extreme Hotspot
54,50.90389430000005,0.08028302958358487,0.11470365141621616,19.677719116210938,25.030686585788352,67.02002555069507,0.8951366702165435,0.8100330761826254,0.031445688391374606,0.6644789384523131,0.6203168393023175,High,1,Extreme Hotspot
120,50.008373060000054,0.10584778912968132,0.17919271422849872,4.029029369354248,25.08172576951413,67.25021701469029,0.8579339723109705,0.8520390095671944,0.0063528530192669625,0.582636066846504,0.5890948669835849,High,1,Extreme Hotspot
192,47.74222580000003,0.13269845618382586,0.1271498796350617,0.291168749332428,25.10538382522312,67.48253723987018,0.7637912673056447,0.89615784157005,0.0003591549717398979,0.6486834684350691,0.5697666655877143,High,1,Extreme Hotspot
128,48.74028764000002,0.14600087398334208,0.0996833715471122,0.8123332262039185,25.158499494048687,67.10906347547541,0.805253816116436,0.9180152924462309,0.0011948475844427444,0.6835411295154503,0.5968107581127098,High,1,Extreme Hotspot
183,46.26905918,0.13119631584394087,0.1106434876077475,0.7204864621162415,25.099038583795387,67.31890000011994,0.7025914093006738,0.8936896467514087,0.0010475703511410985,0.6696316798751851,0.5492782392958031,High,1,Extreme Hotspot
117,49.95710276,0.09682189138077657,0.18073928427724606,2.7340152263641357,25.054931418169442,67.28505897768869,0.8558040468583591,0.8372083885753251,0.004276284487314998,0.5806733195462764,0.5851066120607264,High,1,Extreme Hotspot
65,49.18463024000005,0.09112936143811123,0.1398289814238443,5.301665306091309,24.981689267404104,67.29298570412072,0.8237131700390498,0.8278548864181818,0.008393537866737057,0.6325924592852403,0.5822803773020795,High,1,Extreme Hotspot
8,41.629097030000025,-0.004899082062580441,0.20661602896287348,17.407939910888672,24.819577423757142,67.22657728228225,0.5098331558395461,0.6700687592519747,0.027806074030586006,0.5478332223185223,0.4209617391949656,Medium,0,Moderate Zone
229,46.20411680000001,0.14440744555973456,0.12334282164593391,0.3847696781158447,25.158948432346175,67.39849077928801,0.6998935037273691,0.9153971004740183,0.0005092450262194065,0.6535149940397599,0.5480972766265573,High,1,Extreme Hotspot
245,46.474140379999994,0.1779067822929358,0.14463023944271006,0.17782534658908844,25.17280607734304,67.29625836729775,0.7111111111111101,0.9704404856740546,0.00017740765668916654,0.6264991974754324,0.555354708704811,High,1,Extreme Hotspot
100,46.42628810000002,0.09459861740482256,0.1300603568568197,2.827472686767578,25.022090565142374,67.25778742313611,0.7091231806886761,0.8335552856247116,0.004426144488767829,0.6449897907293574,0.5387870593872406,High,1,Extreme Hotspot
99,47.11672814000002,0.060623979941812435,0.2403066881119317,3.2291691303253174,25.007639111119765,67.36930371906982,0.7378061767838127,0.7777309249276055,0.005070268878145551,0.5050765102373183,0.514064978719666,High,1,Extreme Hotspot
20,44.41991036000002,0.01872602285504701,0.23641116609093457,3.5530166625976562,24.795697907012677,67.498190746766,0.6257720979765709,0.7088876099274092,0.005589561735530331,0.5100203052732316,0.46004343216826865,Medium,0,Moderate Zone
138,50.5450022,0.12835847427497588,0.173849290999953,1.608411192893982,25.11888693787033,67.25805635952901,0.8802271920482774,0.8890267363224271,0.0024713668128675047,0.5894173888592357,0.603946206742739,High,1,Extreme Hotspot
60,44.10887054,0.0427200316627912,0.24368766671308745,1.9383376836776733,24.889288399214838,67.44468438643024,0.6128505502307412,0.7483126134675172,0.003000407342909024,0.5007857206756551,0.45829435808328234,Medium,0,Moderate Zone
192,45.19921892000002,0.19067407020137378,0.19309272596805493,0.1416662633419037,25.136483058106112,66.8654755410405,0.6581469648562303,0.9914186546420214,0.0001194261938443174,0.5649956046268692,0.5250005616126303,High,1,Extreme Hotspot
50,43.37399624,0.0205995863798465,0.14250978306295356,295.212890625,24.924940072444404,67.12666909143113,0.5823216187433432,0.7119660971110097,0.47326917711408234,0.629190262156265,0.5838789087737624,High,2,Warm Zone
300,43.32101693000004,0.1697954897960651,0.17416865574481938,0.14043264091014862,25.112624191864846,66.8652623995227,0.580120695775649,0.9571126696360457,0.00011744806755437758,0.5890120840421134,0.4934469575809778,Medium,1,Extreme Hotspot
93,47.58841490000003,0.10289769568909368,0.11679523156540678,3.6697733402252197,25.117382354953314,67.08864733713172,0.7574014909478174,0.8471916559936105,0.005776782272054239,0.661824520507029,0.5638484444475879,High,1,Extreme Hotspot
51,43.10397266000001,-0.012530137940195097,0.31977985656049485,1.325761079788208,25.098324179983372,66.96059270405763,0.5711040113596023,0.657530028963078,0.0020181344419276026,0.4042173561761775,0.40841911373402007,Medium,0,Moderate Zone
68,47.43118598000001,0.10087042805890153,0.14321761146633485,1.9172254800796509,24.898498947450136,67.40720229692337,0.7508697195598151,0.8438606147267058,0.002966553706739005,0.6282919593028724,0.5533270103201912,High,1,Extreme Hotspot
18,42.669884120000006,0.03162903089848184,0.10902304028832535,481.0234069824219,24.89403229255361,67.03162597589122,0.5530706425275113,0.7300887831813873,0.7712182560968546,0.6716881845927911,0.6578837754309844,High,2,Warm Zone
59,47.76273392000002,0.1015455074045094,0.10594586952487829,59.815330505371094,25.017238563817784,67.07839059971765,0.7646432374866879,0.8449698501947639,0.09580676213687048,0.6755934125604393,0.5916731455701952,High,1,Extreme Hotspot
25,41.757272779999994,0.024003491416933365,0.13114004924906267,22.299854278564453,24.8246008478723,67.23420489770544,0.5151579694710677,0.7175591169857889,0.03565030916261636,0.6436195564294835,0.4513335439128462,Medium,0,Moderate Zone
46,46.750999999999976,0.12258907447296873,0.1832940448127247,1.49284029006958,24.868869278587134,67.44148446051688,0.7226127085551989,0.8795469278652002,0.0022860476784677007,0.5774310807949181,0.5370348506804601,High,1,Extreme Hotspot
51,49.39312946000001,0.12377325927802932,0.17603154614727046,1.3508907556533813,24.871994181810997,67.44345870279984,0.8323748668796589,0.8814926840123176,0.0020584301363045635,0.5866478955522404,0.5830180359982353,High,1,Extreme Hotspot
231,46.094740160000015,0.1378919943801067,0.1120651734027765,0.3711828589439392,25.13208815098307,67.33183448121073,0.6953496627618032,0.904691441078773,0.0004874584215754169,0.6678274227979029,0.5475309304315117,High,1,Extreme Hotspot
66,46.66213148000003,0.10815645667800514,0.11292070294359664,3.290903091430664,24.95359601872429,67.31672407857369,0.7189208377706785,0.8558324242897988,0.005169259921353863,0.666741672884493,0.5505838483089783,High,1,Extreme Hotspot
106,49.61700976999998,0.10252681891808028,0.12818700933739607,0.6153718829154968,25.09867662919536,66.87906152969266,0.8416755413560509,0.8465822614515269,0.0008790180394932515,0.6473672503142723,0.5933507603328771,High,1,Extreme Hotspot
70,46.40748899000005,0.0665883320148293,0.08326920047705844,95.69103240966797,24.967588082934355,66.97736571103466,0.7083422080227204,0.7875310630986495,0.15333382007628393,0.7043723036218654,0.5806744584173297,High,1,Extreme Hotspot
44,46.11866630000003,0.04277846465100602,0.1864476042759888,20.176029205322266,24.9823333202822,67.10775398132358,0.6963436279730215,0.7484086258006661,0.032244733757638734,0.5734289081628783,0.5135457101312939,High,1,Extreme Hotspot
80,47.00051546000003,0.08701505407127938,0.16655852215075495,4.557039260864258,24.982028111003753,67.31748842078422,0.732978345757899,0.8210945912210706,0.007199522324929849,0.5986700812199457,0.5378894238115419,High,1,Extreme Hotspot
84,49.59479264000004,0.13924152250145042,0.12560660791059663,9.147287368774414,25.04160915756849,67.03988235933797,0.8407525736599226,0.9069088759137671,0.014560032498764341,0.6506420298420774,0.6061057749441406,High,1,Extreme Hotspot
3,46.70314772000006,0.07659193560510295,0.10511144094304671,29.015228271484375,24.809206239022544,67.10315066930448,0.7206247781327672,0.8039681708000138,0.046418480606511235,0.6766523833115858,0.555780233687054,High,1,Extreme Hotspot
10,43.13131682000005,-0.0432796451570122,0.2157850449635655,517.9115600585938,24.856297610632133,67.02178354905318,0.5722399716009955,0.6070049399463434,0.8303687899303607,0.5361968522648808,0.634778297567916,High,2,Warm Zone
236,44.80956464000002,0.15050726957596908,0.14091356589607035,0.27509817481040955,25.161372853210068,66.91546570380584,0.6419595314164006,0.9254198351225303,0.00033338563978051156,0.6312160164616807,0.5219233375372211,High,1,Extreme Hotspot
33,44.91381425000003,0.10150456174786628,0.1077050572855159,43.9693717956543,24.848577793571973,67.21837736166563,0.6462903798367063,0.8449025716223901,0.0703976039486581,0.6733608327748799,0.5375231052201815,High,1,Extreme Hotspot
102,45.814462520000006,0.09397320028708998,0.14678955724113604,0.6493174433708191,24.930517428362148,67.44468210078502,0.6837060702875395,0.8325276510898484,0.0009334500957163884,0.6237588138874877,0.5233467010799198,High,1,Extreme Hotspot
101,50.237380400000006,0.12691330458885128,0.11951209880443475,0.1234186440706253,25.188765354922445,66.9707449772013,0.8674476393326228,0.8866521510479093,9.016594818067894e-05,0.6583765526359338,0.6116747304044675,High,1,Extreme Hotspot
118,46.68947564000001,0.09737120073790857,0.16390981770745913,1.1356921195983887,24.99488282397865,67.41226149802796,0.7200567980120693,0.8381109690287655,0.0017133569043482134,0.6020315438962665,0.5345740125644829,High,1,Extreme Hotspot
4,32.484184519999985,-0.2635773680763658,0.41846600782412646,0.6903731822967529,24.766711875871025,67.18146365459265,0.12992545260915783,0.24502964121385248,0.0009992833964344644,0.27897506461658383,0.1447694609981664,Low,3,Cool Zone
43,49.52985025999999,0.08461538461538466,0.19177746761673892,23.558393478393555,25.009714904077153,66.97135236865428,0.8380546680866157,0.8171516495662687,0.03766838974709463,0.5666647949621133,0.5805446710987829,High,1,Extreme Hotspot
74,49.15557707000005,0.10551388679948129,0.14835950612742288,0.2522869110107422,25.172771846926057,66.99065133511895,0.8225062122825714,0.8514903684186615,0.00029680754305712624,0.6217663965763218,0.5811535213768564,High,1,Extreme Hotspot
7,41.249696810000046,-0.08264484270387466,0.3540224410152042,55.07734298706055,24.85670875772481,67.10642943126905,0.4940717074902392,0.5423232494011107,0.08820935029502931,0.3607601973842207,0.37318154745686377,Medium,0,Moderate Zone
104,46.05543293000005,0.06927896220982521,0.15675582561404006,5.698197364807129,25.02182486418493,67.31728773367729,0.6937167199148044,0.7919520877724671,0.009029381111767692,0.6111106532961808,0.5207589770689699,High,1,Extreme Hotspot
30,42.09565676,0.04980433199854378,0.1378207638735164,0.8718098998069763,25.04788432174138,66.95633124674202,0.5292154774582882,0.7599529595244915,0.0012902190438648915,0.6351410820122667,0.45302990607540855,Medium,1,Extreme Hotspot
64,45.75464717,0.03012982333063067,0.2939960974761463,0.6500025391578674,25.140482623473012,66.98987710336293,0.6812211572594952,0.7276254072551931,0.0009345486538753539,0.4369394456628547,0.46925380028811686,Medium,0,Moderate Zone
16,43.79441270000001,0.022845136451413176,0.13989940730595765,267.8508605957031,24.859813287679955,67.04575482946528,0.5997870074547389,0.7156558023299405,0.42939387981580684,0.6325030820144881,0.581112259688236,High,2,Warm Zone
0,30.108660620000023,-0.11997485462832012,-0.1276501983058316,24.339998245239258,24.808545676427197,66.95081090526632,0.03123890663826846,0.48098561032353715,0.03892170105032712,0.9720494650036359,0.2887837224671469,Medium,0,Moderate Zone
71,43.29879979999998,0.015955998881327364,0.16450222181036733,264.5815124511719,24.92995823767376,67.12099824661726,0.579197728079516,0.7043361318544816,0.424151446353842,0.6012797256682019,0.5636233177320795,High,2,Warm Zone
61,47.28421112000001,0.07166084282234152,0.15707376944072984,27.2965030670166,25.039746229302185,67.07823001080918,0.7447639332623355,0.7958658002468187,0.04366248701834103,0.6107071517619536,0.550342495448933,High,1,Extreme Hotspot
64,47.364534590000005,0.05341186827641616,0.14689067399338845,13.69822883605957,24.987205941815635,67.18610475992702,0.748100816471423,0.7658805696902543,0.021857514069042305,0.6236304869276761,0.5443128879449032,High,1,Extreme Hotspot
36,51.273040460000004,0.13094061807219826,0.17037882930181025,10.710477828979492,25.02208407316924,66.94943861114328,0.9104721334753276,0.8932695049719787,0.017066624520697307,0.5938217411445332,0.6212102834950088,High,1,Extreme Hotspot
17,43.64060180000001,0.07831943789525092,0.13248328600955786,2.3731255531311035,24.80005976433413,67.42752470301858,0.5933972310969116,0.8068066620438216,0.0036975941749360203,0.6419148587810557,0.48768726204528295,Medium,1,Extreme Hotspot
23,41.43768791000002,0.05072605965463103,0.07429418353159269,483.50244140625,24.898640933590286,67.05394365000845,0.5018814341498051,0.7614674674333377,0.7751934133582733,0.7157624700701799,0.6519235411285269,High,2,Warm Zone
4,40.936947980000014,0.06129067655055541,0.08532300524744758,71.75630187988281,24.83833607800234,66.98590880920543,0.481079162229322,0.7788263865643198,0.11495423286641568,0.7017658262938317,0.478347346351747,Medium,1,Extreme Hotspot
68,47.55765272000002,0.057827587863481314,0.18371904531972139,22.91390037536621,25.044668773122467,67.12542233650476,0.7561235356762515,0.7731361209300279,0.03663493841063547,0.5768917139564236,0.5429569098039484,High,1,Extreme Hotspot
47,47.96439710000004,0.08427003636025239,0.17690553078066526,0.7343927621841431,25.11012373098635,67.01392352126392,0.7730209442669517,0.8165842014049275,0.001069869246696177,0.5855387243375091,0.5490712200966956,High,1,Extreme Hotspot
112,51.19442600000002,0.1239530189608863,0.1592057169535939,13.254119873046875,25.095613990592618,67.19414303063866,0.9072062477813276,0.8817880505010853,0.021145380767377642,0.6080015037193769,0.6220373526234136,High,1,Extreme Hotspot
334,45.11376842000004,0.16982119818158475,0.12759217845059925,0.186964750289917,25.197306673816115,67.39909094609372,0.6545970891018825,0.9571549115639472,0.00019206278476531667,0.6481221483663187,0.5350845177448001,High,1,Extreme Hotspot
203,46.46388632000003,0.14189400128861696,0.12358260619989526,0.1574246734380722,25.190881965586836,67.4555184162407,0.7106851260205898,0.9112672132975705,0.00014469496692793887,0.6532106841985695,0.5516424429843174,High,1,Extreme Hotspot
279,46.95608120000003,0.1603012642789335,0.1123093963140932,0.2741961181163788,25.141255396815602,67.41842292611152,0.7311324103656377,0.94151253055038,0.0003319391825699858,0.6675174802510206,0.5672663245746588,High,1,Extreme Hotspot
314,47.10647408,0.1796570623583015,0.14471905971005006,0.30804669857025146,25.186415330452057,67.27575478830732,0.7373801916932899,0.9733164035052988,0.0003862189373814025,0.6263864759468678,0.5663233871268296,High,1,Extreme Hotspot
9,45.76490123000002,0.032004647032782566,0.06362100136931222,84.14627075195312,24.81714032155963,66.98391483103165,0.6816471423500179,0.730705965059713,0.1348216757131785,0.729307772781054,0.5618317251834696,High,1,Extreme Hotspot
60,49.955393749999985,0.11332684661147335,0.14186548154571574,1.6088409423828125,25.0759620148546,66.8811381259613,0.8557330493432715,0.8643279884560056,0.002472055920604249,0.6300079432335077,0.598562020632562,High,1,Extreme Hotspot
167,48.254928800000016,0.085466883415157,0.20632888002715807,0.7092671394348145,25.17094093841988,67.19317312899268,0.7850905218317358,0.8185507631310095,0.001029580051532267,0.5481976421511675,0.5467157466454623,High,1,Extreme Hotspot
128,48.74028764000002,0.14600087398334208,0.0996833715471122,0.8123332262039185,25.15968235931011,67.10933995337581,0.805253816116436,0.9180152924462309,0.0011948475844427444,0.6835411295154503,0.5968107581127098,High,1,Extreme Hotspot
76,48.449755940000045,0.10361414096672389,0.14750351072265513,0.9786931872367859,24.908555912669055,67.42566664107834,0.7931842385516518,0.8483688605963591,0.001461607497396255,0.6228527377162372,0.5694649739277111,High,1,Extreme Hotspot
10,49.24615460000001,0.09827765154702793,0.15332591848450058,42.16705322265625,24.885724308048715,66.89617426280071,0.8262690805821793,0.839600375265331,0.06750756753206826,0.615463537902984,0.5964172879862852,High,1,Extreme Hotspot
67,46.60060712000001,0.07389227098974527,0.08224888015290167,108.83257293701172,24.97321784761826,66.99107249291045,0.7163649272275466,0.79953230150154,0.1744064158221837,0.7056671890124289,0.5912108578742814,High,1,Extreme Hotspot
54,47.21926874000002,0.0636130401718187,0.1389234764666121,79.23152160644531,25.01024171296167,67.10906413301252,0.7420660276890308,0.7826423055599055,0.1269408247794314,0.6337416328461727,0.5727062896736906,High,1,Extreme Hotspot
56,47.718299660000014,0.10059835880908649,0.17171425728783207,3.0818934440612793,24.883220685194658,67.4127866438033,0.7627973020944265,0.843413572666204,0.004834110796573258,0.5921269535878133,0.5512648751544071,High,1,Extreme Hotspot
121,48.933405770000036,0.10647872792961348,0.14238886482655436,0.12036129087209702,25.179939009492497,66.94634120198634,0.8132765353212644,0.8530757168811004,8.526345080063681e-05,0.629343719118808,0.5791620313471326,High,1,Extreme Hotspot
80,49.50592412000003,0.0881992045358382,0.14044163370069992,7.002480506896973,25.010256293327934,67.2468371844956,0.8370607028753999,0.823040290942669,0.011120812579354284,0.6318149441617897,0.5874235167687569,High,1,Extreme Hotspot
37,51.51742889000002,0.1208669952203062,0.16650357527550944,8.226318359375,25.006652700794575,66.91912084125673,0.9206247781327652,0.8767173473154651,0.013083249195528711,0.5987398141306091,0.6227762884754299,High,1,Extreme Hotspot
100,44.18406698000001,0.07997323818019626,0.11696107743899371,1.188612937927246,24.919298428534027,67.45729196688902,0.6159744408945685,0.809524052147786,0.0017982159822368254,0.6616140460180784,0.5005907473791702,High,1,Extreme Hotspot
107,48.64458308000002,0.10048571493290273,0.150829662504554,5.785901069641113,25.082213206219567,67.21165132172858,0.8012779552715654,0.843228485411594,0.009170014906834474,0.6186315287025509,0.5730142643875841,High,1,Extreme Hotspot
4,42.83565809000004,0.0974775758958136,0.10065198083098276,147.79071044921875,24.76878344402701,67.06022541623564,0.5599574014909489,0.8382857560354132,0.23687619104372287,0.6823118704473388,0.54540724585209,High,1,Extreme Hotspot
71,49.67340710000002,0.08919562430276899,0.21470921324362124,4.038763046264648,24.992069744489143,67.28576702779709,0.8440184593539226,0.8246775268524098,0.0063684610705625685,0.5375621869973943,0.5704135654365501,High,1,Extreme Hotspot
31,42.868129280000005,0.045443667193697725,0.10811327801207823,26.58393669128418,24.917145261084894,67.15165019591034,0.5613063542775999,0.7527878698245665,0.04251987948715494,0.6728427611042135,0.4826392442773564,Medium,1,Extreme Hotspot
44,45.243653180000024,0.10939182161560503,0.07977921249506839,7.727245330810547,24.920801565978646,67.27071242042759,0.6599929002484917,0.8578622754675845,0.012282980447984369,0.7088014366540394,0.5375075338623383,High,1,Extreme Hotspot
254,43.66110992000006,0.14470264655929463,0.14118836614524483,0.09946177154779434,25.180649851800297,66.92857063773366,0.5942492012779571,0.9158821507441066,5.175085605664235e-05,0.6308672683092087,0.5012683944986547,High,1,Extreme Hotspot
22,43.218476330000044,0.05896199734758863,0.09731070833169611,296.7069091796875,24.86781261959111,67.03206178079027,0.5758608448704308,0.7750000903186041,0.47566485127224484,0.6865522691170347,0.602821018137431,High,2,Warm Zone
11,41.273622950000004,0.04109040985125411,0.20248000443612388,18.43191146850586,24.815040076144978,67.31115532479548,0.4950656727014551,0.7456349514643195,0.02944802298200987,0.5530822383460396,0.42784996521494034,Medium,0,Moderate Zone
80,48.32328919999998,0.11698864212554519,0.11443255674432552,7.888486862182617,25.070794092473676,67.12282619279736,0.787930422435213,0.8703447529851092,0.012541532906197594,0.6648229838680317,0.5818238619220073,High,1,Extreme Hotspot
62,47.16799844000002,0.12495437324572996,0.11404626268938942,2.399441719055176,24.937836500844618,67.30720661910853,0.7399361022364218,0.8834333944092746,0.003739792418357036,0.6653132284670618,0.5624870438539615,High,1,Extreme Hotspot
61,53.42810207000002,0.1311704649510916,0.12586582798994828,5.011646270751953,25.1607984730427,67.04123673306755,1.0,0.8936471706670552,0.00792848935301023,0.6503130544352898,0.6660918088253688,High,1,Extreme Hotspot
49,45.96485540000003,0.024419833532402416,0.21660128985970634,138.7779083251953,24.917323455741723,67.11152621477154,0.6899538516151942,0.7182432164836171,0.2224240699014445,0.5351609583734126,0.5463562322686639,High,0,Moderate Zone
75,48.119917009999995,0.09120197495594391,0.12900114766272217,11.160191535949707,25.019035093160376,67.01227720258852,0.7794817181398641,0.8279741990441191,0.01778774508709173,0.646334029865357,0.5697025593574079,High,1,Extreme Hotspot
56,44.570303240000044,-0.0013157569108172649,0.28748866390534433,0.7742595672607422,25.126182542670744,67.00803380630691,0.6320198793042255,0.6759565876647086,0.001133796079727035,0.44519800962692957,0.4435244908167142,Medium,0,Moderate Zone
91,47.50467341000001,0.07710635683259227,0.17252610237116875,2.3841583728790283,24.99485402923473,67.3718682956792,0.7539226127085549,0.804813425916713,0.0037152854151678376,0.5910966434852656,0.541439209021774,High,1,Extreme Hotspot
16,42.454548860000045,0.05098221528565134,0.07628326868345583,215.4871826171875,24.849650611727625,66.9943003707548,0.5441249556265544,0.7618883615298897,0.34542818222397614,0.7132381282113005,0.5609379076783594,High,2,Warm Zone
4,32.342336690000025,-0.3203899055834014,0.550581119290936,3.688066244125366,24.801681042495364,67.30851044689838,0.12403265885694079,0.15167990085639815,0.0058061151320872246,0.11130818230447403,0.09607821391515264,Low,3,Cool Zone
3,48.70610743999998,0.1033603372404528,0.12452453260419923,29.49565887451172,24.871960171448894,66.90023155498204,0.803833865814695,0.8479518309583812,0.047188856032473595,0.652015288290988,0.5909265926359512,High,1,Extreme Hotspot
63,47.321809340000016,0.08699170883886798,0.19533266213239667,3.398750066757202,24.97212650693103,67.29712660942369,0.7463258785942491,0.8210562322341319,0.005342193658364794,0.5621529085182739,0.5354549163910655,High,1,Extreme Hotspot
65,44.18748500000004,0.004103506231473034,0.19335348884157103,91.08223724365234,24.981008101471446,67.03091308593633,0.6161164359247435,0.6848610800436816,0.1459435695035275,0.5646646712647444,0.49859456300528043,Medium,0,Moderate Zone
25,39.70987880000001,-0.051909190011779134,0.2502858832378939,1.2588305473327637,25.032079691244444,66.9401747816168,0.43010294639687613,0.5928255737897844,0.0019108106429744458,0.4924119443433961,0.359925106156641,Medium,0,Moderate Zone
80,48.60698486000001,0.06762041105786759,0.23259069093999638,6.062297344207764,24.996857014615067,67.32699068199454,0.7997160099396518,0.7892268914302755,0.009613219183189812,0.5148688585567796,0.5436475141975554,High,1,Extreme Hotspot
6,46.190444720000016,0.08112471998370813,0.19082875792351006,1.3746964931488037,24.783092006455778,67.47796927430582,0.6993255236066738,0.8114160733829026,0.0020966028818537067,0.5678687995208419,0.5155405310747367,High,1,Extreme Hotspot
117,45.69312280999998,0.04337986050344489,0.16760162340288307,1.0136685371398926,25.053651253684357,67.35401407257453,0.6786652467163633,0.7493967905463487,0.0015176908316176907,0.5973462846236408,0.5037242969011302,High,1,Extreme Hotspot
2,39.39371195000001,-0.0016957393067627167,0.1393118703046815,1.095591425895691,24.783412293546466,67.46340978516282,0.4169684061057863,0.6753322315004109,0.0016490550284936404,0.6332487234188156,0.3951492056082627,Medium,0,Moderate Zone
42,47.352571520000026,-0.011071414851523208,0.2984119623291219,19.097402572631836,25.035052102125555,67.002721396096,0.7476038338658151,0.6599268840861937,0.030515144829753676,0.4313352851365545,0.49192640939400445,Medium,0,Moderate Zone
80,44.19432103999998,0.0015187518621059967,0.33371512324857916,3.956528663635254,24.984582149388185,67.32386101937512,0.6164004259850889,0.6806140219143324,0.006236597390048307,0.38653215200961344,0.4275178534306202,Medium,0,Moderate Zone
54,47.70462758000002,0.11037732550686248,0.23262911429878616,1.273665428161621,24.860973839070862,67.48537666012948,0.762229321973731,0.8594815752983437,0.0019345985273548699,0.5148200955901157,0.5372616338341059,High,1,Extreme Hotspot
1,32.70293780000003,-0.3050627240143369,0.5129721166581543,7.647231101989746,24.789659279181322,67.32179098892125,0.13901313454029204,0.1768642788593442,0.012154676806995524,0.15903765206986564,0.11698109526074046,Low,3,Cool Zone
101,48.880426460000024,0.10521369370391773,0.17668292773927563,0.9857292771339417,24.97436075038544,67.41381591985993,0.8110756123535678,0.8509971155424897,0.001472889940099686,0.5858212291738493,0.5696122805925954,High,1,Extreme Hotspot
57,47.30130122000003,0.07123816232918932,0.08480091257170382,45.71430587768555,25.016530412853005,67.10839915557283,0.7454739084132059,0.7951712860423611,0.07319562374225679,0.7024284125055682,0.5762498447083144,High,1,Extreme Hotspot
126,49.584538580000014,0.10817417215679875,0.17178938169106403,4.277122974395752,25.08554333680951,67.26643885641836,0.8403265885693999,0.8558615329235311,0.006750673673192932,0.5920316134383359,0.5846038564722551,High,1,Extreme Hotspot
61,50.10578663000001,0.08356710290275583,0.10405866807457677,162.99163818359375,24.9551734300362,66.92781343517852,0.8619808306709261,0.8154291983259373,0.26125103541167355,0.677988454126494,0.6680171616954782,High,1,Extreme Hotspot
49,46.677512569999976,0.09226879344559952,0.16314998858351457,2.324509620666504,24.87546402727492,67.43166698919639,0.7195598154064591,0.8297271084086331,0.003619638025921005,0.6029958407044611,0.533787070071251,High,1,Extreme Hotspot
308,45.899913019999985,0.16092813582886578,0.14292819396953682,0.1973377764225006,25.19542524952806,67.26638696235472,0.6872559460418872,0.9425425548899268,0.0002086960391314066,0.6286592581594223,0.5420677872919113,High,1,Extreme Hotspot
81,49.533268280000016,0.08561166874756272,0.14580903730227812,7.297816276550293,25.019861549417357,67.24773157383154,0.8381966631167908,0.8187886626120169,0.011594386531377586,0.6250031887312728,0.5859961990176179,High,1,Extreme Hotspot
141,49.010311220000006,0.14050248714273672,0.10595903754966618,0.7051081657409668,25.174269640526013,67.10492520946464,0.8164714235001769,0.9089807904423063,0.0010229110943285108,0.6755767010606126,0.5983067559521213,High,1,Extreme Hotspot
87,49.24615460000001,0.1150562851782364,0.1654003970880212,4.445478439331055,25.11642115898655,67.04960624836446,0.8262690805821793,0.8671696612320455,0.007020633397230835,0.6001398541811171,0.5823662106032097,High,1,Extreme Hotspot
22,43.218476330000044,0.05896199734758863,0.09731070833169611,296.7069091796875,24.868898842667047,67.03148447389165,0.5758608448704308,0.7750000903186041,0.47566485127224484,0.6865522691170347,0.602821018137431,High,2,Warm Zone
64,47.98148720000006,0.11576621071841137,0.1586424763618016,1.1361163854599,24.886187182605035,67.46256180609949,0.7737309194178221,0.8683361531325394,0.0017140372190320064,0.6087163106250288,0.5619145621667735,High,1,Extreme Hotspot
40,47.72171767999998,0.10545175571787051,0.13886311471406937,4.310823440551758,24.906303326868198,67.26795356696005,0.7629392971245992,0.8513882796792565,0.006804712718179801,0.633818237760988,0.5613487865334708,High,1,Extreme Hotspot
144,49.367494309999984,0.13197008871321586,0.13100828830950867,1.5852830410003662,25.162220517094607,67.08382120417743,0.8313099041533532,0.8949610473895782,0.00243428058281785,0.6437867738333085,0.5961340436821442,High,1,Extreme Hotspot
50,51.515719880000006,0.16902504254801848,0.18783595922150134,4.681241989135742,24.94012387987402,66.88042954110225,0.9205537806176778,0.9558467333881645,0.007398682680441978,0.5716669511643773,0.6277815831582818,High,1,Extreme Hotspot
86,48.19682246000002,0.08439128577530972,0.1718962999322048,0.18446630239486694,25.169783974575946,66.97899562675826,0.782676606318779,0.8167834285810186,0.0001880564978026096,0.5918959238267893,0.5540143557044729,High,1,Extreme Hotspot
19,41.171082350000006,0.032367945846202464,0.14196011207561138,273.224365234375,24.877752948391255,67.16749089908416,0.49080582179623683,0.731302908118289,0.4380103499133455,0.6298878479185737,0.5414979219982892,High,2,Warm Zone
275,45.489750619999995,0.1735150361729333,0.1415833178212922,0.1472347527742386,25.166025926153836,67.43267413294892,0.6702165424210144,0.9632243256852965,0.00012835532406909982,0.6303660363498093,0.5386755619221794,High,1,Extreme Hotspot
45,47.55765272000002,0.06322693347903832,0.19733966793408744,14.969011306762695,24.945898192876115,67.17610392750646,0.7561235356762515,0.7820078864492144,0.02389522686461478,0.5596058236177222,0.5376455686775808,High,1,Extreme Hotspot
214,45.978527480000025,0.15097121483489845,0.1623242330374156,0.1524096578359604,25.123663527187613,67.48904871929894,0.6905218317358895,0.9261821522335336,0.0001366533376971197,0.6040438045325893,0.535978979770328,High,1,Extreme Hotspot
34,51.575535230000014,0.08570339429531108,0.18717371611083616,7.684293270111084,25.043566360473303,66.9821973489141,0.9230386936457221,0.8189393785708913,0.012214106375748327,0.5725074018627503,0.6096113912104096,High,1,Extreme Hotspot
19,51.493502750000005,0.11790209066261131,0.17104090840157724,2.4780890941619873,25.016246747676377,66.86248937682004,0.919630812921547,0.8718456573190242,0.0038659042953210505,0.5929814985918875,0.6181919495586803,High,1,Extreme Hotspot
25,40.68059648000002,0.025368476603242034,0.12683283048600036,45.0612678527832,24.859208755867954,67.20049804409064,0.4704295349662765,0.7198019496126172,0.07214847053545924,0.6490858345366651,0.4439963909696011,Medium,0,Moderate Zone
77,49.023983300000054,0.09623297545752132,0.1324602678704259,12.545592308044434,25.065702859620025,67.11015872746376,0.8170394036208747,0.8362407298341286,0.02000924951084367,0.6419440710307525,0.5856429975073306,High,1,Extreme Hotspot
32,42.94674373999999,-0.05264982706569802,0.37637868409268066,1.3363275527954102,25.022773845140716,66.92948029051264,0.5645722399715999,0.591608619228058,0.00203507789035189,0.3323879579379113,0.38155654993301885,Medium,0,Moderate Zone
85,47.27737508000001,0.07454836656618724,0.17246970737434372,10.54686164855957,25.014441245373284,67.23791083500436,0.7444799432019877,0.8006103443842919,0.016804264288249424,0.5911682142025791,0.5403182378510171,High,1,Extreme Hotspot
203,46.16310056000003,0.18322677797738568,0.19172405817957547,0.2034163475036621,25.158042946223496,66.8773822883338,0.6981895633652828,0.9791818698409679,0.00021844309053984021,0.5667325767148275,0.5395542319378588,High,1,Extreme Hotspot
26,44.78905652000003,0.052182553706329175,0.15485737154320395,5.190638065338135,24.829730770752825,67.43832868999604,0.6411075612353574,0.7638606599842137,0.00821550454132089,0.6135199755284055,0.49577999473278633,Medium,1,Extreme Hotspot
173,45.94092926000002,0.13342661284640087,0.12560799149247748,0.6284332275390625,25.122132480654408,67.30538969964626,0.688959886403976,0.8973542893679064,0.0008999620402804951,0.6506402739425606,0.5405401432653586,High,1,Extreme Hotspot
33,49.46661689000001,0.1309583050591872,0.1449758733643433,11.148077964782715,25.000799138151866,66.87563781855232,0.8354277600283987,0.8932985667902951,0.017768320850815162,0.6260605545267328,0.5978200801479542,High,1,Extreme Hotspot
4,44.85570790999998,0.04480215194806433,0.0851668079454466,222.16256713867188,24.85647876250229,66.98463278243115,0.6438764643237471,0.7517337841553986,0.35613223013806866,0.701964055810208,0.5997365220493674,High,2,Warm Zone
48,44.20286609000004,-0.05905345258027421,0.4113303230656031,10.196342468261719,25.092156671807743,67.02355453666893,0.6167554135605265,0.5810867026694457,0.01624220316822838,0.28803094023399356,0.3955319096634833,Medium,0,Moderate Zone
123,49.386293420000015,0.10526658420675727,0.1812489256685412,7.035949230194092,25.08052668156143,67.2762026068134,0.8320908768193112,0.8510840209145096,0.011174480022277288,0.5800265352214028,0.5792978809147509,High,1,Extreme Hotspot
97,50.90731232000002,0.13298644256713874,0.1197833523375143,0.13334758579730988,25.18169493574653,66.96945193167993,0.8952786652467162,0.896631037369576,0.00010608710862268919,0.658032305609968,0.6242391046032721,High,1,Extreme Hotspot
181,44.68309790000001,0.1483288454598451,0.1263532273238338,0.3871714472770691,24.939795455015314,67.48469120415815,0.6367057152999641,0.9218404258133897,0.0005130962878355117,0.6496944974371819,0.5230255235513893,High,1,Extreme Hotspot
150,47.749061840000024,0.1181729103354255,0.11837223542972412,0.9140926599502563,25.09058692282372,67.39719721703301,0.7640752573659925,0.8722906461762419,0.0013580198857575335,0.6598231497449065,0.568777834793254,High,1,Extreme Hotspot
35,42.751916600000015,-0.0569735784210544,0.35608287586329024,10.82422924041748,24.900302686358337,67.23538905410477,0.5564785232516862,0.5845041827057019,0.017249026081897132,0.358145305844939,0.3862083543959919,Medium,0,Moderate Zone
27,43.445774659999984,0.0012618537779138508,0.2280891480157983,276.5755310058594,24.886764756245608,67.11219475028801,0.5853035143769956,0.6801919078791215,0.4433839787838003,0.5205817528601995,0.5511125372006564,High,2,Warm Zone
191,44.871088999999984,0.15137237918881793,0.14914462509099724,0.25235849618911743,25.00717365344704,67.48844038015027,0.64451544195953,0.9268413128681807,0.00029692233062880865,0.6207700045103036,0.5210606051987571,High,1,Extreme Hotspot
203,45.66406963999998,0.14241356905926197,0.11743632701801913,0.29187434911727905,24.94050893028857,67.49872405726082,0.6774582889598849,0.9121209247953507,0.0003602864082707691,0.6610109082365585,0.540093707552636,High,1,Extreme Hotspot
57,46.733909900000015,0.08748064848213372,0.10044019882392521,170.7572021484375,25.015012913803556,67.06446643957676,0.7219027334043308,0.8218596180843709,0.2737031973046868,0.6825806423422334,0.6169819638690064,High,1,Extreme Hotspot
36,43.343234059999986,0.045895315957708425,0.09639878679246118,417.2767639160156,24.92862425721211,67.07793864396692,0.5810436634717773,0.753529982335347,0.6689998566100129,0.687709585942485,0.6502388440800133,High,2,Warm Zone
34,41.38812661999998,0.018621351476661198,0.24820801638385023,20.669010162353516,24.891479282679132,67.23558902104277,0.4998225062122812,0.7087156224326778,0.033035233805660584,0.4950489587879148,0.4135049460588123,Medium,0,Moderate Zone
65,49.82550899,0.10061876236565621,0.18355591350025846,0.9668883085250854,25.091863737641834,66.91063381945473,0.8503372381966624,0.843447098130683,0.0014426782526548608,0.577098744047619,0.582432378370955,High,1,Extreme Hotspot
4,43.213349300000004,0.09883565399997328,0.08330552998540822,2.616971969604492,24.752953778023237,67.32347249351595,0.5756478523251682,0.8405172395066937,0.00408860441819771,0.704326197954366,0.498224117551494,Medium,1,Extreme Hotspot
37,45.94092926000002,0.034178833102306135,0.20913754090527997,32.824180603027344,24.915954210039043,67.20461666396946,0.688959886403976,0.7342784107554132,0.05252617494653173,0.5446331792545442,0.5077838957624442,High,1,Extreme Hotspot
21,42.070021610000026,0.03653450863791502,0.11146943601327024,58.65114974975586,24.874223367609357,67.18237312734422,0.5281505147319849,0.7381490651789772,0.09393998629067564,0.6685834712897545,0.47918425650026036,Medium,1,Extreme Hotspot
43,49.64093591000005,0.06486653562316033,0.20606979640543827,18.764244079589844,25.06455985554387,67.01490504725899,0.8426695065672716,0.7847019473230903,0.029980921750763858,0.5485264443799935,0.5719736140390619,High,1,Extreme Hotspot
75,48.743705660000046,0.09758359285046408,0.15284338550690296,1.9859410524368286,24.90438964913293,67.3954345884104,0.805395811146611,0.8384599544716103,0.0030767398355812077,0.6160759190232686,0.571911686392935,High,1,Extreme Hotspot
187,47.65677530000005,0.11021960394723938,0.15546936628977126,0.30302977561950684,25.143962570042188,67.31598723290242,0.760241391551297,0.8592224200610377,0.0003781742496973828,0.612743294874625,0.5556231221670238,High,1,Extreme Hotspot
85,48.383104549999985,0.07243063803565138,0.15167046473554746,5.749337673187256,25.00666632084376,67.31685852987853,0.7904153354632574,0.7971306651242586,0.009111385123593609,0.6175644691728229,0.5615264740694047,High,1,Extreme Hotspot
187,48.58647674000002,0.16036071635219246,0.16696414811493904,0.07480514049530029,25.191314246136162,66.90465960434697,0.7988640397586086,0.9416102173611786,1.2213693914661237e-05,0.5981553025542463,0.5804212624419482,High,1,Extreme Hotspot
110,49.59479264000004,0.127226573482749,0.1291610631535844,0.7394694089889526,25.142512169788628,67.10330927443395,0.8407525736599226,0.8871668890122855,0.0010780097021960383,0.6461310816069135,0.5988717815627436,High,1,Extreme Hotspot
26,44.669425820000015,0.0867668980791346,0.19530836255386516,18.654027938842773,24.832280424352792,67.32413603376321,0.6361377351792687,0.8206868414804083,0.02980418903257122,0.562183747038778,0.4974459169596672,Medium,1,Extreme Hotspot
167,46.37159978,0.1310172152829842,0.14524074738652415,0.8378517627716064,25.092495219718554,67.48159801923005,0.706851260205892,0.8933953632781331,0.0012357668209659635,0.6257244037184608,0.5422036310230104,High,1,Extreme Hotspot
61,43.62692972000002,0.04576334948770725,0.1316362682062722,25.37491226196289,25.001684244585658,67.13441440402444,0.5928292509762161,0.7533131457663244,0.04058119634776243,0.6429898064744952,0.4888719326372748,Medium,1,Extreme Hotspot
62,49.64606293999998,0.07987893098340054,0.22267370147395604,0.5646237134933472,25.134517705896855,66.98844031059981,0.8428824991125293,0.8093690942331949,0.000797642826530031,0.5274544794386931,0.5642486703743621,High,1,Extreme Hotspot
160,48.945368840000015,0.08317367869823991,0.20774970766137513,0.6298606395721436,25.170996784274855,67.18011619641253,0.8137735179268724,0.8147827556751871,0.0009022509101944419,0.5463944741631368,0.557231278082203,High,1,Extreme Hotspot
55,46.25196907999998,0.04044979482645266,0.13524880372508202,57.566505432128906,25.01219224513435,67.10208478065825,0.7018814341498033,0.7445823449647965,0.0922007479429429,0.638405148739617,0.5431711421383,High,1,Extreme Hotspot
20,46.25538710000001,0.08339664450775557,0.1265142562576291,6.328348159790039,24.805600163455704,67.40319931033078,0.7020234291799783,0.8151491149567858,0.010039834409385474,0.6494901361117307,0.5354897247402017,High,1,Extreme Hotspot
73,49.16412212,0.12771831900909178,0.10738480959394062,12.356778144836426,25.07006571802857,67.0905385816216,0.8228611998580042,0.8879748852613591,0.01970648405316358,0.6737672581369594,0.6020207853730883,High,1,Extreme Hotspot
9,51.50375681000003,0.16150757588275155,0.11712973052699235,28.287532806396484,24.88129229796281,66.90227317601682,0.9200567980120699,0.9434946436533663,0.04525161342453854,0.661400008901937,0.6531398208893551,High,1,Extreme Hotspot
108,48.27714593000002,0.10804055542611878,0.10458342492855575,1.2374454736709595,25.120079941494343,66.89953913535756,0.7860134895278664,0.8556419847803972,0.0018765194568434258,0.6773224868143393,0.5786853207552849,High,1,Extreme Hotspot
49,47.77298798000004,0.028557031908950457,0.21086837793555438,25.751916885375977,24.986446295494417,67.10076332749667,0.7650692225772107,0.725041124325882,0.04118572714892604,0.5424365792938397,0.533567605325766,High,1,Extreme Hotspot
38,46.198989770000026,0.1138642994753112,0.1922918773546113,6.496691703796387,24.849294139677998,67.40554415638815,0.6996805111821089,0.8652110872841018,0.010309775018090874,0.5660119591432395,0.5254337031486296,High,1,Extreme Hotspot
158,46.25196907999998,0.1039066963211015,0.13229425358328153,0.724297285079956,25.00195594145965,67.45271509873245,0.7018814341498033,0.848849563757487,0.0010536810450590954,0.6421547592528318,0.5367743803353755,High,1,Extreme Hotspot
87,49.39654747999998,0.10828041543962318,0.13519632005266238,6.340768337249756,25.026675764735625,67.21836037841375,0.8325168619098315,0.8560361032437733,0.010059750292014027,0.6384717556071373,0.5916214489449296,High,1,Extreme Hotspot
94,49.50934214000006,0.09906683250522592,0.17794806300553423,9.84682846069336,25.081424639531456,67.155952310874,0.8372026979055749,0.8408970932218861,0.015681753853044014,0.5842156498919518,0.5817792115871643,High,1,Extreme Hotspot
50,39.59708413999999,-0.09873231568050735,0.45824337585868496,0.7369301915168762,25.10492799843339,66.98568833860782,0.42541711040113517,0.5158896224012561,0.0010739380407961698,0.22849372897761488,0.29351751782636454,Medium,0,Moderate Zone
26,50.21687228000002,0.10707027489571068,0.22218185564550677,41.03953552246094,24.916731948469877,66.911698265378,0.8665956691515796,0.8540476987378794,0.065699581273294,0.528078679469399,0.596786053683517,High,1,Extreme Hotspot
12,44.008038950000014,0.0797791521858994,0.2060636381174731,5.609688758850098,24.801760193651884,67.37555584263451,0.6086616968406106,0.8092051458293984,0.008887456649450287,0.5485342598443415,0.4767741667418849,Medium,1,Extreme Hotspot
183,48.76079576000001,0.12757001189359898,0.09769912408386332,7.9303998947143555,25.0489790597388,67.49980381656309,0.8061057862974791,0.8877311990728537,0.012608740886052645,0.6860593318785633,0.5959660459771455,High,1,Extreme Hotspot
87,48.712943480000035,0.11343850423605034,0.13885774598334696,0.9786075353622437,25.1048324615883,66.89946742399412,0.804117855875045,0.8645114551821996,0.0014614701537322187,0.6338250512006636,0.5784542384059138,High,1,Extreme Hotspot
4,40.619072120000055,0.06236267153103099,0.1161737671342735,2.2515156269073486,24.7829517109834,67.39921163883781,0.46787362442314695,0.7805878015174804,0.003502591404243363,0.6626132191084163,0.437635911669625,Medium,1,Extreme Hotspot
23,48.37455950000003,0.11195928753180662,0.19352206520552784,2.499178409576416,24.82458286478727,67.37427670903647,0.7900603478878245,0.8620809266169783,0.003899721230052663,0.5644507315188491,0.5592013547589596,High,1,Extreme Hotspot
3,32.23466905999999,-0.323783544466502,0.4684262222363044,2.368046283721924,24.764932497740794,67.35913246095853,0.11955981540646002,0.14610374949077454,0.0036894495140630083,0.21557070990551175,0.11377599294581829,Low,3,Cool Zone
42,44.48485274000001,-0.00854185357468644,0.2882331981934266,46.97938537597656,24.93020011392498,67.18742374933696,0.6284700035498755,0.6640832534154415,0.07522419176275968,0.44425312344796597,0.45865716206254953,Medium,0,Moderate Zone
45,40.58147389999999,-0.1578537165446701,0.5089398373813476,1.7167437076568604,25.07788908967276,66.9479986876214,0.46631167909123095,0.4187461455840993,0.002645079117371296,0.16415500531922322,0.28282886431729476,Medium,3,Cool Zone
83,50.32966694000004,0.11281976435622537,0.14585609322451432,14.824539184570312,25.087349637282255,67.08351916073724,0.8712815051473206,0.8634947921415229,0.02366356432694062,0.6249434702048449,0.6089414060028608,High,1,Extreme Hotspot
238,46.05714194000001,0.16991023706620975,0.1268823177135318,0.16379094123840332,25.19877921562368,67.43803961786222,0.6937877174298896,0.9573012130165169,0.00015490334299217434,0.649023030448152,0.5509536008498118,High,1,Extreme Hotspot
107,51.28329452000003,0.14312013531502352,0.11755709409219169,2.9314725399017334,25.173891381267197,67.06691952095063,0.9108981185658505,0.9132818969929488,0.004592909325673291,0.6608576431135331,0.6346712879294074,High,1,Extreme Hotspot
195,44.00120291000002,0.164144527565101,0.20346692272704295,0.14159196615219116,25.13299704234678,66.86403356969757,0.6083777067802628,0.947827468161548,0.0001193070575344905,0.5518297433732993,0.49592097837538085,Medium,1,Extreme Hotspot
40,42.92281760000003,0.019858881583896235,0.13046043327751797,64.01168823242188,24.936070923947558,67.15059142626158,0.563578274760384,0.7107490312410877,0.10253566502335706,0.6444820549722565,0.48657399184060734,Medium,0,Moderate Zone
24,43.408176440000034,0.038800749418339865,0.16454772021123587,210.03050231933594,24.85484770739221,67.05200664510005,0.5837415690450842,0.7418727676876696,0.33667833909926875,0.6012219837873594,0.5491915243034732,High,2,Warm Zone
60,49.10772479000002,0.10620908682061225,0.10253617977220265,9.4957914352417,25.059332441261592,67.02534139429895,0.820518281860135,0.8526326645440727,0.015118862362979026,0.6799206393563406,0.5958660558876778,High,1,Extreme Hotspot
134,47.76956996000001,0.07051503267973858,0.19361307823844862,1.6844913959503174,25.061986657718762,67.29879230162123,0.7649272275470356,0.7939830982235606,0.0025933622029769296,0.5643352271582185,0.5385837417347363,High,1,Extreme Hotspot
239,45.749520140000016,0.16979997089309684,0.13728374277296584,0.1342625617980957,25.165307936422305,67.43832636254382,0.681008164714235,0.9571200326101845,0.00010755428207481543,0.6358226138420889,0.5431626821161581,High,1,Extreme Hotspot
27,47.79862313000001,0.051375171165030785,0.25498855219952576,10.372299194335938,25.018123328996403,66.95196931914457,0.7661341853035141,0.7625340346668704,0.016524351592883693,0.4864438016034126,0.5222536275403397,High,1,Extreme Hotspot
108,47.35940756000002,0.09254042854064021,0.17553363439554093,1.2590209245681763,25.011124600234492,67.40827595476505,0.7478878239261628,0.830173437101325,0.0019111159148345238,0.5872797938275564,0.5416148828798838,High,1,Extreme Hotspot
48,46.08448610000005,0.12235618400633753,0.17256277909876477,1.025622010231018,24.86936945254237,67.45442460512515,0.6949236776712828,0.8791642611943258,0.0015368583489787388,0.5910500971628867,0.528438344267484,High,1,Extreme Hotspot
7,44.53270501999998,0.07728766150157626,0.10267237338945721,274.490966796875,24.828526521688357,67.07820374619595,0.6304579339723095,0.8051113310010115,0.4400413585795024,0.6797477964548562,0.6189097721749224,High,2,Warm Zone
104,49.48199798000002,0.12739698696165774,0.13139384482723224,4.185582637786865,25.125996282058686,67.10379892455593,0.8360667376641816,0.8874468985789692,0.006603887799513285,0.6432974652404904,0.5978541948504944,High,1,Extreme Hotspot
47,43.702126160000034,0.05269794321962999,0.09403484170217355,430.3363952636719,24.969123285608443,67.07160616360528,0.5959531416400434,0.7647075061093956,0.6899411101416691,0.6907096613982373,0.6637145923874915,High,2,Warm Zone
27,47.37991568000001,0.07266321943259303,0.16888610807839513,17.96221160888672,25.028397474062068,66.89890952187214,0.7487397941072059,0.7975128239569597,0.028694854413753693,0.5957161490658709,0.545439784653039,High,1,Extreme Hotspot
23,42.234086570000045,0.05932588720968446,0.08666777612514702,307.15618896484375,24.86851622329305,67.04409745471243,0.534966276180335,0.7755980045402872,0.49242037915653214,0.7000591817019703,0.5934431422827041,High,2,Warm Zone
115,48.371141480000006,0.0778088623824038,0.19916245843084127,4.728496551513672,25.068427440943765,67.28230999296035,0.7899183528576494,0.8059677258926022,0.007474455858485114,0.5572925257950455,0.5501896191505805,High,1,Extreme Hotspot
139,48.55913257999998,0.12815545327848377,0.10636748727513795,0.5247085690498352,25.126356203214097,66.892436035142,0.7977280795172154,0.8886931487352278,0.0007336384808258721,0.6750583387681333,0.5875902814910035,High,1,Extreme Hotspot
27,47.581578860000036,0.04196756330255804,0.09311287506999116,491.38116455078125,24.913437017051994,67.01698783648402,0.7571175008874697,0.7470762186656432,0.7878270271627675,0.6918797264203044,0.7502411352295871,Extreme,2,Warm Zone
36,45.51709477999998,0.04824662975360875,0.19270072992700735,7.898665428161621,24.892882189892468,67.26025218316805,0.6713525026624053,0.7573934699030167,0.012557854341702222,0.5654930855989655,0.49838810225563335,Medium,1,Extreme Hotspot
94,49.10259775999998,0.09472653017997448,0.15510360932927375,2.510118007659912,25.027805845285123,67.26362929650946,0.8203052893148723,0.8337654614920958,0.0039172629883843044,0.6132074759101607,0.5768077458788916,High,1,Extreme Hotspot
287,43.3158899,0.17227823219833877,0.13347949725399952,0.1335718184709549,25.177475886984997,67.39127053913768,0.5799077032303864,0.961192109998976,0.00010644666802707653,0.6406505701495333,0.5042986234889144,High,1,Extreme Hotspot
108,43.70896220000003,0.10572482350129496,0.1408594619092745,0.9784836769104004,24.921829933683842,67.46052229312119,0.5962371317003912,0.8518369624489619,0.0014612715454275092,0.6312846796652007,0.4928926508668978,Medium,1,Extreme Hotspot
222,46.229751950000036,0.1479186350850901,0.13833787940340084,0.6655923128128052,25.08879865175863,66.868039203797,0.7009584664536749,0.9211664014931317,0.0009595470166865503,0.6344848122810584,0.545695196015823,High,1,Extreme Hotspot
50,42.73140848000003,0.05797720797720798,0.11966137566137565,29.1469669342041,24.858458889565775,67.2656038723564,0.5556265530706431,0.7733819645304287,0.04662972491061866,0.6581871058351345,0.48155276830250315,Medium,1,Extreme Hotspot
85,46.46388632000003,-0.020162522148225073,0.23869579732185908,15.658602714538574,24.993947391957615,67.30923056406364,0.7106851260205898,0.6449891160696924,0.025000993797773888,0.5071208867928694,0.4886968436267072,Medium,0,Moderate Zone
4,33.69074558,-0.1777588191930821,0.2550597996381128,1.921590805053711,24.762718706080765,67.3086173769772,0.1800496982605605,0.3860397000431371,0.0029735535503483935,0.48635338169786213,0.22793989903785428,Low,3,Cool Zone
59,44.50194284000003,0.06078306825588594,0.08952909334335056,75.04248046875,24.9415809034599,66.98643544952964,0.6291799787007459,0.7779923259046491,0.12022365411942204,0.6964278928058272,0.5377123324570167,High,1,Extreme Hotspot
64,43.54147922000004,-0.028580466831651555,0.3016398404585109,4.416321754455566,24.89276044469252,67.348227444558,0.5892793752218684,0.6311574341025921,0.00697388035238093,0.4272387949135261,0.4175765942749366,Medium,0,Moderate Zone
96,48.92144270000006,0.07859312809682403,0.17791752508805742,2.8513870239257812,25.038186589047577,67.26632619171853,0.8127795527156565,0.8072563675203999,0.004464491374996078,0.584254405469257,0.564167280151923,High,1,Extreme Hotspot
122,47.18508854000004,0.07975184991404449,0.17060648197668188,2.771347999572754,25.05152545978905,67.38454853038166,0.7406460773872923,0.8091602849571216,0.004336147974115626,0.5935328278338456,0.5374230762587832,High,1,Extreme Hotspot
62,46.504902560000005,0.062359255754761096,0.09119017508090461,92.48870086669922,24.963930428407902,66.96050121034465,0.7123890663826761,0.7805821889917615,0.1481988484259729,0.6943198190729352,0.5779566308229149,High,1,Extreme Hotspot
181,48.275436920000004,0.10210190718008436,0.15888292603598414,2.237037420272827,25.036049383249324,67.48158130554464,0.785942492012779,0.845884081047037,0.0034793754506114377,0.608411156681808,0.5638116841611817,High,1,Extreme Hotspot
59,48.42582980000003,0.12784525054290993,0.15146098437251115,1.1763004064559937,24.884190662920886,67.46055455454075,0.7921902733404336,0.8881834488328002,0.0017784727110607774,0.617830320058357,0.57411430885053,High,1,Extreme Hotspot
43,45.06249811999999,0.05698981383912887,0.1432018487387504,29.064056396484375,24.920948354528512,67.24443231330903,0.652467163649271,0.7717595587998496,0.04649677700844481,0.6283119637320516,0.5140373862782074,High,1,Extreme Hotspot
9,32.648249480000004,-0.39691391739570653,0.6295984410106602,13.593973159790039,24.835227629217492,66.93628556676099,0.13674121405750791,0.02594186930121894,0.02169033901710132,0.011027541927256745,0.06621585915791268,Low,3,Cool Zone
45,45.826425589999985,0.07047617602543058,0.14576280696504382,0.7435551285743713,25.146876610260808,67.01965665437334,0.6842030528931474,0.7939192521298993,0.0010845611956815616,0.6250618595103097,0.5180526211777262,High,1,Extreme Hotspot
314,46.303239380000036,0.16408379333077508,0.120192159775667,0.20667490363121033,25.181898860538872,67.4944893920421,0.7040113596024147,0.9477276746079785,0.00022366821889128983,0.6575134893454238,0.5553223099559702,High,1,Extreme Hotspot
2,32.02104281000004,-0.3939622510942338,0.5898314181083472,0.5135917663574219,24.767978518624094,67.46632829753366,0.1106851260205907,0.030791807271868584,0.0007158125730765691,0.061495748590656873,0.06137092436041709,Low,3,Cool Zone
59,47.64310322000006,0.07784643564320586,0.1345806963082392,77.70927429199219,25.0229514432856,67.08723918359887,0.7596734114306015,0.806029463218449,0.12449988551390101,0.6392530418109541,0.583749363795674,High,1,Extreme Hotspot
105,44.47801670000001,0.0022817982414018974,0.27619314357031616,4.983894348144531,25.01703055534058,67.38890218651292,0.6281860134895277,0.6818677976566877,0.007883988858942516,0.45953311980199074,0.4474321962194481,Medium,0,Moderate Zone
61,49.533268280000016,0.06610300042239477,0.11225533713802584,29.59942626953125,24.97135679476164,67.01211351838266,0.8381966631167908,0.7867336057040484,0.047355248120395245,0.6675860865853828,0.5986447354494989,High,1,Extreme Hotspot
38,43.028776220000054,0.027778959114281188,0.15770029348001707,260.6509094238281,24.872179928856735,67.07337752420155,0.5679801206957773,0.7237626584000715,0.4178486838686917,0.6099120320273934,0.5622010244109733,High,2,Warm Zone
59,49.459780850000016,0.11778646680430438,0.11337640984825481,38.98258972167969,24.98126905301238,66.90507624006747,0.835143769968051,0.8716556736001886,0.062401247471339766,0.6661633366510082,0.6136388382252852,High,1,Extreme Hotspot
9,42.686974220000025,0.03408103005212299,0.13933233952206703,441.42529296875,24.835586646700996,67.04769396719185,0.5537806176783817,0.7341177087388974,0.707722271956035,0.633222745997881,0.6352050205707722,High,2,Warm Zone
137,49.47857996000005,0.1296161321671526,0.13071472533021924,2.775820016860962,25.126275437555247,67.2109938115557,0.835924742634009,0.8910932174698086,0.00434331889995092,0.6441593337089596,0.5979515761408545,High,1,Extreme Hotspot
64,48.87871745000001,0.10769897336454275,0.1710395232888998,1.1590148210525513,25.11313518181191,66.94853203218798,0.8110046148384803,0.855080724921956,0.0017507550966243221,0.5929832564341336,0.5716982947346683,High,1,Extreme Hotspot
113,46.11012125000002,0.10465141035950529,0.13359308095375338,1.1549787521362305,24.935451037770843,67.39616642975334,0.6959886403975862,0.8500732172884868,0.001744283218498675,0.6405064214249265,0.5344437938419174,High,1,Extreme Hotspot
43,40.803645200000005,-0.10065701978999192,0.41881172918479104,1.1525460481643677,25.088055678003755,66.97718587627003,0.4755413560525379,0.5127271051688044,0.0017403823525947238,0.2785363106992782,0.32326796592434015,Medium,0,Moderate Zone
27,44.00632994,0.0906840958605664,0.16800021491992007,141.25347900390625,24.833350573579207,67.18985255032345,0.608590699325523,0.8271232622401776,0.22639367301185112,0.5968404333532171,0.5434712739898421,High,1,Extreme Hotspot
60,49.26153569000002,0.06552105645605313,0.23355836509827954,1.344516396522522,25.07605754276771,66.88785351836322,0.8269080582179622,0.7857774027153358,0.0020482087857083917,0.5136407862536798,0.5518700431416483,High,1,Extreme Hotspot
28,47.88578264,0.07055744505371124,0.1342245429768661,117.65079498291016,24.996843457023033,66.89727884133376,0.7697550585729492,0.7940527867865438,0.18854652580275677,0.6397050349102553,0.6020875798799016,High,1,Extreme Hotspot
100,49.256408660000034,0.11166862589714599,0.13016367515343802,0.13348205387592316,25.18748598584025,66.97323607032278,0.826695065672702,0.8616033350620492,0.00010630272957332657,0.6448586697963508,0.5889168361700516,High,1,Extreme Hotspot
59,48.63603803000001,0.08362268893409178,0.12888970466475264,2.6835501194000244,24.886817806345327,67.37774119614646,0.8009229676961303,0.8155205327711216,0.004195363167922068,0.6464754618319021,0.5730412001524813,High,1,Extreme Hotspot
180,46.23658799000003,0.10701372041910322,0.0905644608747374,0.5095258951187134,25.11131789270627,67.36073532039796,0.7012424565140226,0.8539547730222008,0.0007092929066196638,0.6951139110507694,0.547790303995748,High,1,Extreme Hotspot
150,46.13575639999999,0.08830202097110192,0.16930626812402408,1.222542405128479,25.02173238529462,67.44052568532129,0.6970536031238896,0.8232092305457478,0.0018526222327610827,0.595182925242036,0.5218025664380155,High,1,Extreme Hotspot
108,50.04938930000003,0.12299305929705573,0.14065127782357803,0.5316007137298584,25.124870045747162,67.11756409660404,0.8596379126730569,0.8802107228670025,0.0007446901058893256,0.6315488854491431,0.6023827231155741,High,1,Extreme Hotspot
134,49.51276016000003,0.1118929673415884,0.1660704868506581,1.056157112121582,25.116320278130825,67.22815567084311,0.8373446929357475,0.8619719546750622,0.0015858216997260025,0.5992894453208195,0.5844880148646537,High,1,Extreme Hotspot
22,45.51025874000004,0.05053569857540436,0.11742289363829903,11.41622257232666,24.801427027942122,67.39409723272495,0.6710685126020599,0.7611546815923995,0.018198293494011707,0.661027956497515,0.5193557719526899,High,1,Extreme Hotspot
71,49.191466279999986,0.10133688047110127,0.176131050644748,1.9977531433105469,25.000060801865498,67.25233243757901,0.8239971600993952,0.844627051388025,0.003095680645098767,0.5865216147000134,0.5743711648492392,High,1,Extreme Hotspot
0,45.170165750000024,0.08220523551266176,0.09805984524933634,28.041959762573242,24.79934515400026,67.12072763216676,0.6569400070997519,0.8131914886082395,0.04485783451651707,0.6856015417550312,0.5330894931112722,High,1,Extreme Hotspot
4,32.13383747,-0.296501533653568,0.4987790192011774,1.891491174697876,24.78111945503946,67.26025035552965,0.11537096201632932,0.19093133047149127,0.002925288482697476,0.17705006847357962,0.1109294201926457,Low,3,Cool Zone
150,44.99755574000005,0.03892866846039922,0.24809017818933404,0.7306910753250122,25.095493915977386,67.34011869366198,0.6497692580759689,0.7420829538523263,0.0010639335536472478,0.4951985068787611,0.47052583107240054,Medium,0,Moderate Zone
2,33.400213880000024,-0.10263711499286761,0.02806543598979438,1.432054042816162,24.78038042170394,67.25131233860772,0.16798012069577636,0.5094735737973427,0.002188576304193402,0.7744312316332671,0.29904647475061374,Medium,0,Moderate Zone
12,45.24023516,0.1056735943744728,0.1570748593682388,1.380537509918213,24.790448809056198,67.47591971182213,0.6598509052183166,0.8517527869148733,0.0021059690124736806,0.6107057685382986,0.5143709260853357,High,1,Extreme Hotspot
37,43.65085585999998,0.03325845840555274,0.11415173352801275,67.70968627929688,24.906655475206186,67.2174735787691,0.593823216187432,0.7327661259192914,0.10846544302379632,0.6651793757496058,0.5075964412687368,High,1,Extreme Hotspot
65,47.07229388000002,0.10869089886821526,0.1277137637883791,2.7243833541870117,24.891437103473333,67.3861749998588,0.7359602413915514,0.8567105762238857,0.00426083968095897,0.6479678447874617,0.5535494618679355,High,1,Extreme Hotspot
50,47.584996880000006,0.08383096849251521,0.2180638087499634,0.9463344812393188,24.855154423405985,67.49546936836924,0.7572594959176424,0.8158627607995419,0.0014097199786592969,0.5333048801403517,0.5322966185097234,High,1,Extreme Hotspot
148,45.42309923000005,0.1212325515799033,0.14878902069412095,0.5395454168319702,25.10010932679863,67.38479720958753,0.6674476393326246,0.877317999790285,0.0007574295192361593,0.6212213009585204,0.5230103732731057,High,1,Extreme Hotspot
108,49.34527718000004,0.11786467896193588,0.13114630656861023,0.20810581743717194,25.170592886802943,66.9598965654748,0.8303869364572248,0.8717841854556357,0.00022596270393415951,0.6436116152844583,0.5917012161341105,High,1,Extreme Hotspot
161,48.59843981000006,0.15834594516492934,0.151968601759052,0.5450326800346375,25.118750679360506,66.8835712668248,0.7993610223642189,0.9382997092328029,0.0007662284023640972,0.6171861043917026,0.5841181433095396,High,1,Extreme Hotspot
19,47.619177079999986,0.03590034663801667,0.12429672355916982,2.650080442428589,24.80794629074541,67.37917990866735,0.758679446219381,0.7371070617650697,0.004141694195772464,0.6523044000505627,0.5455341413115685,High,1,Extreme Hotspot
91,49.26153569000002,0.10308659778093814,0.14075985445468994,3.355196475982666,25.00804962190082,67.33219792615385,0.8269080582179622,0.8475020445451601,0.005272355026450636,0.6314110911799762,0.5854888369615668,High,1,Extreme Hotspot
144,49.700751260000004,0.11769829361951022,0.14331967128704717,1.696793556213379,25.16197778441744,67.15157617508687,0.8451544195953136,0.8715107945951623,0.0026130888438137,0.6281624354977742,0.595074146337908,High,1,Extreme Hotspot
41,41.49750326000003,0.04198857643242368,0.09569571848041346,295.36419677734375,24.910876865214366,67.11862182443339,0.5043663471778495,0.7471107457313778,0.473511798089574,0.6886018477785816,0.5699114698089562,High,2,Warm Zone
45,50.06647940000005,0.09631630323892283,0.15534244775783276,13.524017333984375,25.032510686371605,67.00616093229482,0.8603478878239273,0.8363776472664372,0.021578164129065474,0.6129043667938134,0.5975712166105656,High,1,Extreme Hotspot
269,46.67922157999999,0.1661891528977546,0.14894795949161682,0.15047970414161682,25.19922718430435,67.28077271509108,0.7196308129215466,0.9511870301932184,0.00013355863704733005,0.621019592218629,0.5547676878005889,High,1,Extreme Hotspot
209,46.44679622000001,0.1234158874058183,0.12117870512087621,0.287057489156723,25.176339783920408,67.32095619520015,0.7099751508697193,0.8809054796214236,0.00035256252365448626,0.6562614676769387,0.5474663164574026,High,1,Extreme Hotspot
17,40.45500716000004,0.017343147119643125,0.16440722520560294,339.5599365234375,24.809073995062818,67.04646660462605,0.4610578629747969,0.7066153810055698,0.5443801225012076,0.6014002855676278,0.5467905400795817,High,2,Warm Zone
120,50.45100665000001,0.11459452339152734,0.1398014823044425,3.1646547317504883,25.139154212135626,66.91152374496627,0.8763223287184945,0.8664109318249857,0.004966819374784166,0.6326273583332389,0.6082577477714896,High,1,Extreme Hotspot
131,47.209014679999996,0.09210385244569252,0.12306145586001847,0.6567215919494629,24.939577864036828,67.41042026296444,0.7416400425985081,0.8294560907742999,0.0009453227243108593,0.6538720744947507,0.5520851762355761,High,1,Extreme Hotspot
58,44.70360602000005,0.060576730525332176,0.08358236248057085,104.10359954833984,24.951257928146074,66.99017758515387,0.6375576854810097,0.7776532885298311,0.16682345823016825,0.7039748706847503,0.5541719061663706,High,1,Extreme Hotspot
120,49.123105880000026,0.1362135590723092,0.14658322147054384,5.014497756958008,25.100492915995172,67.05597910913865,0.8211572594959179,0.9019335727091321,0.007933061740545023,0.6240206739804063,0.5905403399359546,High,1,Extreme Hotspot
151,46.22633393000001,0.12750141581576413,0.12390055106226372,0.9870108366012573,25.09110563373708,67.39053003559083,0.7008164714234999,0.8876184875775321,0.0014749449339204548,0.6528071813499658,0.544399534209503,High,1,Extreme Hotspot
205,44.980465640000034,0.17385598752140527,0.13719065355999288,0.23732313513755798,25.14640394247296,67.42977700094555,0.6490592829250984,0.9637845492072687,0.0002728129741440101,0.6359407530764488,0.5314477494099554,High,1,Extreme Hotspot
84,50.84920598000002,0.1251255284593163,0.13564620540653638,12.67275619506836,25.088423837051373,67.10102813893869,0.8928647497337594,0.8837146227340459,0.02021315811494962,0.6379008074858781,0.6223365443295237,High,1,Extreme Hotspot
75,48.58989475999999,0.0825652629836083,0.15153044562538973,1.1625670194625854,24.900875216928302,67.46119041779063,0.7990060347887813,0.8137830564629626,0.0017564510834036596,0.6177421669956049,0.5656574185549288,High,1,Extreme Hotspot
196,46.962917240000024,0.156055469707678,0.13900789480774925,2.487478256225586,25.178072858903583,67.07751771263254,0.7314164004259853,0.9345361862744583,0.0038809599135073104,0.6336344977886363,0.560444127647667,High,1,Extreme Hotspot
116,46.20582581000002,0.1017375627217962,0.14846850598646533,4.909976005554199,25.03073983231102,67.39385853563356,0.6999645012424567,0.8452854198698688,0.007765460034382566,0.6216280651898876,0.5330455915240362,High,1,Extreme Hotspot
12,41.408634740000025,0.039123348850610924,0.12162872338189225,221.5924072265625,24.825083384456885,67.14679552326416,0.5006744763933267,0.7424028368337315,0.3552179728397406,0.6556903508836336,0.5315727794690523,High,2,Warm Zone
35,43.999493900000004,0.07590942766134275,0.1146675376282627,4.759840488433838,24.84093994097849,67.40571507464553,0.6083067092651753,0.8028467292637327,0.007524716184542728,0.6645247703497198,0.4985358262117097,Medium,1,Extreme Hotspot
56,46.74758198000001,-0.023488715618630845,0.29158702966979533,13.55800724029541,24.97079900602958,67.26372935657983,0.7224707135250262,0.63952378552003,0.021632667294325524,0.4399967862190167,0.4783243773053997,Medium,0,Moderate Zone
48,45.041990000000055,-0.006797054932368315,0.35362442639942915,0.8178715109825134,25.109200288483365,67.01045140870144,0.6516151934682303,0.6669501646182067,0.0012037282811937966,0.3612653165110241,0.4332425974525264,Medium,0,Moderate Zone
159,46.156264520000036,0.15119397653820466,0.15648869654159814,3.6502273082733154,25.103082473202722,67.05407781629485,0.6979055733049351,0.9265481761444113,0.005745440008268505,0.6114496659818154,0.541870748942066,High,1,Extreme Hotspot
62,43.196259199999986,0.03466304684266075,0.1301473926862492,27.54581069946289,25.00389693283939,67.13182334309609,0.5749378771742977,0.7350740313864055,0.04406225437772914,0.6448793338254659,0.48022768593720533,Medium,1,Extreme Hotspot
77,50.26814258000002,0.10283821397830638,0.15381740113860726,39.693424224853516,25.045370872043122,67.05942107662325,0.8687255946041887,0.8470939204848362,0.06354107792701978,0.614839798775721,0.6134075551513001,High,1,Extreme Hotspot
33,41.39838068000006,-0.03529529306429238,0.3937167953897645,11.618776321411133,24.874800460613674,67.24877790873617,0.5002484913028064,0.6201241778379019,0.018523090519321817,0.3103842141262677,0.3598256386518918,Medium,0,Moderate Zone
127,48.05326562000005,0.11847440193166962,0.12777606290513865,0.7730584740638733,24.922716482556257,67.37191158524955,0.7767128150514744,0.8727860326431086,0.0011318701144006635,0.6478887811696674,0.5714637546795898,High,1,Extreme Hotspot
34,45.15991169000006,0.04968585082127269,0.07190739748667371,95.02594757080078,24.930021900174786,66.93221636540397,0.6565140220092315,0.7597582808915554,0.15226734967907185,0.7187915329113232,0.5583944949394585,High,1,Extreme Hotspot
23,42.457966880000015,0.03415701090896501,0.218813714378491,1.4615998268127441,25.021560630717943,66.93631925501482,0.544266950656727,0.7342425543023869,0.002235953273496216,0.5323531772097212,0.4348727871683672,Medium,0,Moderate Zone
14,47.48074727000005,0.015439382301316328,0.06766977657499729,232.30503845214844,24.89110525571348,66.99416507490533,0.752928647497339,0.7034872695130941,0.3723957874743315,0.7241694845990065,0.6446273932142839,High,2,Warm Zone
14,43.55173328000001,0.044616327878130385,0.10738869578289935,273.3770751953125,24.84081745812495,67.14749052394043,0.5897053603123887,0.7514284531590784,0.43825522191039273,0.6737623261864842,0.5929126828137123,High,2,Warm Zone
194,46.54933682000001,0.1554599336623115,0.13835700355755887,0.5396208763122559,25.116376318161574,66.88025336729835,0.7142350017749375,0.9335576498871059,0.0007575505192909053,0.6344605418757359,0.5528091441980109,High,1,Extreme Hotspot
139,45.20434595000006,0.10489947044388001,0.1376366836599757,0.8570875525474548,25.054661644935226,67.41825566785519,0.6583599574014928,0.8504808094413028,0.0012666116082232987,0.6353746976460656,0.5183076968080615,High,1,Extreme Hotspot
2,33.14044436000006,-0.3616532884700381,0.5389263529354892,1.8611644506454468,24.77595355772653,67.42494880194435,0.15718849840255816,0.08387926656399859,0.00287665926796237,0.12609921050100825,0.10139629626281531,Low,3,Cool Zone
38,43.78757666000001,0.06023346901159665,0.09461000711151664,126.41148376464844,24.899774678370264,67.21160518131711,0.5995030173943912,0.7770892691322121,0.20259438060098905,0.689979720743246,0.5450091366264848,High,1,Extreme Hotspot
104,48.43608386000005,0.1059997164813356,0.12227685074824521,2.9987244606018066,25.03840237424394,67.25530885756606,0.7926162584309564,0.8522886442332812,0.0047007484739907375,0.6548678144330258,0.5770385500124776,High,1,Extreme Hotspot
40,42.44429480000002,0.005673227582122548,0.18599760950770358,65.03688049316406,24.939542410051605,67.14277376961648,0.5436989705360316,0.6874403184820024,0.10417957138482928,0.5739999951416309,0.46144052786124645,Medium,0,Moderate Zone
107,50.24421644000006,0.11884180102836914,0.16229993660497946,4.165139198303223,25.099519576421603,67.15944272322092,0.8677316293929729,0.8733897129536424,0.006571106533496701,0.6040746390603935,0.6005588131456885,High,1,Extreme Hotspot
14,43.028776220000054,0.06048769073417803,0.1283371558593431,40.38328170776367,24.863145719297727,67.15440155865147,0.5679801206957773,0.7775069855877261,0.06464727151440036,0.647176699824284,0.4894152539599267,Medium,1,Extreme Hotspot
197,45.11718644000001,0.15205763639955963,0.15389859804109862,0.7363129258155823,25.078131003546822,67.45474230921438,0.6547390841320552,0.9279672717763335,0.0010729482488791482,0.6147367520360789,0.5243063118887077,High,1,Extreme Hotspot
59,49.54352233999998,0.08509572361942738,0.20125206977113436,6.468903064727783,24.967280025078512,67.25119802474097,0.8386226482073111,0.817940903545734,0.010265215648799049,0.5546406064590883,0.5716346200188019,High,1,Extreme Hotspot
157,46.01954372,0.09429520072441891,0.20244046605287683,0.931583821773529,25.085537075004936,67.4964011745238,0.692225772097976,0.8330567360161453,0.0013860671441030085,0.5531324163868185,0.5128218193050017,High,1,Extreme Hotspot
128,48.444628910000006,0.1067107522912219,0.15124661532510472,10.7908353805542,25.122582681794988,67.17439724724683,0.7929712460063892,0.8534569604386526,0.01719547868326225,0.6181023751582151,0.5731263871708121,High,1,Extreme Hotspot
57,50.203200200000026,0.12127966189117112,0.12731297673187517,5.467668533325195,24.955784747082614,67.2314480688898,0.8660276890308841,0.8773954076216895,0.008659725753365405,0.6484764824102816,0.6098806146760047,High,1,Extreme Hotspot
179,48.78472190000002,0.12878277219995035,0.1314712766545642,1.0670610666275024,25.034079345255158,67.47449870502429,0.8070997515086973,0.8897239081592891,0.0016033063032134588,0.6431991967461725,0.5853391527524102,High,1,Extreme Hotspot
150,45.67774172000003,0.1437032008700049,0.13029564644945393,0.5288572311401367,24.94334498328509,67.47489322684025,0.6780262690805827,0.9142399428848816,0.0007402909032670129,0.6446911854297859,0.5374698088767392,High,1,Extreme Hotspot
98,48.04813859000001,0.11599539354595009,0.10706615704710908,1.0979094505310059,24.9140704357695,67.37836363271455,0.7764998225062119,0.8687127277124458,0.0016527720048989097,0.6741716591057425,0.5761543629817248,High,1,Extreme Hotspot
22,50.582600420000006,0.1274823697547201,0.15770917810804222,13.006681442260742,25.005451499541984,66.86767022657932,0.881789137380191,0.887587192639279,0.020748610692126055,0.6099007565732464,0.6130210378356491,High,1,Extreme Hotspot
17,51.96348050000006,0.13739110161791876,0.12953377180183626,19.58597183227539,24.901624196686733,66.88778060137611,0.9391551295704667,0.9038684148358175,0.0312985706755227,0.6456580782057935,0.6481985723635986,High,1,Extreme Hotspot
77,46.86721268000002,0.08360010752425415,0.20225061314781265,1.6383683681488037,24.903576766301853,67.44335476791422,0.7274405395811149,0.8154834288353048,0.0025194034522950074,0.5533733581257051,0.5246032526459565,High,1,Extreme Hotspot
10,47.321809340000016,0.033018001067637394,0.27150961416752006,43.08760070800781,24.887772436057176,66.9157536852105,0.7463258785942491,0.732371025981031,0.06898367491714656,0.46547697258662246,0.5187273185814655,High,0,Moderate Zone
11,43.84568300000001,0.036313889709566075,0.08928026948150941,319.15643310546875,24.867258795218806,67.02353270445714,0.6019169329073479,0.7377865621016104,0.511662894377737,0.6967436744048932,0.6186992159535937,High,2,Warm Zone
32,46.535664740000016,-0.02037986853561218,0.3712210269490962,0.9275769591331482,25.05052514399911,66.95650911082929,0.713667021654242,0.6446319901654375,0.0013796420985419948,0.33893352478260075,0.4502932226676681,Medium,0,Moderate Zone
228,46.586935040000014,0.16919047947222352,0.1263691226997252,0.3177028000354767,25.164123055338287,67.30499711516006,0.7157969471068512,0.9561185658849644,0.0004017025956507432,0.6496743246644439,0.5597718543072865,High,1,Extreme Hotspot
252,45.34619378000002,0.1647709894089484,0.17511310529622537,0.35406482219696045,25.12954880620775,66.88516011628035,0.6642527511537099,0.9488568193053825,0.00046000947313729556,0.5878134860162918,0.5257073229288339,High,1,Extreme Hotspot
53,42.112746860000016,-0.09297765014830628,0.43771247937334745,2.1522319316864014,25.08815898622373,66.9405595751438,0.5299254526091588,0.5253452207048601,0.003343388975182862,0.2545494266684427,0.34251769672687676,Medium,0,Moderate Zone
116,49.57086650000002,0.1464423260768621,0.16831125456426116,0.10866545885801315,25.19183545443865,66.86261433833391,0.8397586084487044,0.918740650617484,6.650906356331661e-05,0.5964456938956099,0.5930203070171172,High,1,Extreme Hotspot
273,44.604483440000024,0.17158187495080413,0.12685531757326474,0.2235647439956665,25.17553781754598,67.42174346195313,0.6334398296059641,0.9600479124132699,0.00025075125207696646,0.649057296243263,0.527257265766048,High,1,Extreme Hotspot
53,48.673636250000015,0.04795272669847098,0.29138510357951475,13.815889358520508,25.084959717164125,67.02630154739263,0.8024849130280439,0.756910552309625,0.022046183930076613,0.44025305000019155,0.5280927040402188,High,1,Extreme Hotspot
63,48.12162602000001,0.0665963369963369,0.12540454980143492,36.007652282714844,24.989658219663895,66.99622985523438,0.7795527156549517,0.7875442162331174,0.05763090461159594,0.6508984611680089,0.5745401370834491,High,1,Extreme Hotspot
18,50.69197706,0.11535670896328284,0.1535711142404506,32.247581481933594,24.89559551350112,66.93209755031407,0.886332978345757,0.8676632931584107,0.05160159231019863,0.6151523607219647,0.620613555534007,High,1,Extreme Hotspot
93,48.523243370000046,0.10423254239053996,0.13004790789067275,1.1860536336898804,24.911235971830816,67.36294133078094,0.7962371317003916,0.8493849675136529,0.0017941121115016888,0.6450055896740707,0.5753522437698941,High,1,Extreme Hotspot
54,50.932947470000045,0.1387770240630183,0.13307506341154093,39.80399703979492,24.94270287575879,66.91282275099259,0.8963436279730219,0.906145649863202,0.06371838257596092,0.6411638358972109,0.6386216614921215,High,1,Extreme Hotspot
59,46.841577529999995,0.08518055807590835,0.1579084528505236,0.8459822535514832,25.114741582925575,67.007576226146,0.7263755768548091,0.8180802966239764,0.0012488041467698613,0.6096478576094227,0.5355040477940971,High,1,Extreme Hotspot
77,47.092802000000006,0.08134757600657344,0.1926809985998267,1.8177659511566162,24.904501479894932,67.45360302270626,0.7368122115725945,0.8117822522720077,0.00280706932652408,0.5655181265657068,0.5302976151146114,High,1,Extreme Hotspot
272,44.89159712000003,0.16051125628900234,0.1303941160805336,0.09962426871061325,25.185563760038967,67.48175167560028,0.6453674121405756,0.9418575723400491,5.2011421932828154e-05,0.6445662179233269,0.5283518471473863,High,1,Extreme Hotspot
51,44.748040280000055,0.0352154447432783,0.10317051076580035,25.472702026367188,24.995250904324433,67.09886387267112,0.6394036208732711,0.7359816866832714,0.04073800324335362,0.6791156118400359,0.5121663245306447,High,1,Extreme Hotspot
0,36.17906414000004,-0.017360906248156154,0.02175410528187002,0.5395581722259521,24.755567719562467,67.17447515737356,0.28342208022719323,0.6495925034262308,0.0007574499726419378,0.7824409220561844,0.36748525450920927,Medium,0,Moderate Zone
91,49.092343700000015,0.0962123430421827,0.17348481459945425,10.609933853149414,25.072934160565516,67.16868675735232,0.819879304224352,0.8362068283275365,0.016905401218684557,0.5898799447400087,0.5755850851915442,High,1,Extreme Hotspot
30,50.401445360000025,0.06926720068224043,0.17664612296859242,7.36654806137085,25.023943296775613,66.86450960541113,0.8742634007809729,0.7919327621870519,0.011704598657071994,0.5858679379953168,0.5885950119037784,High,1,Extreme Hotspot
52,43.50217199000002,-0.06241038037975991,0.402404998731771,8.140177726745605,24.880260633375148,67.3430377945444,0.5876464323748671,0.5755708719702466,0.012945121802859763,0.29935804194146165,0.3845020925844911,Medium,0,Moderate Zone
126,51.040615100000025,0.1135912193134359,0.1654118031112803,0.9336798191070557,25.132823119521593,67.15450348869851,0.9008164714235004,0.8647623841751326,0.001389428097440404,0.6001253788320204,0.6104133789864343,High,1,Extreme Hotspot
251,43.03561225999999,0.14075266355388732,0.16629207839985935,0.08942017704248428,25.179298197319692,66.92082478584653,0.5682641107561227,0.9093918599711331,3.5649055722475784e-05,0.5990082241661099,0.4835249803952717,Medium,1,Extreme Hotspot
91,49.813545920000024,0.09582608973029869,0.16486189934124282,3.2919321060180664,25.10041921234056,67.11057161068372,0.8498402555910545,0.8355721683042605,0.005170909956855549,0.6008232600181331,0.5867293069749013,High,1,Extreme Hotspot
82,50.10065960000003,0.12592738171276965,0.1304403081374887,3.833178997039795,25.182969190965473,67.05090245845832,0.8617678381256659,0.8850321627753683,0.006038804927730116,0.6445075957256747,0.6078731800436391,High,1,Extreme Hotspot
104,49.48883402000001,0.1334955346086044,0.12360484535225529,2.7610106468200684,25.104947324228462,67.13540005825688,0.8363507277245293,0.8974675360012904,0.004319571922382053,0.6531824605585933,0.6008768065823196,High,1,Extreme Hotspot
21,49.290588860000014,0.13643087009534474,0.1284534866257316,13.285961151123047,25.010235935838494,66.88145549120458,0.8281150159744407,0.9022906405055613,0.021196438585107294,0.6470290648058461,0.6012945250730566,High,1,Extreme Hotspot
56,46.12208432,0.0004591072072242732,0.3025038071316972,15.878816604614258,24.971846004538456,67.26521446499858,0.6964856230031942,0.6788729000115813,0.025354109041267708,0.4261423374613359,0.471992178955599,Medium,0,Moderate Zone
237,45.15649367000003,0.16065771660459624,0.11932999831375413,0.3811948895454407,25.15021646074685,67.33734458179455,0.6563720269790564,0.942098224017184,0.0005035128158849753,0.6586076558095295,0.5357109537600774,High,1,Extreme Hotspot
46,51.18075392000003,0.14162811513329368,0.16040529040493584,5.572053909301758,24.95783142535965,66.8593333909804,0.9066382676606323,0.9108303307949893,0.008827108780124025,0.6064791287354871,0.6227824596256297,High,1,Extreme Hotspot
62,48.68730833000001,0.029876171859122044,0.19661524507111589,13.34045124053955,24.991878483478253,67.1799601049792,0.8030528931487393,0.7272086277898562,0.021283814005366643,0.5605251864488285,0.5477284422190816,High,1,Extreme Hotspot
181,45.43848032000005,0.13788449004478276,0.17574464668708206,1.253568410873413,25.05296367274312,67.45060917433885,0.6680866169684077,0.9046791105653901,0.001902372752900833,0.5870119987762602,0.5208145063156489,High,1,Extreme Hotspot
4,41.835887240000034,-0.001418206964451112,0.10680026685493324,41.99284362792969,24.792203933494697,67.32989499905578,0.5184238551650701,0.6757882500701213,0.06722822065054462,0.6745090995322351,0.46044665464562945,Medium,0,Moderate Zone
101,48.77104982000003,0.0861648596773356,0.17809643591397528,2.5141239166259766,24.996608150550202,67.39049495221501,0.8065317713880019,0.8196976209498839,0.003923686504718718,0.5840273502894182,0.5633537433817467,High,1,Extreme Hotspot
22,37.26599450000003,-0.07509665168783419,0.4320775949841916,136.78868103027344,24.885685438519115,67.10909054313794,0.3285764998225072,0.5547258228899041,0.2192343234219219,0.261700641145193,0.3217881824470076,Medium,0,Moderate Zone
65,48.53862446000005,0.10065704134002604,0.14989307355502823,3.972710609436035,25.168833359671094,67.03278694228266,0.7968761093361746,0.8435099950276598,0.006262545307001606,0.6198201508626617,0.5708066094879015,High,1,Extreme Hotspot
13,42.07514864000001,0.044339641655077935,0.07249466348124792,252.82693481445312,24.870238445805757,66.9854657344491,0.5283635072772451,0.7509738248637091,0.4053028599048654,0.7180462354407693,0.5689264387048246,High,2,Warm Zone
8,42.07514864000001,0.048614853939851314,0.12231976076261299,18.052701950073242,24.81670004947094,67.24026709282539,0.5283635072772451,0.7579985059335728,0.02883995660894645,0.6548133574655439,0.46321783944627937,Medium,1,Extreme Hotspot
59,49.04790944000001,0.1182934759845543,0.1725199343339587,2.786789894104004,24.886444813369568,67.41182752576552,0.8180333688320905,0.8724887498437783,0.00436090921122712,0.5911044713223503,0.5773977815766799,High,1,Extreme Hotspot
43,50.175856039999985,0.10114241441386707,0.18742192007626116,23.13420295715332,25.070086618399376,67.01351035666266,0.8648917287894909,0.8443075205811338,0.03698819587220311,0.5721924069723228,0.5962883499654819,High,1,Extreme Hotspot
36,47.21243270000002,0.13515915502995293,0.1494893325384046,2.8273513317108154,24.84300423365245,67.38135623896814,0.7417820376286832,0.9002010617545982,0.004425949894682945,0.6203325373471995,0.5569159692577736,High,1,Extreme Hotspot
152,46.70656574000003,0.11422462874021508,0.13202695012662738,0.4435160160064697,24.996840004247385,67.46045286377881,0.7207667731629398,0.8658031510221068,0.000603445384795738,0.6424939932489346,0.546826841914478,High,1,Extreme Hotspot
6,43.693581110000025,0.059634499297114126,0.1296873944504269,25.495193481445312,24.77440101182572,67.33605944524112,0.5955981540646081,0.7761050908190713,0.040774068523494265,0.6454631161741549,0.4939411656144085,Medium,1,Extreme Hotspot
4,32.68926571999998,-0.3571231966272146,0.57645067962225,13.504864692687988,24.825883887189523,66.94981500780857,0.13844515441959424,0.09132274499110854,0.02154745267125235,0.07847720271871994,0.09015877722806105,Low,3,Cool Zone
48,45.47095151000002,0.059573583706203186,0.09493466688175506,81.62789154052734,24.94761533377841,66.95210689504023,0.6694355697550587,0.7760049992751132,0.1307834286791392,0.689567696025682,0.5547843741682117,High,1,Extreme Hotspot
11,44.94970346000002,0.0580800067290377,0.1868520445523568,149.287109375,24.857477578391173,67.11176880764741,0.6477813276535325,0.7735508750775273,0.23927568215147968,0.572915634249946,0.5495472097109012,High,1,Extreme Hotspot
286,45.831552620000025,0.1690204950847013,0.1352501985702938,0.22984254360198975,25.131271680993766,67.4775955007648,0.68441604543841,0.9558392613663438,0.0002608177684798617,0.6384033785458415,0.5448881875316038,High,1,Extreme Hotspot
140,45.35986586000001,0.10467832924952987,0.10632738083595747,1.1272121667861938,24.920399905816172,67.48988754202874,0.6648207312744053,0.8501174482189253,0.001699759212571981,0.6751092377269532,0.5288926970911346,High,1,Extreme Hotspot
38,41.83930526000006,0.03913669495713637,0.09926743244003984,62.716617584228516,24.836994595647372,67.22203329283661,0.5185658501952451,0.7424247660703684,0.10045900588472904,0.6840689965591233,0.4807186057716602,Medium,1,Extreme Hotspot
217,45.37011991999998,0.1616415943889953,0.13779092253441017,0.2142544686794281,25.145996236475266,67.45753004625325,0.6652467163649257,0.9437148519614252,0.00023582212960354698,0.6351789535641008,0.5347506605854051,High,1,Extreme Hotspot
34,45.43848032000005,-0.0004901851563021345,0.32553025047600764,1.1003334522247314,25.05317150902776,66.93359499824662,0.6680866169684077,0.6773131000176534,0.0016566589166101336,0.3969195489141917,0.44862968630200195,Medium,0,Moderate Zone
79,48.73345160000002,0.10672917728471358,0.11909672097339659,8.952627182006836,25.061761473562683,67.1311726253341,0.8049698260560882,0.8534872348892231,0.014247892882024625,0.6589037073659151,0.585353730349508,High,1,Extreme Hotspot
174,46.320329480000055,0.12016162446722059,0.1283158137542427,0.4993719756603241,25.11269961371616,67.33906743756532,0.7047213347532852,0.8755583394706188,0.0006930109920649847,0.6472037850243375,0.5428362945747908,High,1,Extreme Hotspot
19,42.51607322000001,0.01060266865661037,0.2517069113754756,29.034069061279297,24.812643081832213,67.34167360746144,0.5466808661696839,0.6955399750825163,0.046448692007226074,0.49060852189716087,0.4327372201114898,Medium,0,Moderate Zone
116,46.64504138000001,0.09421704916764956,0.1662144332976525,2.884068489074707,25.028678350723112,67.41619748187895,0.7182108626198079,0.8329283237351053,0.004516896441360563,0.5991067633269167,0.5331741703839125,High,1,Extreme Hotspot
152,45.72217598000003,0.10575040935497615,0.10343198760056103,0.5684202313423157,25.062751986509497,67.34033328859682,0.679872204472844,0.8518790030425134,0.000803730582049024,0.6787837723918877,0.5356884193694044,High,1,Extreme Hotspot
67,51.47983067000001,0.12738902409304706,0.17342742731957844,1.2456437349319458,25.10236690933178,66.9336273010369,0.9190628328008517,0.8874338146409877,0.001889665453312605,0.5899527747606954,0.6192031766319561,High,1,Extreme Hotspot
234,45.57007409000005,0.16050954327107658,0.1425830830795958,0.20964643359184265,25.1868600967596,67.26301875835345,0.6735534256301042,0.9418547576483346,0.00022843309782439092,0.6290972373302071,0.5365761396397895,High,1,Extreme Hotspot
26,45.978527480000025,0.044305450546429384,0.14568375951001125,6.734124183654785,24.824351816640355,67.429812410011,0.6905218317358895,0.7509176448151682,0.01069050044785248,0.6251621783927818,0.5165514402071505,High,1,Extreme Hotspot
137,48.83599220000002,0.09221300160774318,0.1760740584893751,2.9408504962921143,25.108173244993708,67.26357549483491,0.8092296769613064,0.8296354357989154,0.004607946975446998,0.5865939432694065,0.5666079615521029,High,1,Extreme Hotspot
55,45.29834149999999,0.019952652188059826,0.2880849390483682,1.570514440536499,25.080437392834142,66.91631969536262,0.6622648207312735,0.7109031074703135,0.002410598979686144,0.44444127867374006,0.461032299892726,Medium,0,Moderate Zone
74,47.878946600000006,0.08696145406074195,0.17275624971540454,7.615521430969238,24.99219805304721,67.22214414871675,0.7694710685126016,0.8210065200437147,0.01210383002253671,0.5908045641973476,0.5521262757567015,High,1,Extreme Hotspot
67,50.20832723000001,0.0960046359820549,0.15676565053248442,4.396998405456543,24.98660227911739,67.26150077457284,0.8662406815761444,0.835865540981747,0.006942895163006358,0.6110981845223498,0.5958314644729414,High,1,Extreme Hotspot
35,43.74997844000001,-0.040077547882474994,0.3501171524717726,3.6962268352508545,25.05373236656739,66.91046787543398,0.5979410720624775,0.6122663657212499,0.005819200724105693,0.3657163870837681,0.4056144612809585,Medium,0,Moderate Zone
65,46.00245361999998,0.03319729481872295,0.1506502033991907,27.621112823486328,25.039877583631426,67.13467663774586,0.6915157969471054,0.732665626888612,0.04418300211008607,0.6188592797021506,0.5213237692800856,High,1,Extreme Hotspot
44,46.86037664000003,0.030184667869768343,0.25965578613236445,31.63187026977539,24.938948965111376,67.19239693320169,0.7271565495207671,0.7277155233407119,0.050614293032535465,0.48052062934966977,0.5087776474374814,High,0,Moderate Zone
67,50.06135237000001,0.10779308973171328,0.14356777860710798,3.8212151527404785,25.185886845805967,67.03973207382984,0.8601348952786648,0.8552353692808295,0.00601962078002979,0.6278475632596816,0.5994136813505342,High,1,Extreme Hotspot
109,46.20753481999998,0.030209475339989418,0.2547023467853264,0.9802240133285522,24.95291780894743,67.41028561559979,0.7000354987575419,0.7277562849578774,0.0014640621928196681,0.4868070240157989,0.4869050625980631,Medium,0,Moderate Zone
199,44.01316598000005,0.1248471099510068,0.14219465538229673,0.40444475412368774,25.120061563786294,67.40917370615234,0.6088746893858731,0.8832571480884507,0.0005407942134794887,0.6295901897282086,0.5020916844666284,High,1,Extreme Hotspot
234,45.73584806000002,0.16421360211435224,0.14411041648876646,0.3028692603111267,25.09740210760726,67.4691980352215,0.6804401845935395,0.9479409658421809,0.0003779168617452257,0.6271589031902014,0.5398934785672196,High,1,Extreme Hotspot
42,44.544668090000016,-0.0634871233222104,0.42127708864225083,1.4049683809280396,25.066810019346338,66.94404946990831,0.6309549165779198,0.57380165555218,0.0021451441660592973,0.27540753058153367,0.3940700071218165,Medium,0,Moderate Zone
163,45.930675199999996,0.11566815622712007,0.10631208249767074,0.5380510091781616,25.11079385676509,67.37009538641928,0.6885339013134532,0.8681750379684475,0.0007550332211535438,0.6751286528011003,0.5408543050861568,High,1,Extreme Hotspot
199,46.33058354000002,0.13973986052641335,0.11189624601926437,0.39955776929855347,25.141061843974438,67.32183256285713,0.7051473198438056,0.907727704420323,0.0005329578829197551,0.6680418080216382,0.5519596846756283,High,1,Extreme Hotspot
138,48.11820799999998,0.14162295188135482,0.09357183521588107,1.0248459577560425,25.16193983511957,67.12102084135196,0.7794107206247766,0.9108218469593952,0.001535613940832773,0.6912972615083612,0.5870309210807003,High,1,Extreme Hotspot
305,44.64891770000003,0.1717147515196341,0.15116489509308295,0.09699603915214539,25.197766996027664,67.36159200504643,0.6352857649982255,0.9602662443826584,4.779702873457407e-05,0.6182060860537576,0.5218074091246242,High,1,Extreme Hotspot
42,47.714881640000044,0.02773025328035428,0.24815663142041347,23.32186508178711,24.92699445115653,67.21765100381175,0.7626553070642539,0.7236826289356173,0.03728911402415008,0.49511417128723834,0.5219596299295294,High,0,Moderate Zone
51,47.04494971999998,0.08180650139335262,0.16047662790545802,16.404565811157227,24.872934146976732,67.37672845557421,0.7348242811501581,0.8125363211374228,0.02619715331527467,0.6063885945326115,0.5436371678660176,High,1,Extreme Hotspot
95,47.714881640000044,0.07372964346596057,0.19799225988038002,0.9180893898010254,24.977082867352195,67.40306736921914,0.7626553070642539,0.7992650851829871,0.0013644286832859196,0.5587776211824212,0.5370485170104553,High,1,Extreme Hotspot
11,42.975796909999985,0.09268400262050094,0.16795716043129016,10.478723526000977,24.797042176753937,67.37891262154683,0.5657791977280783,0.8304093463506769,0.01669500410611368,0.5968950736725416,0.4744258468048696,Medium,1,Extreme Hotspot
105,47.39016974000003,0.1091384606869067,0.11058113207547172,2.084501028060913,25.033936371222232,67.2772020721906,0.7491657791977288,0.85744597339856,0.0032347817728054324,0.669710815089738,0.5630340661500244,High,1,Extreme Hotspot
206,47.62088609,0.1163859690020471,0.16427499145572771,0.18584248423576355,25.182180985738295,67.45231488850965,0.7587504437344685,0.8693544895315185,0.00019026321957512341,0.6015681030135798,0.5542645373311249,High,1,Extreme Hotspot
1,30.951202550000005,-0.08218359853121182,-0.06635015037339934,2.979048013687134,24.766786075014625,67.30848771866748,0.06624068157614485,0.5430811283068738,0.004669197088467417,0.8942537623901927,0.2879764936266444,Medium,0,Moderate Zone
68,46.61598821000001,0.05121564576171576,0.16504234322508388,5.166317939758301,24.996668546132334,67.18847236288308,0.7170039048633295,0.7622719155003391,0.008176506969174229,0.600594259239191,0.5233053278605144,High,1,Extreme Hotspot
10,43.56369634999999,0.03961115506967883,0.07385635245108786,109.56336212158203,24.815062495276372,66.98599789506568,0.5902023429179967,0.7432043603335242,0.17557824381524767,0.7163181201501183,0.5347197762010629,High,1,Extreme Hotspot
33,42.22554151999998,-0.03119651850765238,0.3256197159700614,21.677433013916016,24.896066623253176,67.2227868001125,0.5346112886048974,0.6268589507847836,0.03465225024659373,0.3968060085303857,0.39589762232740205,Medium,0,Moderate Zone
40,44.83007276000001,0.04121942160223053,0.12262660405507325,34.93734359741211,24.97600982750114,67.09153876295024,0.6428115015974437,0.745846933079385,0.05591465359811839,0.6544239435852239,0.5138650927174596,High,1,Extreme Hotspot
46,43.421848520000026,0.05793721835274063,0.13381450639688913,18.529651641845703,24.870753409818747,67.28039649773608,0.5843095491657797,0.7733162568323602,0.029604750357817844,0.6402254110749147,0.4851675279956033,Medium,1,Extreme Hotspot
61,48.36430544000001,0.09416658694368478,0.15687604538387967,2.091191530227661,24.942116750790266,67.30735535041963,0.7896343627973017,0.83284540831341,0.0032455100620195926,0.610958082755404,0.5637835504325179,High,1,Extreme Hotspot
3,32.20390687999998,-0.32957435046987277,0.3956382399414385,1.5136938095092773,24.776066033798962,67.42284395894326,0.11828186013489407,0.13658876810470097,0.002319486511922398,0.30794571474540233,0.12997007384672385,Low,3,Cool Zone
53,50.06647940000005,0.09060518105950444,0.19960836652223632,17.112010955810547,25.07769920715274,67.02989845903193,0.8603478878239273,0.8269935958582003,0.027331548899617336,0.5567266252053864,0.5863664067742826,High,1,Extreme Hotspot
36,47.37991568000001,0.05350053007835189,0.1432534444830381,10.87229061126709,25.046844064621126,66.88755540223718,0.7487397941072059,0.766026251551222,0.017326092985644092,0.6282464837313972,0.5443806753682561,High,1,Extreme Hotspot
87,51.47128562,0.1217209927172453,0.13407285675157485,0.23334753513336182,25.19166581626057,66.9871417485193,0.9187078452254164,0.8781205665361399,0.0002664380585424861,0.6398975394330302,0.6272473404718293,High,1,Extreme Hotspot
0,32.4124061,-0.3725087857651463,0.5044059148357644,0.5513119697570801,24.766091879100465,67.44285095611886,0.12694355697550555,0.06604239642201797,0.0007762973081835554,0.16990899250072378,0.09485965508069556,Low,3,Cool Zone
40,45.031735939999976,0.046124406291216544,0.12307740641171215,65.33594512939453,24.934270533183266,67.14058495690448,0.6511892083777051,0.753906404936586,0.10465912461285962,0.6538518316985713,0.5304967915844991,High,1,Extreme Hotspot
162,47.287629140000035,0.17896965668428946,0.1996668146061272,0.11542108654975891,25.136351125181548,66.8549663481448,0.7449059282925105,0.9721869144170616,7.734178222835874e-05,0.5566524489215814,0.5551402337094368,High,1,Extreme Hotspot
178,47.06545784000002,0.15244421621084367,0.12548669373820381,0.49241867661476135,25.15044544937132,67.26312654833336,0.7356762513312036,0.9286024682768652,0.0006818613053457892,0.6507942125500727,0.5638901786103623,High,1,Extreme Hotspot
88,50.319412880000016,0.10851373896300011,0.14357130773134838,10.896651268005371,25.082807402816073,67.10777742676723,0.8708555200567978,0.8564194814782665,0.017365155549921265,0.627843084458944,0.6067150360237282,High,1,Extreme Hotspot
195,46.65871346000006,0.11750055734259048,0.11086344721418206,1.6533259153366089,25.037804005060565,67.49659307661668,0.7187788427405057,0.871185890429292,0.002543388033446891,0.66935252981403,0.5526957736317638,High,1,Extreme Hotspot
3,42.61177778000001,0.031060911657926633,0.06280609028754307,11.400358200073242,24.796899225353496,67.16691673786939,0.5506567270145544,0.729155295857549,0.018172854809516296,0.7303419739327984,0.48024759367339287,Medium,1,Extreme Hotspot
158,45.44873438000002,0.1011577242130548,0.14826411189609645,0.23613104224205017,24.994296173594186,67.47834498335618,0.668512602058928,0.8443326763978216,0.00027090144089367865,0.6218874611023967,0.5185001598639473,High,1,Extreme Hotspot
72,46.78859822000004,0.02009975338509826,0.21211801896733407,101.4902572631836,24.968389211535527,67.02932866339233,0.7241746538871149,0.7111448121917072,0.16263293692818093,0.5408506636973456,0.5451699503551164,High,0,Moderate Zone
266,45.978527480000025,0.15796026873043456,0.10226214983411415,0.26765120029449463,25.14134007638402,67.42469416229798,0.6905218317358895,0.9376659970875284,0.0003214443393540225,0.6802684099093785,0.5529926753241993,High,1,Extreme Hotspot
9,42.84078512000002,0.02594579281548495,0.08824945987972865,81.81478881835938,24.82385675196365,66.97794862085671,0.560170394036209,0.720750548652228,0.13108312039135275,0.6980518717054827,0.5045618943512525,High,1,Extreme Hotspot
75,48.1352981,0.08313993068449062,0.12281449691388734,28.02597427368164,24.97533309510555,67.01668495775263,0.7801206957756471,0.8147273036841421,0.04483220162024342,0.6541854893350152,0.576302522134944,High,1,Extreme Hotspot
10,41.15228324000003,0.013875790386826847,0.15949935664990064,27.737852096557617,24.82264186885997,67.2115803340843,0.4900248491302812,0.7009181024656879,0.044370194738224525,0.6076288464823947,0.43376597300300074,Medium,0,Moderate Zone
11,43.809793790000015,0.02732748297617567,0.1600402628930072,141.66217041015625,24.864753589198248,67.14815653995147,0.6004259850905218,0.7230208295341364,0.22704901389603513,0.6069423840300838,0.5267742487463547,High,0,Moderate Zone
72,50.669759930000055,0.12628863882311775,0.12587628152568922,0.6881450414657593,25.088871438401586,66.88162816512043,0.8854100106496287,0.885625751073534,0.00099571054963627,0.6502997878851777,0.6173167521353262,High,1,Extreme Hotspot
98,48.56255060000001,0.1094591844385652,0.17335465964152977,0.8912836313247681,24.975684127173288,67.40457535494062,0.7978700745473905,0.8579729605788119,0.0013214453731589927,0.5900451239974789,0.5661833600485635,High,1,Extreme Hotspot
34,43.20309524000004,0.00035857816771220585,0.2584714959078864,15.032059669494629,24.83725309105001,67.28546852282133,0.5752218672346477,0.678707718871139,0.02399632556438491,0.48202360843727265,0.43429870780308066,Medium,0,Moderate Zone
1,32.299611440000035,-0.3658464045103642,0.5608318032871671,0.7845403552055359,24.764844554639392,67.4759486606686,0.12225772097976692,0.07698947936509647,0.0011502814292078806,0.09829907071888166,0.08039889479774955,Low,3,Cool Zone
159,42.902309479999985,-0.02803049239937925,0.329027698345167,2.6360177993774414,25.037449689987987,67.32106996970832,0.5627263045793385,0.6320611073534039,0.004119144602631604,0.39248094856211624,0.3994256637978272,Medium,0,Moderate Zone
14,50.01862712000002,0.11138472615304484,0.1934082720630781,10.452746391296387,24.889963393913327,66.86797406049988,0.858359957401491,0.8611368540956588,0.01665334950274906,0.5645951460465379,0.5895968776599401,High,1,Extreme Hotspot
56,47.89432769000001,0.07185157842366265,0.21450155287111985,2.9384870529174805,24.886785829072554,67.37234388646115,0.7701100461483845,0.7961792014719979,0.004604157169624891,0.5378257281385288,0.5361870836002655,High,1,Extreme Hotspot
34,45.96485540000003,0.031033376186416845,0.3117643923240939,7.159205436706543,25.039670194735148,66.97468860459101,0.6899538516151942,0.7291100518105683,0.011372122620388652,0.41438975722765903,0.4710690305182919,Medium,0,Moderate Zone
100,48.077191760000005,0.0739511297172629,0.20736182622406416,3.2537841796875,25.134651730531306,67.09478346684416,0.7777067802626902,0.7996290133748807,0.005109739363618344,0.5468867333042646,0.5416818456130656,High,1,Extreme Hotspot
17,40.75237490000001,0.047560791674347694,0.06789804488956111,347.751953125,24.817489835884402,67.04640631439598,0.47341143059992874,0.7562665565589621,0.5575161055946082,0.7238797899818759,0.5869595401188431,High,2,Warm Zone
124,48.39164960000005,0.10729041172346677,0.16497679479492808,0.8394299745559692,24.960694159810444,67.44148974930266,0.790770323038695,0.8544094096667673,0.0012382974998360772,0.6006774465506397,0.5649146043505802,High,1,Extreme Hotspot
11,48.88726250000002,0.11540676377885685,0.1245024105205252,47.18404769897461,24.888363231428382,66.93792157155306,0.8113596024139156,0.867745539159778,0.07555236990808298,0.6520433633594545,0.6040024369884446,High,1,Extreme Hotspot
243,46.156264520000036,0.15139058893740365,0.12389355550268381,0.24091193079948425,25.172646030242195,67.41371150130085,0.6979055733049351,0.9268712336458301,0.0002785676449941328,0.6528160593931492,0.548825768158727,High,1,Extreme Hotspot
23,51.05941421,0.1417983469015467,0.143237672704407,8.955184936523438,24.99932008871643,66.85401434711731,0.901597444089456,0.911110041789504,0.014251994267766537,0.6282664996472318,0.626521782400596,High,1,Extreme Hotspot
6,40.89080471,-0.0004903720492625343,0.18377204914801598,476.68304443359375,24.8437789900148,67.02652719498391,0.4791622293219731,0.6773127929303431,0.7642584399937279,0.5768244469606795,0.5996913100589085,High,2,Warm Zone
269,46.617697220000025,0.17739011372136368,0.11883228292825919,0.14100371301174164,25.116203269202572,67.47155557060881,0.7170749023784171,0.9695915379043629,0.00011836378755794885,0.6592393048770601,0.5641461435593228,High,1,Extreme Hotspot
43,50.025463160000015,0.07470111590977174,0.214457231726283,20.782562255859375,25.067715009615707,67.01508414382297,0.8586439474618386,0.8008613296806557,0.033217315758500954,0.5378819759673562,0.5794675025699303,High,1,Extreme Hotspot
42,41.65131416000003,-0.09434755287258047,0.45385718665148456,0.900763750076294,25.08545173175093,66.96849041275978,0.5107561235356768,0.5230943079796517,0.0013366468413322531,0.2340602282329789,0.32991280296814735,Medium,0,Moderate Zone
13,42.38618846000003,0.06098830367119425,0.10237814975161114,266.61285400390625,24.797641123949752,67.1357101673874,0.5412850550230748,0.7783295520447209,0.4274087234800323,0.680121194770253,0.5761398746399967,High,2,Warm Zone
160,47.71146362000002,0.12646349779574903,0.11283316679242197,1.0490182638168335,25.014313859494678,67.46413238705937,0.7625133120340788,0.8859130651138949,0.001574374482856393,0.6668527647451751,0.5716564311504648,High,1,Extreme Hotspot
114,48.043011560000025,0.11867851959130904,0.12150152164863463,3.186713695526123,25.062002770521108,67.25227967091021,0.7762868299609517,0.8731214221779865,0.005002191150661598,0.6558517822127465,0.5739038495412934,High,1,Extreme Hotspot
132,47.21585072000005,0.11950296273817698,0.12569323630067053,0.5734884738922119,24.94842065056691,67.44333466163837,0.7419240326588582,0.8744760800946492,0.0008118575612394704,0.6505320900182212,0.5582504074716947,High,1,Extreme Hotspot
54,46.962917240000024,0.057213024887622074,0.15151385299355888,105.32986450195312,24.953288579267966,66.9433472706852,0.7314164004259853,0.7721263210381879,0.16878978672804035,0.617763224653715,0.5741355999388754,High,1,Extreme Hotspot
45,44.79589256000003,0.03573717860919221,0.16617635366144545,43.25230407714844,24.959580027335946,67.13123556439201,0.6413915512957051,0.7368389573326016,0.06924777846791876,0.5991550900763061,0.5042254267504133,High,1,Extreme Hotspot
79,46.621115239999995,0.07628361661146173,0.1902839473800357,7.9168243408203125,25.093366344002185,67.0434664885354,0.7172168974085897,0.8034615661091017,0.012586972345397872,0.5685602169087616,0.524264780347903,High,1,Extreme Hotspot
60,47.67044738000004,0.07673603205682801,0.09135829049707993,31.066194534301758,25.01957358565922,67.10983021034359,0.7608093716719925,0.8042049383683221,0.049707226157681805,0.6941064643144541,0.5762025888263566,High,1,Extreme Hotspot
75,49.611882740000055,0.08459357918865022,0.18720481270723585,6.84616231918335,24.991987220892497,67.29601001925487,0.8414625488107931,0.8171158206627668,0.010870154753464928,0.5724679372677395,0.5763635187656464,High,1,Extreme Hotspot
67,50.08698751999998,0.12018538532162919,0.09669232149832674,0.8936015367507935,25.107355500131057,66.93903086370318,0.8611998580049681,0.8755973813738155,0.001325162158410937,0.6873370619485493,0.6136182533373722,High,1,Extreme Hotspot
48,45.69824984000002,0.06210064197976341,0.13029692206645072,25.4613037109375,24.926029959326,67.25929467801414,0.6788782392616258,0.7801572558729776,0.040719725927027245,0.644689566548172,0.5276927288769883,High,1,Extreme Hotspot
168,44.454090560000054,0.06410271342658912,0.11902849795050578,1.9822449684143066,25.04816987010677,67.30914370810046,0.6271920482783119,0.7834468968208952,0.0030708131267385553,0.6589902889947917,0.5009596149151021,High,1,Extreme Hotspot
63,45.88965896000002,0.054308191165466466,0.131169433894356,87.9670181274414,25.038112240854154,67.10110851318858,0.6868299609513668,0.7673533345523929,0.14094828352779107,0.6435822644663652,0.5537885083386265,High,1,Extreme Hotspot
27,52.958124320000024,0.1294122582219781,0.16504294484789417,15.212587356567383,24.917452441726937,66.8933699088265,0.9804756833510828,0.8907582283867153,0.024285803572135296,0.6005934957215298,0.6519941576357802,High,1,Extreme Hotspot
102,50.568928340000014,0.11941624250067452,0.15038415841584152,2.526371479034424,25.11227586443217,67.11833544463045,0.8812211572594957,0.8743335884544264,0.003943325597332623,0.6191969165736462,0.6084637158860247,High,1,Extreme Hotspot
110,48.64800109999999,0.10508245550780695,0.15254322371751167,1.1346244812011719,25.1381460270609,67.10947019134335,0.8014199503017382,0.8507814756138842,0.0017116449351692166,0.6164568534285588,0.5719044833822821,High,1,Extreme Hotspot
4,32.268849260000025,-0.3108019662725766,0.5501539778996426,2.743617057800293,24.794797371559202,67.26942800106491,0.12097976570820099,0.16743402282494577,0.004291681123033117,0.11185026613265614,0.09694998321431177,Low,3,Cool Zone
40,41.92817378000001,0.045535760890077465,0.10973861975920708,471.5174560546875,24.94972684627582,67.06128364535306,0.5222577209797655,0.7529391906953257,0.7559753657626727,0.6707800448834329,0.6449938174135598,High,2,Warm Zone
48,43.948223600000006,0.0061550513387236975,0.31587901751340824,1.160061001777649,25.09631843036387,66.98634440709691,0.6061767838125661,0.6882320120860981,0.0017524326582048129,0.40916789903357553,0.4279772033092075,Medium,0,Moderate Zone
57,43.79953972999999,0.06789976495236281,0.09134726252169834,109.75589752197266,24.947471423334346,67.01056425544691,0.5999999999999991,0.7896859030263645,0.17588697631512198,0.6941204598841502,0.5412487215095649,High,1,Extreme Hotspot
21,43.69870814000001,0.02905407366557339,0.12719655402863037,494.088134765625,24.901521531461505,67.02480180925396,0.5958111466098683,0.7258578229097432,0.7921676818154625,0.6486242341055016,0.6749698993553748,High,2,Warm Zone
39,44.79247454000006,0.027952485443498022,0.21566648454997026,51.03636169433594,24.9175549195937,67.19329655060073,0.6412495562655325,0.7240477827491744,0.08172959512316433,0.536347316921743,0.4928088520837288,Medium,0,Moderate Zone
124,49.67682511999999,0.08842333618432487,0.20740483527930895,4.861112117767334,25.10120862646115,67.22773973103304,0.8441604543840953,0.8234085658360325,0.007687106286451481,0.5468321506443099,0.5724636733295179,High,1,Extreme Hotspot
44,45.94263827000003,0.08498487120885412,0.1636133530201938,2.2468008995056152,24.867771532766632,67.432168824337,0.6890308839190634,0.8177587598816928,0.003495031290238302,0.6024077863206002,0.5196314826365589,High,1,Extreme Hotspot
78,48.18315038000003,0.08578180385978733,0.1658723337760763,2.243353843688965,24.946683007042616,67.37152819689543,0.7821086261980835,0.8190682147892082,0.003489503900691644,0.5995409207793557,0.5564842428286588,High,1,Extreme Hotspot
3,40.605400040000006,0.018732479237077184,0.12369191628264208,2.424053192138672,24.755096194919876,67.31823750929114,0.46730564430244914,0.7088982185291829,0.003779257169230078,0.6530719591081848,0.4248161966143016,Medium,0,Moderate Zone
130,46.176772640000024,0.09659616116578762,0.12614433077037135,2.7375073432922363,25.04296622200837,67.3264308433287,0.6987575434859783,0.8368374870475166,0.004281884132818519,0.6499596074117786,0.5360910329670792,High,1,Extreme Hotspot
7,31.833051710000007,-0.3415586929767552,0.5855706411822629,2.893641471862793,24.79718172888282,67.30565890398175,0.10287539936102241,0.11689707133383008,0.004532246817974024,0.06690308750512619,0.07319839965000222,Low,3,Cool Zone
25,48.92144270000006,0.0703750153884034,0.2248049835015282,5.656115531921387,25.014932656776722,66.93342799609175,0.8127795527156565,0.7937530331997958,0.008961902458804393,0.524749675961457,0.5513651868732244,High,1,Extreme Hotspot
87,47.667029360000015,0.11859501558773637,0.12957337827877122,2.223557472229004,25.14319702722441,67.0522282076128,0.7606673766418174,0.8729842151917406,0.0034577602149233402,0.6456078137475243,0.5652005857387238,High,1,Extreme Hotspot
139,47.79349610000003,0.1325667237704949,0.12173791332635103,1.7032060623168945,25.196798966719008,67.12541977205197,0.7659211927582539,0.895941389583909,0.0026233713634738823,0.6555517782603811,0.5725258840338325,High,1,Extreme Hotspot
141,48.043011560000025,0.06092508503487359,0.23645676595782453,2.275782585144043,25.108885758227053,67.2740955443913,0.7762868299609517,0.7782256763238811,0.003541503722007059,0.5099624346221728,0.5301264462878992,High,1,Extreme Hotspot
96,48.046429579999995,0.08267507943055068,0.18786063870203595,2.095154047012329,25.00463030568299,67.37123800609017,0.7764288249911243,0.8139634979158334,0.003251863998543694,0.5716356305114075,0.5478061467857422,High,1,Extreme Hotspot
81,47.45340311000001,0.0467606718606511,0.23245593036950504,1.7894753217697144,24.954188436592464,67.37185708302651,0.7517926872559457,0.7549518647648457,0.0027617050105805405,0.5150398827830169,0.5176582574263537,High,1,Extreme Hotspot
204,45.15136663999999,0.08126604559780021,0.0951466792037228,1.6363540887832642,25.067483722209847,67.31634659940462,0.6561590344337939,0.8116482881361993,0.0025161735345619225,0.6892986318388421,0.5226996267453563,High,1,Extreme Hotspot
56,45.39746408000002,0.03729181497170164,0.23349091746474684,2.312439441680908,24.941983534092557,67.27712682834253,0.6663826766063189,0.7393934093454612,0.0036002833694547495,0.5137263838383027,0.48110742965437103,Medium,0,Moderate Zone
42,51.19271699000001,0.08401825844663197,0.20165134412799282,13.155142784118652,25.070293893092778,67.00393739826136,0.9071352502662402,0.8161705004175126,0.020986669984669127,0.5541338885987439,0.6013531203850391,High,1,Extreme Hotspot
13,41.95209992000002,0.04288129929830601,0.07863912043772708,241.88772583007812,24.870859784712604,66.98276541183976,0.5232516861909837,0.7485775953282817,0.38776172549767707,0.7102483239834365,0.5605774099467423,High,2,Warm Zone
278,45.77344628000003,0.16781771469271467,0.13662934621164086,0.12013347446918488,25.18804833939997,67.3809862979058,0.6820021299254532,0.9538629504634011,8.489814484941566e-05,0.6366531065087866,0.5432321403776611,High,1,Extreme Hotspot
39,42.45283985000003,0.06698919542819733,0.08308431808479927,213.63868713378906,24.90700019991837,66.96829295824095,0.5440539581114668,0.7881897292522616,0.34246410065540145,0.7046069372982128,0.5623874552559189,High,2,Warm Zone
62,44.652335719999996,0.0182177121923619,0.22574457553007177,82.89685821533203,24.97553406827149,67.03156031370602,0.6354277600283982,0.7080523951937476,0.13281822982726477,0.5235572426029855,0.49829496926783473,Medium,0,Moderate Zone
41,44.58055730000001,-0.028526290687969545,0.3035081008844626,43.250457763671875,24.92557109198472,67.18986213946393,0.6324458643947459,0.6312464519350671,0.06924481788522063,0.42486779134331665,0.4499500762881269,Medium,0,Moderate Zone
103,50.32966694000004,0.14628591184935608,0.11765967077208941,3.1022250652313232,25.12139083574823,67.11371346377089,0.8712815051473206,0.9184836434819711,0.004866712760770961,0.6607274633640297,0.6196473194442226,High,1,Extreme Hotspot
52,46.20069878000004,0.07073478343497865,0.16496283333044545,3.144580841064453,24.955184893418195,67.25214825180413,0.6997515086971965,0.7943441747894942,0.004934630684075185,0.6006951650023469,0.520424920368791,High,1,Extreme Hotspot
244,45.99219956000002,0.1594606218534167,0.14071022169903866,0.25857189297676086,25.17293518422252,67.28071087655425,0.691089811856585,0.9401312552967312,0.00030688557644785474,0.6314740799577792,0.5438271504228115,High,1,Extreme Hotspot
131,45.97510946,0.07170399778005147,0.23924347517794978,0.9097778797149658,25.080110001359802,67.36105581657608,0.6903798367057146,0.7959367089629953,0.001351101091157959,0.506425830507312,0.49716538240098707,Medium,1,Extreme Hotspot
20,46.95266318000006,0.09325479841576108,0.15066162863225616,6.198477268218994,24.804334875131296,67.39829305730673,0.7309904153354649,0.8313472315714885,0.00983158509557467,0.6188447799739476,0.5433251031385925,High,1,Extreme Hotspot
118,46.29982136000001,0.09041994603373617,0.12156113839268062,1.252013087272644,25.05571463954332,67.35122446362364,0.7038693645722397,0.8266892327313389,0.0018998787754691256,0.6557761227859269,0.5371813249896494,High,1,Extreme Hotspot
60,45.36670190000001,0.09668715437689404,0.1204940557851503,3.0571346282958984,24.88387306517959,67.38869602674531,0.665104721334753,0.8369869996903909,0.004794409780190475,0.6571303540467395,0.5242146117418554,High,1,Extreme Hotspot
24,44.51732393000003,0.08365183302629056,0.18302466631506353,22.968814849853516,24.82395805745622,67.337259226151,0.6298189563365288,0.8155684199727692,0.03672299433673193,0.5777729482191916,0.4989981837585482,Medium,1,Extreme Hotspot
41,43.66110992000006,0.029017222879583915,0.1229898785772621,330.10699462890625,24.93414201607194,67.02843031138046,0.5942492012779571,0.7257972726957406,0.5292222326983749,0.6539629130045237,0.6096674121910424,High,2,Warm Zone
267,43.69870814000001,0.1615358733443559,0.12801467975644062,0.2260829508304596,25.169076154753274,67.28355527859532,0.5958111466098683,0.9435411397404883,0.0002547892227032978,0.6475859532563367,0.5094365175619637,High,1,Extreme Hotspot
68,48.80181200000004,0.06164928773389522,0.21494294148645934,2.210655927658081,24.995168132384997,67.25624513505791,0.8078097266595679,0.7794156272904519,0.003437072455168304,0.5372655632020551,0.5483486155115981,High,1,Extreme Hotspot
49,49.55377640000006,0.09982092780951411,0.15386834138455097,1.9333866834640503,25.152017086896915,67.02174825890445,0.8390486332978363,0.8421361612858915,0.002992468363013748,0.6147751506660026,0.5856430247359723,High,1,Extreme Hotspot
164,49.177794199999994,0.11427748439750364,0.15213029033896472,0.5335347056388855,25.17385846409101,67.18236778288134,0.8234291799786997,0.865889999138752,0.0007477912818580007,0.6169809059113891,0.5828383008650351,High,1,Extreme Hotspot
64,46.53224671999999,0.038644578531433584,0.24438485375538543,4.125537395477295,24.953500523878365,67.30437891725713,0.713525026624067,0.7416161603896364,0.0065076046343073915,0.49990092274094,0.4982595204148372,Medium,0,Moderate Zone
42,44.70873304999998,0.024194501062247954,0.1413782515243233,43.99247741699219,24.94819883215473,67.1592139124049,0.6377706780262675,0.7178729684977669,0.07043465405072932,0.6306262853576504,0.5065231370693843,High,1,Extreme Hotspot
11,47.32351835000003,0.04914402674000027,0.09296222281077698,86.7081069946289,24.870195857538235,66.95270215294346,0.7463968761093366,0.7588679996345365,0.1389296065449387,0.6920709187399057,0.5855355357731309,High,1,Extreme Hotspot
112,47.930216900000005,0.11358873012986762,0.12516399682534537,4.757237434387207,25.05595442341119,67.23979865441969,0.7716009939652106,0.8647582941511698,0.007520542160537305,0.6512037462113627,0.5704750264911667,High,1,Extreme Hotspot
118,50.50398596000002,0.1326148628687288,0.12199092796025675,0.11591103672981262,25.189576455214002,66.9411837954393,0.878523251686191,0.8960204878343723,7.812742239424494e-05,0.6552306781653556,0.616878041338302,High,1,Extreme Hotspot
65,47.10818309000001,-0.01284505663398533,0.25670139174833234,12.17431640625,24.98969527165022,67.17574981687254,0.7374511892083775,0.6570125801817172,0.019413904773867854,0.48427004219117886,0.49523984734231136,Medium,0,Moderate Zone
30,43.011686120000036,0.04203778729140029,0.11814423313294743,157.78689575195312,24.91606178496977,67.13939708318155,0.5672701455449068,0.7471916050119137,0.25290517725331785,0.6601125067596803,0.5342355946350154,High,2,Warm Zone
102,50.70906716000002,0.10727884116283488,0.17956429502526136,2.3421566486358643,25.1129472852066,67.12323640407729,0.8870429534966275,0.8543903978627153,0.003647935217238961,0.5821644947982461,0.6003206238420172,High,1,Extreme Hotspot
37,42.58785164000005,0.053745855816834213,0.08142267621532595,496.27294921875,24.939471073110916,67.07819854773433,0.5496627618033385,0.7664293508492861,0.7956710543199803,0.7067157218928035,0.6750904153072842,High,2,Warm Zone
47,46.850122580000004,0.05361319430821937,0.1715162298090528,483.52117919921875,24.96745657282904,67.06089178735112,0.7267305644302444,0.7662113722493497,0.7752234596025153,0.5923782696531024,0.7179054504407496,High,2,Warm Zone
11,51.312347690000024,0.14071263734842807,0.11605897392328333,53.43501281738281,24.89690289123838,66.90084173027684,0.9121050763223288,0.9093260921661542,0.08557585693289994,0.6627589028200191,0.6551866891510836,High,1,Extreme Hotspot
54,46.43312414000002,0.10309721193426086,0.12198899048408861,2.4714033603668213,24.89851448017422,67.30673092554048,0.7094071707490238,0.8475194848585181,0.0038551836522398917,0.6552331370104116,0.5429012143435296,High,1,Extreme Hotspot
82,49.135068950000004,0.10424157901731998,0.16522039807122074,10.651106834411621,25.07887729110988,67.06798279827011,0.8216542421015258,0.8493998157637159,0.016971422518697803,0.600368290380664,0.580388182910975,High,1,Extreme Hotspot
99,48.78813992000005,0.10077918312615522,0.17000323007315998,2.933687210083008,25.12988566792121,67.09084553970303,0.8072417465388724,0.8437106884753085,0.004596460572145757,0.5942984129723616,0.569462099624354,High,1,Extreme Hotspot
6,40.65837935000002,0.03984082463949601,0.13408678531444235,17.87165069580078,24.815920635415814,67.2291403776764,0.4695065672701458,0.7435817346887497,0.028549639055792518,0.6398798627366618,0.4344532694226513,Medium,0,Moderate Zone
111,49.564030460000026,0.12087132823403891,0.16419732534265571,3.531639337539673,25.087432391645848,67.21603680413536,0.8394746183883567,0.8767244669711726,0.005555282974365438,0.6016666688392109,0.5890206719124521,High,1,Extreme Hotspot
48,44.78392948999999,0.07315364199831757,0.08846183286449669,145.4072723388672,24.946432607820462,66.94287812588647,0.6408945686900949,0.7983186464247584,0.23305432345671467,0.6977823498025904,0.5739256752644485,High,1,Extreme Hotspot
90,48.60698486000001,0.10887166425938381,0.17732631538058152,4.342863082885742,25.10602650289459,67.04502576581001,0.7997160099396518,0.8570075952107441,0.0068560886150423085,0.5850047078937457,0.5671525069899821,High,1,Extreme Hotspot
6,45.809335490000024,0.05902168972011173,0.095451957446708,44.429779052734375,24.862979594425887,66.95648849038933,0.6834930777422793,0.775098171969607,0.0711358717329213,0.6889112041580056,0.5452281656571842,High,1,Extreme Hotspot
27,46.36476374000006,0.11633783275782562,0.15257544356265476,13.167954444885254,24.824224476287785,67.19558094725856,0.7065672701455465,0.8692753959705366,0.021007213614817086,0.6164159633220166,0.5415532135219068,High,1,Extreme Hotspot
60,41.84101427000002,-0.004918333498933764,0.2752653963850805,3.4879326820373535,24.88734181762672,67.33625739485548,0.5186368477103303,0.670037126857719,0.005485198901581938,0.460710520906189,0.4014737120194233,Medium,0,Moderate Zone
7,44.18919401000005,0.08175699923046356,0.11724943085634237,111.73966217041016,24.872273442696642,66.92014591205215,0.6161874334398311,0.8124549832099934,0.17906796338467826,0.6612480975814905,0.5453598312198992,High,1,Extreme Hotspot
231,47.54739866,0.09147895201438103,0.24594920454434066,0.25077712535858154,25.13814819414776,67.40158160774,0.7556975505857287,0.8284293052165352,0.00029438658619558155,0.49791560995790907,0.5262001346549026,High,1,Extreme Hotspot
41,43.213349300000004,0.04063966344857341,0.10124544694726195,517.8684692382812,24.948559178716316,67.06484402244669,0.5756478523251682,0.744894321640276,0.8302996933556542,0.681558704421366,0.6858799533992955,High,2,Warm Zone
57,46.60744316,-0.006172166025031505,0.2617639872953823,0.45684903860092163,25.177262481574324,67.02115887172302,0.7166489172878943,0.6679769312407136,0.0006248250240107322,0.4778451177267714,0.4825813364026217,Medium,0,Moderate Zone
178,45.947765300000015,0.08842352455420517,0.0959875274388588,1.8500492572784424,25.049654036909168,67.31889443889237,0.6892438764643236,0.8234088753500972,0.002858835940782955,0.688231513925398,0.5375698936585194,High,1,Extreme Hotspot
72,47.73709876999999,0.08969449606427377,0.14822777756470845,2.048889398574829,24.898974313816936,67.35965768281278,0.7635782747603822,0.8254972323514358,0.0031776781577116326,0.6219335728907991,0.554437028874456,High,1,Extreme Hotspot
179,44.73778622000003,0.13833759088229522,0.16308498234484733,0.25606244802474976,24.984196222473354,67.48240046335486,0.6389776357827482,0.9054236090052333,0.00030286165559091334,0.6030783399223565,0.5120959790622533,High,1,Extreme Hotspot
47,48.06351968000001,0.09173644042337908,0.1412810382440263,25.446239471435547,24.972861991312552,67.13212458157017,0.7771388001419948,0.8288523892254488,0.04069557026364946,0.6307496584331886,0.5715072026931654,High,1,Extreme Hotspot
119,45.28466942,0.12101751310352228,0.1291738480983569,0.6342443227767944,24.930217738497685,67.46339807470436,0.661696840610578,0.8769646660576642,0.0009092801914158856,0.6461148562727579,0.5256737274552864,High,1,Extreme Hotspot
2,35.39291953999998,-0.07694298577198397,0.2626367483829753,19.758953094482422,24.806227403166453,67.08507524867626,0.25076322328718376,0.5516920769082685,0.03157594791318519,0.4767374993102603,0.28630058769146216,Medium,0,Moderate Zone
144,45.482914580000056,0.11247695636004468,0.17002477726817433,1.0714894533157349,25.01178143686014,67.44342046801923,0.6699325523606691,0.8629315179270599,0.00161040726693179,0.594271067493328,0.5166695639487251,High,1,Extreme Hotspot
5,43.51413506000006,0.013122017723244714,0.20577537462504972,139.6625213623047,24.850254624700728,67.09256734808716,0.5881434149804775,0.6996795645386462,0.22384255602822484,0.5489000941574826,0.5059499585115407,High,0,Moderate Zone
99,47.28421112000001,0.06931377091208525,0.13003428912190043,4.628839492797852,25.016719211881824,67.31951863094656,0.7447639332623355,0.7920092826005938,0.00731465473721061,0.6450228732117043,0.5475402040216668,High,1,Extreme Hotspot
75,48.84624626000004,0.11099498587834225,0.12651452445705721,11.300186157226562,25.07563992505402,67.08652473669208,0.8096556620518293,0.8604964645787175,0.018012227905877646,0.6494897957406599,0.5873377506321407,High,1,Extreme Hotspot
28,45.55811102000001,0.06692271547937645,0.1144480123368828,3.435605525970459,24.82024133364251,67.43044056118694,0.673056443024494,0.7880804948080048,0.00540129176725199,0.6648033692229727,0.5217456482174058,High,1,Extreme Hotspot
73,48.36088742000004,0.09488373344816445,0.18713252895092747,6.3359832763671875,24.99975232816354,67.21973054469223,0.789492367767129,0.8340237651150779,0.010052077397547196,0.5725596723609281,0.5579254656956857,High,1,Extreme Hotspot
80,49.06499954000003,0.09024973441711902,0.16767190456309905,0.9234510660171509,24.915660183988418,67.42443006342921,0.8187433439829611,0.8264095548483527,0.0013730261863859352,0.5972570910190043,0.5712534455708347,High,1,Extreme Hotspot
19,43.910625380000056,0.05301681334109513,0.0899014232298302,148.64251708984375,24.8955480054984,67.01558229686307,0.6046148384806549,0.7652314475552928,0.2382420717754541,0.6959553700901093,0.5553822444874412,High,2,Warm Zone
23,46.58522603000006,0.09207598865892676,0.17843485463356215,2.2760398387908936,24.803816267363143,67.49074654386993,0.7157259495917659,0.8294103072663968,0.0035419162308824807,0.583597864131482,0.5283069778106829,High,1,Extreme Hotspot
6,42.198197359999995,0.028098690541568678,0.16448039600374273,21.80238914489746,24.78087638214235,67.34523320168324,0.5334753283635065,0.724288015073635,0.034852618691120066,0.6013074247323745,0.4510079732257028,Medium,0,Moderate Zone
45,46.911646940000026,0.0907164731250191,0.16887802912867944,1.5146477222442627,24.85783826092927,67.46019656832887,0.7292864749733763,0.8271764619274785,0.002321016120829313,0.5957264020361492,0.5355165937159094,High,1,Extreme Hotspot
102,49.57770254000002,0.11305107971459624,0.15042634203893382,7.054020404815674,25.076306401772733,67.2062193882102,0.8400425985090522,0.8638748707226273,0.011203457337125711,0.6191433814671016,0.5922278106397167,High,1,Extreme Hotspot
191,46.75441802,0.15985881880071345,0.12398596845001782,0.13845494389533997,25.1477762143151,67.43700102363991,0.7227547035853739,0.9407855401301923,0.00011427680999791216,0.6526987784054352,0.5607880373372649,High,1,Extreme Hotspot
286,45.995617580000044,0.16843015288689928,0.12912594773911762,0.10820455104112625,25.1819167287708,67.47510614318767,0.6912318068867601,0.9548692590868285,6.57699931262416e-05,0.6461756464715938,0.5489746834103287,High,1,Extreme Hotspot
46,48.70952546000001,0.11308514641934919,0.12358150337040465,6.336875915527344,25.006794930836428,66.9315914704139,0.80397586084487,0.8639308463608061,0.010053508753645045,0.65321208379609,0.5843357652396982,High,1,Extreme Hotspot
33,42.25288568000002,-0.05260245441810498,0.38144253258078714,23.4754638671875,24.85050716457697,67.32439285637109,0.5357472488462907,0.5916864581091732,0.03753541126038878,0.325961443369856,0.3776280097439606,Medium,0,Moderate Zone
307,46.156264520000036,0.17696027228076402,0.11181067240802539,0.3480856716632843,25.174916474954664,67.35926333182948,0.6979055733049351,0.968885257413549,0.0004504218436019396,0.6681504092289137,0.5582377052406896,High,1,Extreme Hotspot
326,46.03150678999998,0.17113551276537328,0.11970825454405133,0.17003613710403442,25.18675472985699,67.49569063463402,0.6927227547035839,0.959314486378388,0.000164917578960673,0.6581276119890691,0.5526530266307458,High,1,Extreme Hotspot
137,50.958582620000016,0.12160507994797637,0.13266086270254282,2.0637049674987793,25.16162620454093,67.1396922298919,0.8974085906993253,0.8779301081023122,0.0032014350752534015,0.6416894967452256,0.6197912106129355,High,1,Extreme Hotspot
40,51.65585870000001,0.12014037178659506,0.12815157708854671,9.67437744140625,24.97830974598507,66.89391538604056,0.9263755768548096,0.8755234187945611,0.015405226865371272,0.6474122172724948,0.6352124937319498,High,1,Extreme Hotspot
10,44.595938390000015,0.06269667050256758,0.16902339359028157,8.114843368530273,24.809895440338398,67.32070294318162,0.633084842030529,0.7811366014591964,0.01290449789822372,0.5955419204442616,0.4927389355944993,Medium,1,Extreme Hotspot
109,48.19511345000001,0.07180873968685947,0.20239014311405845,4.303255081176758,25.029511186664422,67.36657299008802,0.7826056088036915,0.7961088123442932,0.006792576775880097,0.5531962810739598,0.5447959657818826,High,1,Extreme Hotspot
89,46.915064959999995,0.09438284343249827,0.12175136060661654,2.7907114028930664,25.000432220360032,67.28000112401878,0.7294284700035489,0.833200743384984,0.004367197391007409,0.6555347123582852,0.5489502413285761,High,1,Extreme Hotspot
71,49.386293420000015,0.14598809912571784,0.12256810838737542,21.068347930908203,24.95291973908148,66.90661941461165,0.8320908768193112,0.9179943018393216,0.0336755760353492,0.6544981802574923,0.6098540260639584,High,1,Extreme Hotspot
173,46.27931324000002,0.10615386592307983,0.08838002550401736,1.0897603034973145,25.084769123667023,67.31329992265498,0.7030173943911965,0.8525419300570536,0.0016397047635996443,0.6978861712725907,0.5490754077104547,High,1,Extreme Hotspot
4,45.78711836000002,0.13095601368264034,0.13403950790547953,41.26369857788086,24.768316538173952,67.07368130198682,0.6825701100461486,0.8932948017867396,0.06605902904413952,0.6399398623512145,0.5515249940177482,High,1,Extreme Hotspot
56,42.62544986,-0.03841601753830134,0.3626558475382182,2.015254259109497,25.094000810449767,66.93824334706551,0.5512247071352498,0.614996457229756,0.003123743864746882,0.3498035676741481,0.3834810009395797,Medium,0,Moderate Zone
71,51.66098572999999,0.12796810866253636,0.14992304859740732,0.3818851411342621,25.144154858878064,66.9837705059281,0.9265885694000698,0.8883853193013831,0.0005046196414252484,0.6197821096284147,0.6279758024912747,High,1,Extreme Hotspot
191,45.862314800000036,0.14559033770284685,0.10334221937730044,0.3875458538532257,25.12204727990601,67.37911457574722,0.685694000709976,0.9173407326241706,0.0005136966526411096,0.6788976969684006,0.5477866737344564,High,1,Extreme Hotspot
71,50.43904358000003,0.09084789404374723,0.16109064824740277,10.634904861450195,25.034091655030547,67.0279225236499,0.8758253461128865,0.8273924020910258,0.0169454424879859,0.6056093432019567,0.5997972280211963,High,1,Extreme Hotspot
38,43.92942449000003,0.0624400276935411,0.08303517559736781,161.04017639160156,24.907819973708268,66.97405346505967,0.6053958111466106,0.780714906871373,0.25812184630552143,0.7046693038781233,0.5647298828413552,High,2,Warm Zone
112,46.22804294000002,0.057583895224323854,0.21766028989739075,1.5288753509521484,25.050852918363574,67.40537146065378,0.7008874689385874,0.772735705007934,0.0023438302701720183,0.5338169846771745,0.503614697829603,High,1,Extreme Hotspot
45,45.22314505999998,0.07112575848060579,0.10040090487461897,48.72005081176758,24.972153694430183,67.08453568166661,0.6591409300674461,0.7949865931815793,0.07801536673809559,0.6826305101726485,0.538934304723269,High,1,Extreme Hotspot
53,46.95949922,0.06220730659545882,0.09866123536833747,52.31898498535156,24.986221338064272,66.98643092098654,0.7312744053958103,0.7803325184931212,0.0837862947962057,0.6848383194015342,0.5674738775116506,High,1,Extreme Hotspot
223,45.48804160999998,0.13223967949535131,0.11175013304461118,0.23572181165218353,25.164479282483573,67.36851086435361,0.6701455449059268,0.8954040170335935,0.00027024523542300554,0.6682272395491407,0.5360818297360936,High,1,Extreme Hotspot
112,49.55377640000006,0.11273548313855583,0.15899738430169089,4.483719825744629,25.074350098785725,67.24374171119456,0.8390486332978363,0.8633563081002936,0.007081953854674867,0.6082658980482358,0.5885465676074945,High,1,Extreme Hotspot
26,43.90037131999998,0.019086123781770124,0.17315212064844546,70.96392059326172,24.844188120519508,67.19387498222505,0.6041888533901297,0.7094792984786893,0.1136836413026002,0.59030216561172,0.4945787795758493,Medium,0,Moderate Zone
41,38.790431420000004,0.02645083969700243,0.19924481162876526,5.1332268714904785,24.85240329755243,67.28709480704022,0.3919062832800849,0.7215804006061591,0.00812344509998493,0.5571880116044201,0.37846803699883813,Medium,0,Moderate Zone
22,41.38812661999998,0.060834931747397895,0.07356885720335994,38.79082107543945,24.81835533485766,67.17549608168252,0.4998225062122812,0.7780775437751952,0.06209374446965206,0.7166829794862752,0.47550066606585983,Medium,1,Extreme Hotspot
6,33.020813660000044,-0.12609452255337966,0.3594771241830067,39.8309211730957,24.8338238427998,66.92395217089239,0.15221867234646946,0.4709302697781971,0.06376155570133961,0.35383767572419433,0.2182349334754911,Low,3,Cool Zone
143,46.159682540000006,0.09667914551820857,0.13368595683246728,0.2418423593044281,24.98670793221866,67.47081757625517,0.6980475683351078,0.8369738401852596,0.0002800595966960164,0.6403885529324198,0.53291282884749,High,1,Extreme Hotspot
123,47.04494971999998,0.11931030908242769,0.1388510328372081,0.6222931146621704,24.932215003227586,67.41904614426011,0.7348242811501581,0.8741595272784529,0.0008901163059680131,0.6338335708338161,0.5520428847950863,High,1,Extreme Hotspot
102,50.04938930000003,0.12620901310467036,0.12251484256987889,6.9627156257629395,25.066290057842455,67.04662870359715,0.8596379126730569,0.8854949165699368,0.011057049182416328,0.6545657797429281,0.610356820798903,High,1,Extreme Hotspot
34,50.18269208000004,0.1234011017887998,0.19173850242365365,0.8926838636398315,25.049709967374543,66.95231799278261,0.865175718849841,0.8808811850982379,0.001323690660114832,0.566714245569018,0.5918762370835045,High,1,Extreme Hotspot
48,51.869484950000015,0.11447113642143282,0.13754138125284557,19.605606079101562,25.048864622629928,67.0079883139702,0.9352502662406813,0.8662081923923317,0.03133005439276896,0.6354956456383349,0.6389629780809816,High,1,Extreme Hotspot
146,50.28181466000001,0.11031157758699107,0.16248473273056643,1.2365586757659912,25.16419046430713,67.15294029051438,0.8692935747248842,0.8593735436645116,0.0018750974672585043,0.6038401148648149,0.5978602587794081,High,1,Extreme Hotspot
107,41.25140582000006,-0.1641290427499848,0.5462453367654141,0.9261482357978821,24.964634700723504,67.42368669436668,0.49414270500532675,0.4084350400142784,0.0013773511259414725,0.11681071059489012,0.2826288179047359,Medium,3,Cool Zone
248,46.651877420000005,0.16802149770004238,0.1376145944129036,0.20831257104873657,25.192449498481988,67.26723782842883,0.7184948526801557,0.9541977901248219,0.00022629423548226385,0.6354027310417012,0.5576647293579964,High,1,Extreme Hotspot
45,50.389482290000046,0.10607165867086965,0.17550214488099292,10.718511581420898,25.070721711514405,66.99989658086757,0.8737664181753649,0.8524068537871656,0.017079506725577943,0.5873197570737828,0.5991014234343719,High,1,Extreme Hotspot
144,47.23464983000002,0.16549547071304782,0.14929726722390738,0.07042928040027618,25.188594317440458,66.88644817636923,0.7427050053248139,0.9500472280531547,5.1969571301728715e-06,0.6205762868481046,0.5637056429468023,High,1,Extreme Hotspot
217,45.568365080000035,0.1643657566077062,0.12096213188734106,0.12446713447570801,25.127554471007382,67.44591453867862,0.6734824281150168,0.9481909737290325,9.18472133568423e-05,0.6565363201026448,0.5429518431292297,High,1,Extreme Hotspot
36,44.008038950000014,0.07699577038812559,0.15840447905962807,20.047527313232422,24.830939627208675,67.26352578282732,0.6086616968406106,0.8046317192665438,0.032038679648612615,0.6090183522704629,0.4939727769924715,Medium,1,Extreme Hotspot
72,51.184171940000056,0.10796870936118289,0.11621153403230489,40.86721420288086,24.97557868355943,66.97933523669157,0.9067802626908072,0.8555239331706335,0.06542326226043889,0.6625652892540854,0.6399095684678447,High,1,Extreme Hotspot
4,44.963375540000015,0.11397879695020087,0.11371207908236187,34.48480987548828,24.764545462817996,67.07884367584043,0.6483493077742278,0.8653992202213291,0.05518901110866698,0.6657373398566524,0.5360943268913878,High,1,Extreme Hotspot
4,44.37205807999999,0.12440639249800346,0.13701700585447454,57.52781677246094,24.765395753602817,67.09055172697661,0.6237841675541345,0.8825329970187371,0.09213871027822335,0.6361611288463487,0.5321605199132899,High,1,Extreme Hotspot
208,46.68605762000004,0.16737378506422676,0.12620179073977011,0.19408173859119415,25.151642425251353,67.29544379097707,0.7199148029818967,0.9531335214082178,0.00020347494889394832,0.6498866851410415,0.5609641551694231,High,1,Extreme Hotspot
170,46.829614460000016,0.1269869770487649,0.1265332824510712,0.5488141775131226,25.128590576429193,67.30016155289468,0.7258785942492012,0.8867732036413369,0.000772292072564136,0.6494659900280519,0.5534536892696325,High,1,Extreme Hotspot
53,42.975796909999985,-0.05157279646452251,0.39350543209490935,1.0118427276611328,25.102229479736785,66.9561239091833,0.5657791977280783,0.5933783083035428,0.001514763127291483,0.31065245463479174,0.37782760704554397,Medium,0,Moderate Zone
45,46.566426920000026,0.046327097384563816,0.27831298193941617,2.0874366760253906,25.072087357737402,66.93757016594027,0.7149449769258079,0.754239450453773,0.0032394891145876986,0.45684283943658466,0.49129234850435305,Medium,0,Moderate Zone
37,42.37935242000003,0.0318264014466546,0.12609107161636354,326.4876403808594,24.921577242109457,67.09191999032495,0.541001064962727,0.73041308641153,0.5234185608402999,0.6500271984406012,0.5868224688450155,High,2,Warm Zone
189,46.106703229999994,0.14402947522247722,0.12049899614248018,0.4338971674442291,25.122895540056273,66.88429383957335,0.6958466453674111,0.9147760503608912,0.0005880214619404702,0.6571240842544211,0.5471268879174674,High,1,Extreme Hotspot
129,49.796455820000006,0.11019105290334699,0.13967918039489186,0.8467245697975159,25.131475126855435,67.15955166620196,0.849130280440184,0.8591755073081273,0.0012499944585248428,0.63278257131113,0.59539745114915,High,1,Extreme Hotspot
129,47.64993926,0.1174106300922377,0.11051750450103298,31.714405059814453,24.98552682095312,67.02451671389741,0.7599574014909469,0.87103812928642,0.05074663841942881,0.6697915646490941,0.5812836525240179,High,1,Extreme Hotspot
97,48.70268942000001,0.1095057154119038,0.15125868851790697,3.1735785007476807,25.10967355504212,67.11820453203035,0.8036918707845223,0.858049416489256,0.004981128730389497,0.6180870531062996,0.5750468535910547,High,1,Extreme Hotspot
18,51.36361799000002,0.12539129888115785,0.1595562909848625,14.480576515197754,24.90347550399334,66.9039321713212,0.914235001774938,0.884151315072784,0.0231120166397964,0.6075565912927077,0.6256060203893835,High,1,Extreme Hotspot
112,47.20217864000006,0.10610837272681398,0.13682868280409577,0.5598455667495728,24.935283789347483,67.44846338127029,0.7413560525381627,0.8524671793374802,0.0007899810189560527,0.6364001290513515,0.5518900189808964,High,1,Extreme Hotspot
57,48.767631800000004,0.08451997422680406,0.1380541162924583,73.83026123046875,25.02396783136202,67.07857654973684,0.8063897763578268,0.8169948789766731,0.11827984807091864,0.6348449351738803,0.6016440914421375,High,1,Extreme Hotspot
60,46.59718910000004,0.07253273615128614,0.11172886253218539,95.46446228027344,24.959752810192093,66.93807585499997,0.7162229321973739,0.7972984244429532,0.15297051253749935,0.6682542338911506,0.5779774114579974,High,1,Extreme Hotspot
70,51.40634324000001,0.1279473413939591,0.13786785308779748,0.4358692765235901,25.14954133091808,66.98253923668244,0.9160099396521119,0.8883511962149186,0.0005911837591848247,0.6350813212350069,0.6268207154798802,High,1,Extreme Hotspot
24,41.671822280000015,0.05333977170821179,0.09494285781334337,16.754684448242188,24.812827990883658,67.1898763330251,0.51160809371672,0.7657621064738963,0.0267585721601236,0.689557300939553,0.46410865668571394,Medium,1,Extreme Hotspot
84,49.97590187000003,0.10769701554703638,0.0942801446903439,48.05921936035156,24.973951626657346,66.96083527758933,0.8565850195243171,0.8550775079954834,0.07695571669152068,0.6903983481291363,0.6282142328077569,High,1,Extreme Hotspot
177,44.92235930000004,0.11264638544082035,0.1511439226440698,0.2137584537267685,24.978763781830235,67.47907518829219,0.6466453674121415,0.8632099100108046,0.0002350267645122497,0.6182327021244056,0.5118449305824865,High,1,Extreme Hotspot
21,42.27339380000001,0.017406350286162147,0.1388300090843127,478.06201171875,24.854185908650994,67.02625410321076,0.5365992190273338,0.70671923130769,0.7664696282548344,0.6338602520140636,0.6390370297736083,High,2,Warm Zone
47,43.519262089999984,0.035951531361508804,0.10130070389354501,66.80545043945312,24.95137400744172,67.13793816905579,0.5883564075257353,0.7371911643392184,0.10701549153048893,0.6814885780005009,0.5089728261438993,High,1,Extreme Hotspot
45,46.70998376,0.12305498100606996,0.15068626798820375,1.7934626340866089,24.866502479306586,67.43969337249844,0.7209087681931126,0.8803124675823878,0.002768098706996249,0.6188135102429679,0.5448651041399458,High,1,Extreme Hotspot
27,41.56586365999999,0.03719690330119788,0.1405693026475168,252.02517700195312,24.894682206611268,67.06228658368995,0.5072062477813267,0.7392374582088425,0.4040172329851161,0.6316529198933833,0.5411030100688128,High,2,Warm Zone
109,48.55571456000001,0.10198436757500787,0.13754338187675388,5.725180625915527,25.056599570195978,67.2414308879419,0.7975860844870427,0.8456909495289414,0.009072649049195594,0.6354931066526757,0.5752548598169924,High,1,Extreme Hotspot
13,42.49556510000002,0.04988599909198402,0.10899334096196459,379.86993408203125,24.86535126796877,67.01282148310104,0.5458288959886407,0.7600871482494266,0.6090176192469674,0.6717258759166858,0.6189442106279492,High,2,Warm Zone
47,44.87450702000001,0.011017738985161315,0.22757819550315864,7.001708030700684,24.88702021365277,67.29654354659336,0.6446574369897051,0.696221984883531,0.011119573905808068,0.5212302011251457,0.46932220622989285,Medium,0,Moderate Zone
2,31.80058052000004,-0.19718181700009113,0.14183342011951702,1.277827501296997,24.765775150535156,67.39390729766993,0.10152644657437132,0.3541254099619528,0.001941272454545077,0.6300486322910541,0.22022443469588854,Low,0,Moderate Zone
52,45.02148188000001,0.0031302981598977523,0.3281144871041812,1.4735658168792725,25.074689228145864,66.90844291343952,0.6507632232871847,0.6832619837036513,0.002255140861956392,0.3936399021440985,0.4420863525147304,Medium,0,Moderate Zone
43,42.82711304000003,-0.1128250905896176,0.4509262709486284,8.002829551696777,24.906747432208554,67.25339645809325,0.5596024139155136,0.4927335210122173,0.01272488258788958,0.23777984435229726,0.34848818323546993,Medium,0,Moderate Zone
97,48.077191760000005,0.0710297654732068,0.1966579362384104,1.8962020874023438,24.979076696873154,67.39022665508254,0.7777067802626902,0.7948288652801327,0.0029328424797961353,0.5604710072194954,0.5431344539609442,High,1,Extreme Hotspot
28,43.42526654000005,-0.00013258176880147745,0.18381982290448057,503.9706726074219,24.924027496326673,67.03595563915006,0.5844515441959547,0.6779006848156391,0.8080144331495571,0.5767638174330363,0.6528220921747243,High,2,Warm Zone
62,47.87552858000004,0.10207264744380352,0.19642947060035243,3.0138614177703857,24.94897391872288,67.2829462549495,0.7693290734824288,0.8458360038284407,0.004725020740896795,0.5607609522592667,0.5479404756043151,High,1,Extreme Hotspot
54,43.879863200000045,-0.050408363781509945,0.36649640758326957,5.885966777801514,25.09980679150136,67.0351959609113,0.603336883209089,0.5952916093703979,0.009330471301707192,0.3449295247131504,0.40194701745725214,Medium,0,Moderate Zone
2,33.097719110000014,-0.3548110133276094,0.46840486775261936,0.6606718897819519,24.75829130417981,67.28281929614259,0.15541356052538194,0.09512193651023859,0.0009516570676191449,0.21559781081518903,0.11979119111663115,Low,3,Cool Zone
3,35.240817650000054,-0.27640041952563277,0.48901230518630984,28.471450805664062,24.85786842981556,66.92185006743223,0.24444444444444632,0.22395984613154143,0.045546527832852866,0.18944497524182025,0.180647381704087,Low,3,Cool Zone
103,45.35644783999999,0.09692839039251998,0.12159379574395204,0.4848902225494385,24.926587791454082,67.42134932587871,0.6646787362442302,0.8373833790885256,0.0006697893516216401,0.6557346774417006,0.5227933841872164,High,1,Extreme Hotspot
10,40.77630104000002,0.05209700427960059,0.07183578285656356,412.08233642578125,24.85526344232192,67.07709425749916,0.474405395811147,0.7637200921250179,0.6606705385665657,0.7188824188185082,0.6132642905485545,High,2,Warm Zone
94,47.10647408,0.10028035698533785,0.1351427202740694,6.242056369781494,24.905253151220904,67.48320019627795,0.7373801916932899,0.8428910579364851,0.009901464634300385,0.6385397789215752,0.5515690573106788,High,1,Extreme Hotspot
144,44.91210524000002,0.11717216787606305,0.20160165518093245,0.6366716027259827,25.07712095022038,67.45344146729235,0.6462193823216188,0.8706463075699158,0.0009131723598435478,0.5541969486888917,0.500152381891874,High,1,Extreme Hotspot
242,45.99219956000002,0.16283276762443244,0.1324826589472158,0.3055025041103363,25.174198254385704,67.3761136167946,0.691089811856585,0.9456720909288808,0.000382139295330214,0.6419156545839486,0.5467654041225884,High,1,Extreme Hotspot
25,45.51025874000004,0.06562610997284896,0.17014940376713616,22.214508056640625,24.8328620924343,67.42927437117822,0.6710685126020599,0.7859500181088185,0.03551345561570544,0.5941129043861527,0.5140208525383037,High,1,Extreme Hotspot
86,48.224166620000005,0.10174354009269256,0.12727290835165433,73.3555908203125,24.962132521993215,67.02651120847312,0.7838125665601698,0.8452952413995114,0.11751870917362188,0.6485273330685926,0.5994044567411186,High,1,Extreme Hotspot
0,30.751248379999993,-0.14524559097716788,-0.0010264613743917051,0.6820623874664307,24.75248662576955,67.38789883069414,0.057933972310968626,0.43946279194010407,0.000985956951226454,0.8113516692534737,0.2516098308039044,Medium,0,Moderate Zone
298,46.90481090000003,0.16573218897618738,0.12623753281375663,0.115720734000206,25.166590957836434,67.48769924838128,0.7290024849130285,0.9504361842478892,7.782227000499517e-05,0.6498413249846888,0.5641541421668339,High,1,Extreme Hotspot
6,43.934551520000014,0.14549777316411608,0.11586415737891301,28.412776947021484,24.75740905365576,67.08603039747713,0.6056088036918708,0.9171886381035597,0.045452443695498154,0.6630061438983087,0.5237861568958185,High,1,Extreme Hotspot
45,43.42526654000005,0.08000594865480849,0.13121244466368706,17.50830078125,24.84884511991199,67.26621020932971,0.5844515441959547,0.8095777993389169,0.027967003721091507,0.6435276796310688,0.4909145744357061,Medium,1,Extreme Hotspot
102,48.46342802000004,0.10944876697876836,0.13927456769295646,4.114195346832275,25.056984176183715,67.22996114986755,0.7937522186723472,0.857955843456256,0.006489417542350439,0.6332960640488207,0.574475831182729,High,1,Extreme Hotspot
38,47.239776860000006,0.07638236511388054,0.15372432525582427,16.43002700805664,24.913941846753765,67.23900624694252,0.7429179978700741,0.8036238216158258,0.026237980607048544,0.6149579210927779,0.5472618517607213,High,1,Extreme Hotspot
91,48.54546049999999,0.10733354644115214,0.1379843209722127,4.416368007659912,25.039308552604137,67.2149625109617,0.7971600993965199,0.8544802851261819,0.006973954519871043,0.6349335122005022,0.5757662735976035,High,1,Extreme Hotspot
197,47.868692539999984,0.12683096504901903,0.12889014731968118,0.36611655354499817,25.15445815317784,67.32101259324224,0.7690450834220788,0.8865168574137615,0.0004793345486265022,0.6464749000598915,0.5700103756300307,High,1,Extreme Hotspot
38,41.326602260000016,0.006834500885004898,0.15864278099375287,318.004638671875,24.90651685058784,67.08344057857009,0.4972665956691517,0.6893484283124194,0.5098159801266264,0.6087159240175548,0.5515060823496912,High,2,Warm Zone
8,44.86937999000003,0.025699946157987874,0.11595970497300534,217.62966918945312,24.850299042830812,66.98950691081616,0.6444444444444449,0.7203465934224117,0.34886368153506775,0.6628848847400185,0.5856226641229104,High,2,Warm Zone
100,48.29252702000002,0.11402789658777687,0.11423149621594156,7.587343215942383,25.083968715570368,67.16984714124658,0.7866524671636494,0.8654798967519064,0.012058645964178676,0.6650781491672613,0.5805132627027426,High,1,Extreme Hotspot
57,45.758065190000025,0.10370311114439539,0.1259993542551803,2.960662364959717,24.878448498543023,67.38188996882091,0.6813631522896703,0.8485150491552518,0.004639715511147556,0.650143596662067,0.5310111664993562,High,1,Extreme Hotspot
112,49.97419286000002,0.11880080286165792,0.13491007768436725,12.43168830871582,25.07073747415337,67.25608600745035,0.8565140220092295,0.8733223481009961,0.019826603273387807,0.638835024917853,0.6063276168207589,High,1,Extreme Hotspot
86,49.270080740000026,0.09459121259747927,0.10873109597381525,34.19687271118164,25.039767599274747,67.15501072740022,0.8272630457933975,0.8335431186476108,0.05472730089660854,0.6720586902259409,0.604030249383841,High,1,Extreme Hotspot
85,47.45853013999999,0.08006620020646599,0.18012772272648922,9.165566444396973,25.017780211193884,67.24412597988444,0.7520056798012059,0.8096767997875883,0.014589343185011622,0.581449450432584,0.5421910177713903,High,1,Extreme Hotspot
81,50.180983070000025,0.1263272295402175,0.14314475735319268,0.5450121164321899,25.125277683129163,66.9561878640798,0.8651047213347535,0.8856891602008068,0.000766195428415529,0.6283844182341676,0.6047636950679598,High,1,Extreme Hotspot
19,45.99903560000001,0.07259000630661101,0.21319766607680898,5.062394142150879,24.805082486536772,67.39233356672018,0.6913738019169328,0.797392526103685,0.008009864088090138,0.5394804868656935,0.5060569630774872,High,1,Extreme Hotspot
128,47.398714789999985,0.16369671083059018,0.18250710918705218,0.12155264616012573,25.150565373418214,66.85347843296421,0.7495207667731616,0.9470916521299347,8.717380128976956e-05,0.578429778381227,0.5575798036553228,High,1,Extreme Hotspot
71,50.876550140000006,0.10686774735559729,0.15188334285909744,2.1193344593048096,24.998482790586895,67.26903273820801,0.8940007099751502,0.8537149219580624,0.003290637538993416,0.6172943061998534,0.6099390429084885,High,1,Extreme Hotspot
168,48.76079576000001,0.11145004902494828,0.15617732139613805,1.2539170980453491,25.035653424760067,67.46226809170723,0.8061057862974791,0.8612441873252444,0.001902931876376555,0.6118448312228627,0.574473641831445,High,1,Extreme Hotspot
115,50.652669830000036,0.11376675161605841,0.14895293229854756,3.130826711654663,25.151813332005744,67.08785612827059,0.8847000354987582,0.8650508045765647,0.004912575795739511,0.6210132812446219,0.6090684350838472,High,1,Extreme Hotspot
147,49.31109698,0.12749052302927208,0.15878030950699432,2.5161924362182617,25.135038402133244,67.23858601790714,0.8289669861554838,0.887600589436815,0.003927003397214693,0.608541387003672,0.5874169111277538,High,1,Extreme Hotspot
92,51.48324868999998,0.156130393096836,0.10033254156769592,0.2058359682559967,25.167284634548466,66.96463356998373,0.9192048278310243,0.9346592942930667,0.00022232297736636913,0.6827172698355597,0.6444798599878233,High,1,Extreme Hotspot
67,44.58055730000001,0.047633932315292615,0.2009883332452038,42.35175704956055,24.87217894830347,67.34924395071545,0.6324458643947459,0.7563867353107199,0.0678037420231012,0.5549753136743618,0.49438235429515404,Medium,0,Moderate Zone
96,50.00666405000004,0.12540979237186492,0.13532320879852788,3.055402994155884,25.122404984828602,67.08833673231646,0.857862974795883,0.8841817020724072,0.004791633086991044,0.6383107214893626,0.6046324977988347,High,1,Extreme Hotspot
45,42.669884120000006,-0.07427086976855687,0.4064284758739207,0.971360981464386,25.083446068046676,66.96447016903872,0.5530706425275113,0.556082680568491,0.0014498502298334417,0.294251859454171,0.36385349354457075,Medium,0,Moderate Zone
63,45.61621736000001,0.07287762944909576,0.107026401598822,73.11338806152344,25.032099598277835,67.10278490135742,0.6754703585374509,0.7978651250554292,0.11713033455240575,0.6742221126230972,0.5539949183360156,High,1,Extreme Hotspot
54,40.48064231000001,-0.1192903168510278,0.4852068526655948,0.8622052669525146,25.11067060163907,66.99141566876087,0.46212282570110025,0.4821103871171665,0.0012748179160436339,0.1942744633514779,0.2963392854973216,Medium,3,Cool Zone
150,45.88453192999998,0.12243112830338192,0.12066757266745542,0.3376929461956024,25.105011549392888,66.87944790290324,0.6866169684061043,0.8792874035670722,0.0004337570011488879,0.6569101443041778,0.5380303660086253,High,1,Extreme Hotspot
107,49.290588860000014,0.10000839231264154,0.13466361527368492,6.102329730987549,25.079911564360476,67.21402932669926,0.8281150159744407,0.8424441877085983,0.00967741152818914,0.639147809606504,0.5878615493494141,High,1,Extreme Hotspot
230,45.52393082000003,0.16496914089573908,0.13563057422045074,0.1375640332698822,25.174435461302178,67.46179037359083,0.6716364927227554,0.9491824057103386,0.000112848225623277,0.6379206449761448,0.5386442989972877,High,1,Extreme Hotspot
0,30.101824580000027,-0.12320257258226577,-0.03596659740463426,1.0945812463760376,24.78978217494149,67.23863897030446,0.030954916577920738,0.4756820867322769,0.0016474351952173094,0.8556940886081553,0.25528495616144525,Medium,0,Moderate Zone
379,42.33150014,0.16891816296945197,0.17599703583939638,0.33281487226486206,25.155191570739746,66.89128341005926,0.5390131345402907,0.9556711175585166,0.0004259349593002006,0.5866916924780018,0.47640074368531915,Medium,1,Extreme Hotspot
30,42.39986054000002,0.035360572080843346,0.10140969247429302,290.0323486328125,24.92064084477265,67.0785729230475,0.5418530351437703,0.7362201481193371,0.4649621246099349,0.6813502609273155,0.5796848196133555,High,2,Warm Zone
34,45.59570924000002,0.01574159255851986,0.12325748689267225,20.234695434570312,24.843022976162136,67.41433338869722,0.6746183883564076,0.7039838368251917,0.03233880566118064,0.6536232921131097,0.5142542907042589,High,1,Extreme Hotspot
15,51.13461065000001,0.1379818072417088,0.15770309454770182,7.157717704772949,24.892833708359856,66.86515626188246,0.9047213347532833,0.9048390142673542,0.01136973702689224,0.6099084772009953,0.6224385157383385,High,1,Extreme Hotspot
24,42.42207767000002,0.012642504453609505,0.15549382189148153,217.74966430664062,24.861113290819326,67.0527614148029,0.5427760028399009,0.698891667338792,0.3490560949428195,0.6127122583455837,0.5317506266416008,High,2,Warm Zone
46,47.128691210000056,0.009052675789342322,0.30154359947917186,1.2906688451766968,25.087726992974687,66.98093264299467,0.7383031593894229,0.6929931528833237,0.001961863681870972,0.42736093404490394,0.48523288941771625,Medium,0,Moderate Zone
52,45.464115470000024,0.05343013513535998,0.12251164259215412,30.50515365600586,24.958158122340397,67.15502951092948,0.6691515796947111,0.7659105843069988,0.048807591324105434,0.6545698408248333,0.5256630855199274,High,1,Extreme Hotspot
190,45.05908010000002,0.15011120744901407,0.11805862637567012,0.12624800205230713,25.123748211205548,67.44874550924513,0.6523251686190984,0.9247690580522032,9.470285287951238e-05,0.6602211500324913,0.531713331875188,High,1,Extreme Hotspot
5,42.69893729,3.9478737111029445e-05,0.05912584674568351,18.898902893066406,24.76577503566471,67.3301616889373,0.5542776002839896,0.678183400643122,0.030196848546721295,0.7350125597118362,0.4779902742891118,Medium,1,Extreme Hotspot
7,44.90526920000002,0.08501508363848041,0.15815518803580494,323.024169921875,24.842139591015584,67.08457435233883,0.6459353922612711,0.8178084024885001,0.5178648502453979,0.6093347267433658,0.632378575187806,High,2,Warm Zone
155,45.917003120000004,0.13772115663948187,0.139571686752629,0.20244398713111877,25.107567273920942,67.42820655974884,0.6879659211927577,0.9044107343997478,0.00021688390065587615,0.632918991162474,0.537485997844724,High,1,Extreme Hotspot
25,48.31816217000005,0.09513433648855864,0.12965589519650658,122.8313980102539,24.999176649077626,66.89746289860676,0.7877174298899552,0.8344355356463747,0.19685367617740657,0.6455030917805888,0.6185663397034077,High,1,Extreme Hotspot
109,47.61063203000003,0.09663350292342167,0.16040909229424077,1.6972156763076782,24.99758955364226,67.39705392512268,0.7583244586439482,0.8368988439861887,0.002613765717737642,0.6064743037694438,0.5508129122388308,High,1,Extreme Hotspot
8,41.98628012000006,0.03243574299632117,0.23990103744360586,472.943359375,24.811138723283463,67.02814027570493,0.5246716364927247,0.7314143068805742,0.7582618164401379,0.5055913202549679,0.610264518790204,High,2,Warm Zone
264,44.73778622000003,0.15901612816225252,0.13588271959719275,0.14686298370361328,25.173962316632696,67.3927131149424,0.6389776357827482,0.9394008994196408,0.00012775918853081834,0.6376006480527167,0.5240532586337215,High,1,Extreme Hotspot
71,46.53395573,0.08958652875552241,0.2007460654341746,2.8752403259277344,24.952268239011904,67.33205387185458,0.7135960241391546,0.8253198292520268,0.004502740390721909,0.5552827750094722,0.5214186241430407,High,1,Extreme Hotspot
15,42.24263162,0.0013433415184120532,0.19505632872908704,350.22027587890625,24.83834490935493,67.06110093157277,0.5353212637557678,0.6803258019058913,0.5614740865828528,0.5625036023919513,0.5690466179122943,High,2,Warm Zone
1,32.12871044000002,-0.34160538741388663,0.4999740372133275,1.076350450515747,24.764293460654308,67.27090529133123,0.11515796947106913,0.11682034683297815,0.0016182019260666664,0.17553347478358095,0.09909748525160723,Low,3,Cool Zone
42,44.17039490000002,0.026908650373925282,0.14281023845027846,66.90000915527344,24.939351891363913,67.1547865306772,0.6154064607738731,0.7223326378710115,0.10716711740635843,0.6288089551467386,0.5070660503711384,High,1,Extreme Hotspot
284,45.14794862000002,0.17589027289642345,0.11984232889700464,0.30389660596847534,25.17256157610956,67.35169141867124,0.6560170394036211,0.9671271214616308,0.00037956422110036126,0.6579574586394024,0.5391622667638487,High,1,Extreme Hotspot
122,47.31155527999999,0.12303800116363446,0.12541212594065387,0.8216429352760315,24.960332376620574,67.44041240352851,0.7458998935037263,0.8802845676864807,0.00120977579893787,0.6508888463129882,0.5608828557667948,High,1,Extreme Hotspot
88,48.890680520000046,0.0848958552788664,0.1971648537409966,1.1202468872070312,24.951474794016157,67.39111618491,0.8115015974440906,0.8176124961463157,0.0016885903149436196,0.5598276797734187,0.5596301969330033,High,1,Extreme Hotspot
44,51.69516593000003,0.15321740212471419,0.16748694523970362,7.215109348297119,24.934461894752687,66.88145564949353,0.9280085197018108,0.9298729044776584,0.011461765119082893,0.5974918223284205,0.6330481492978279,High,1,Extreme Hotspot
240,45.37524695000002,0.1583427690114458,0.13646236137846446,0.21538734436035156,25.159419130039446,67.36434192331396,0.6654597089101882,0.938294490435755,0.00023763870743966816,0.6368650264478553,0.5343604720958695,High,1,Extreme Hotspot
49,45.404300120000016,0.06391097402079393,0.1215636611271073,18.86576271057129,24.870329445427156,67.29772190359769,0.6666666666666666,0.7831318462258561,0.03014370792236208,0.655772921191412,0.522826954819418,High,1,Extreme Hotspot
71,44.785638500000005,0.029988595427309406,0.15288822334675897,59.47249984741211,25.024006012236935,67.13042880220699,0.6409655662051823,0.727393353052287,0.09525702964170077,0.6160190154583789,0.512513289942017,High,1,Extreme Hotspot
29,43.53464317999999,0.04374731550563955,0.11463220159839775,500.4169006347656,24.91784788798582,67.0339501795352,0.5889953851615183,0.7500005627162446,0.8023159231463292,0.6645696151967246,0.6815911422979711,High,2,Warm Zone
209,47.41067786000002,0.15993793606592757,0.10108868885945815,0.22680698335170746,25.14136444666382,67.30087930313107,0.7500177493787719,0.9409155391847956,0.0002559502163170522,0.6817576456292829,0.5775599473091639,High,1,Extreme Hotspot
2,33.201968720000025,-0.2728578310624721,0.45983362175009906,9.87368392944336,24.784197605579973,67.3234641084032,0.15974440894568767,0.2297807393311879,0.01572481687410748,0.22647555279956255,0.14759118925639264,Low,3,Cool Zone
12,42.14009102,0.06729978997351843,0.0705815871742756,187.82460021972656,24.83760451233616,67.13738154242225,0.5310614128505496,0.788700072944595,0.3010709461041739,0.7204741147079778,0.5500921355495482,High,2,Warm Zone
56,39.525305720000006,-0.17616884300993424,0.5252905885800359,1.4179975986480713,25.095196191988787,66.94267108721898,0.4224352147674829,0.3886522195746403,0.0021660366510254446,0.14340431717683177,0.2564942914413119,Medium,3,Cool Zone
31,42.13667300000003,0.00813117923421927,0.27005319608833545,23.169708251953125,24.887898196970134,67.21181636048547,0.530919417820377,0.6914790247007835,0.03704512897853098,0.4673253082990835,0.41881596473771776,Medium,0,Moderate Zone
77,47.511509450000005,0.10434440402227309,0.1250397025995697,2.3916261196136475,24.992148840265795,67.25012453621547,0.7542066027689026,0.8495687694478115,0.0037272600240612136,0.6513614876316576,0.5603220690570796,High,1,Extreme Hotspot
359,43.261201580000034,0.1626514976387834,0.18155262046569876,0.26392677426338196,25.128431539007416,66.87900904036525,0.5776357827476046,0.9453742428334169,0.0003154721838083434,0.5796411170868043,0.4888675409873673,Medium,1,Extreme Hotspot
30,42.423786680000035,-0.03610400521870392,0.3231216116609021,22.086191177368164,24.882345483459098,67.22974755544007,0.5428470003549885,0.6187953678084452,0.035307698176639764,0.39997634503888135,0.3987802988651984,Medium,0,Moderate Zone
158,46.00245361999998,0.0948868986658785,0.10975897522332725,0.8122402429580688,25.05327584753506,67.32961819445146,0.6915157969471054,0.834028965943359,0.0011946984848492186,0.6707542118264181,0.5361601806568419,High,1,Extreme Hotspot
156,46.75783604000003,0.10983760752972842,0.10608523351754669,1.7404640913009644,25.07467083279823,67.31191291281549,0.722896698615549,0.8585947546203292,0.0026831149971397153,0.6754165461452515,0.5537019806176042,High,1,Extreme Hotspot
37,48.36430544000001,0.05138623544603028,0.27899558740113406,1.1082627773284912,25.058815259358216,66.94179677113908,0.7896343627973017,0.7625522145934125,0.0016693736711780379,0.455976546941012,0.5218492301139296,High,1,Extreme Hotspot
50,46.4604683,0.04566917321431909,0.1645142098759782,25.35352325439453,24.97118964009066,67.11004132066941,0.7105431309904148,0.7531584029744268,0.04054689885357168,0.6012645116509436,0.5275806398859116,High,1,Extreme Hotspot
63,46.27931324000002,0.10531375236264211,0.12729251745218545,20.20935821533203,24.97506803824218,67.20988824109791,0.7030173943911965,0.8511615237914838,0.0322981771688648,0.6485024472193169,0.5466562200612808,High,1,Extreme Hotspot
50,44.358385999999996,0.05265761071169921,0.08452982810920119,41.287479400634766,24.960266170874853,67.15055067911223,0.623216187433439,0.764641235013111,0.06609716183864373,0.702772444964584,0.5210614396779201,High,1,Extreme Hotspot
288,44.64891770000003,0.16414152873606314,0.1223695539865679,0.3667762279510498,25.15312066294803,66.90094722998819,0.6352857649982255,0.9478225407296054,0.00048039234333890435,0.6547501650379095,0.5273578182021477,High,1,Extreme Hotspot
111,44.87792504000004,0.11499933400047133,0.12799550755488237,0.8295419812202454,24.92534752399751,67.46039716588403,0.6447994320198802,0.8670760836892935,0.001222442000561216,0.6476102846384673,0.5178088527891799,High,1,Extreme Hotspot
85,49.287170840000044,0.09329729441840658,0.14273488137939705,7.124866485595703,25.038198860821076,67.19784149283905,0.827973020944268,0.8314170575463042,0.011317059758192907,0.6289045905740156,0.5845119500640041,High,1,Extreme Hotspot
147,46.52882870000002,0.1205983735484087,0.14077952297847582,0.43133899569511414,24.960424303128075,67.46679565966801,0.7133830315938943,0.8762759700345627,0.0005839194071619216,0.6313861299168304,0.5432178139778987,High,1,Extreme Hotspot
60,49.955393749999985,0.1175198548056997,0.11673249989819608,6.158755302429199,24.977214548803314,67.18313598359707,0.8557330493432715,0.8712175984509689,0.009767890513833727,0.6619041330732729,0.607798658748067,High,1,Extreme Hotspot
104,46.29811235,0.1160475482912334,0.12724609013938692,0.8090239763259888,24.917233295040234,67.35244972583915,0.7037983670571522,0.8687984241474977,0.0011895411681398245,0.6485613679794378,0.541848769332908,High,1,Extreme Hotspot
71,43.295381780000014,0.022922884676792765,0.19213670902039906,77.43541717529297,25.00744591973355,67.16349028632823,0.5790557330493432,0.7157835518896489,0.12406075280336887,0.5662088827997545,0.48324679076397775,Medium,0,Moderate Zone
226,45.0932603,0.10617541736351936,0.17676619550609998,0.17137905955314636,25.163232824958374,67.40510472069606,0.653745118920837,0.8525773416309358,0.00016707096895550257,0.5857155543066404,0.506569527416542,High,1,Extreme Hotspot
113,49.35894926000003,0.10075966167776446,0.14989310834407676,5.439145565032959,25.068138296420777,67.27421157834888,0.8309549165779203,0.8436786124192364,0.008613988879591375,0.6198201067119871,0.5850512770563489,High,1,Extreme Hotspot
23,43.25436553999998,0.0042425386300784474,0.3217004868803712,8.819131851196289,24.819235927766012,67.35220278716194,0.5773517926872546,0.6850895267718264,0.014033831742519513,0.40177989013438664,0.417568582053183,Medium,0,Moderate Zone
201,45.703376870000056,0.13303102524624055,0.10240708591167288,0.4562341272830963,25.148637024924753,67.3686189778525,0.6790912318068885,0.8967042920014092,0.00062383900737188,0.6800844719783652,0.5423149906704828,High,1,Extreme Hotspot
4,32.83624057999998,-0.268723864303198,-0.041390053924505614,0.49605852365493774,24.751642097107286,67.22474226781023,0.14455094071707383,0.23657333724281596,0.0006876978376073574,0.8625769806251715,0.2659936974576881,Medium,0,Moderate Zone
215,45.645270530000005,0.15132742402708008,0.13418718735651633,0.3413734436035156,25.195499378142493,67.16047626624879,0.6766773162939292,0.9267674462031785,0.00043965871669429234,0.6397524428133432,0.5377464466898907,High,1,Extreme Hotspot
15,45.52734884000006,0.10276557569758081,0.09881209957821542,219.4146728515625,24.795369305368702,67.13329154454271,0.6717784877529304,0.8469745671705277,0.35172595331350315,0.6846468580959962,0.6206184401243262,High,2,Warm Zone
69,43.47482782999998,0.009122776849319265,0.2632247191780978,3.6624763011932373,24.89463376899907,67.3391050193634,0.586510472133474,0.6931083372428821,0.00576508139472231,0.47599130737949447,0.4352099712644014,Medium,0,Moderate Zone
105,47.899454719999994,0.08133394785356854,0.17957323774580258,4.322943687438965,25.05020404218965,67.2615973592887,0.7703230386936447,0.8117598595995382,0.0068241476590425705,0.5821531456190652,0.5480298604559622,High,1,Extreme Hotspot
249,45.011227820000045,0.16062474361878643,0.1406701112414613,0.13429397344589233,25.175565672337846,67.4039388997759,0.6503372381966643,0.9420440454890066,0.00010760465097596166,0.6315249840163342,0.5277734000680275,High,1,Extreme Hotspot
179,47.94730700000002,0.13306314272050745,0.12506725186016973,0.5322279334068298,25.179707711772767,67.18235761658079,0.7723109691160811,0.8967570648226089,0.0007456958591089875,0.6513265249496183,0.5738896763245247,High,1,Extreme Hotspot
2,32.32695560000002,-0.3214426543488058,0.52033831023113,1.3657472133636475,24.76431248264014,67.38900687859397,0.12339368122115782,0.1499501097183072,0.002082252619436819,0.1496892384237961,0.10230839978582765,Low,3,Cool Zone
194,49.02227429000004,0.13564283735999028,0.11996211085911958,0.4325760006904602,25.184896645261812,67.23408020058847,0.8169684061057872,0.9009958092153832,0.0005859029574274592,0.6578054437190646,0.5936442983077923,High,1,Extreme Hotspot
5,32.59014314000001,-0.33566991649183436,0.4569800314112632,0.6258765459060669,24.77158360715419,67.19576016425974,0.13432729854455108,0.12657302984602228,0.0008958623749185093,0.23009703553682515,0.11896024659581844,Low,3,Cool Zone
141,49.59479264000004,0.12611071575469912,0.18192815767165868,1.8114091157913208,25.12184168415737,67.26236012452922,0.8407525736599226,0.8853334023602167,0.002796876075466688,0.5791645239717819,0.5856331636312246,High,1,Extreme Hotspot
37,48.47368208,0.01969934607885633,0.14777205817868722,11.156614303588867,25.049418893914858,66.88708212529887,0.7941782037628676,0.7104868954762237,0.017782008958114135,0.6225119249643434,0.5531922030589779,High,1,Extreme Hotspot
4,48.53349743000001,0.12922799797516282,0.10272884887159987,367.082275390625,24.836016247034635,67.03968417848132,0.7966631167909121,0.8904554669373386,0.5885124766740812,0.679676123593873,0.7352969106442606,High,2,Warm Zone
110,50.370683180000015,0.10439572594739287,0.18000649572364866,4.0293145179748535,25.083144160366626,67.2188425551997,0.8729854455094069,0.8496530974605142,0.006353310258020442,0.5816032992496697,0.594551130237279,High,1,Extreme Hotspot
99,50.11774969999999,0.12395259633783705,0.11176820636404965,4.04512882232666,25.09581160232849,67.14119061262237,0.862477813276534,0.8817873560812679,0.006378668658119338,0.6682043027549343,0.6124947564383205,High,1,Extreme Hotspot
59,48.75395972000001,0.07510348263212725,0.21099407270717646,6.66459846496582,24.973738970277434,67.18560580270511,0.8058217962371313,0.8015224659493132,0.010579015241013352,0.5422770604451113,0.5536572542865251,High,1,Extreme Hotspot
36,52.30870052,0.1517505937270473,0.1788826131926807,9.982988357543945,24.925747907197863,66.87707974026529,0.9534966276180326,0.9274627642324813,0.015900087651670267,0.5830296151189167,0.6410990106187862,High,1,Extreme Hotspot
121,49.62555482000005,0.10203613741139153,0.17887706625016264,8.652806282043457,25.113788268807326,67.17586913288413,0.8420305289314886,0.8457760135129988,0.013767126977300275,0.5830366547266348,0.5837277262891973,High,1,Extreme Hotspot
298,45.75977420000004,0.16943247137762615,0.12253577546898035,0.11286760866641998,25.16185608609231,67.47492755087501,0.6814341498047577,0.9565161872996942,7.324725411198324e-05,0.6545392138649515,0.5469772426033755,High,1,Extreme Hotspot
182,47.77982401999998,0.12935027913053807,0.13249889434581,0.3559013605117798,25.1781300033233,67.225426557124,0.7653532126375561,0.8906563893851955,0.00046295438126275613,0.6418950502894424,0.568234492116006,High,1,Extreme Hotspot
135,42.94332572000002,0.02308753273232453,0.3039348566183926,1.1513845920562744,25.06649443959993,67.44822156256964,0.5644302449414272,0.7160540881816134,0.0017385199457489258,0.4243261969517105,0.4184800805805923,Medium,0,Moderate Zone
11,42.686974220000025,-0.0005575602515055416,0.19173305198034754,182.93862915039062,24.840947209561683,67.00384443977524,0.5537806176783817,0.6772023947416741,0.29323624111231644,0.5667211627098825,0.5097458991026594,High,2,Warm Zone
4,43.25778356000001,0.049635926683166444,0.11728799836382546,201.5724334716797,24.82485455864949,67.1162439561204,0.5774937877174295,0.7596762496087737,0.32311573848583264,0.6611991516761627,0.5579677174849786,High,2,Warm Zone
127,49.75543958000003,0.13602791931995126,0.14120622318970488,0.6681642532348633,25.14134611248702,67.14548556525418,0.8474263400780977,0.90162854456846,0.0009636711496741403,0.6308446059889135,0.6006246567017094,High,1,Extreme Hotspot
9,41.53510147999998,0.05072310966997558,0.07589080382024291,254.08267211914062,24.850407170604846,67.08740685078956,0.5059282925097608,0.7614626202585111,0.4073164476215921,0.7137362041641675,0.5611670627809124,High,2,Warm Zone
6,32.316701540000054,-0.21755809200389906,0.41532950765744353,3.123265504837036,24.792401303228523,67.27087262704264,0.12296769613063742,0.32064477233294353,0.0049004513226393095,0.28295558734771176,0.15510002460239866,Low,3,Cool Zone
200,46.176772640000024,0.11803153322698784,0.1323908440980638,0.2801814675331116,25.13971116082577,67.39187996552974,0.6987575434859783,0.8720583468116252,0.00034153675207824346,0.6420321765270962,0.5388035889095739,High,1,Extreme Hotspot
68,43.97556775999999,0.034891857011801676,0.1501181266502989,68.48595428466797,25.012228882125044,67.14655297117163,0.6073127440539571,0.7354499936443456,0.10971019677497372,0.6195345366704639,0.5045770531960709,High,1,Extreme Hotspot
242,47.477329250000025,0.1556824055688214,0.10944341681591759,0.19002918899059296,25.199913052095674,67.47394686069534,0.7527866524671639,0.9339231976274609,0.00019697664382111544,0.6711546860323612,0.5754833219984121,High,1,Extreme Hotspot
99,50.91927539000005,0.11787982745151329,0.13909698585915292,2.925002098083496,25.198436020875008,67.10283794807951,0.8957756478523264,0.8718090762214933,0.004582533905497142,0.6335214326088479,0.6169315405722985,High,1,Extreme Hotspot
81,50.36384714000002,0.11883755192508941,0.11516182452682226,0.25266796350479126,25.178914145398164,66.97950777825626,0.8727014554490592,0.873382731172766,0.0002974185646605947,0.6638974723644321,0.6129418409695901,High,1,Extreme Hotspot
31,43.75681448,0.06494575238243117,0.13272954697213363,22.511951446533203,24.863657561685645,67.24041859455681,0.5982250621228252,0.7848321098582345,0.03599040915851533,0.6416023297495781,0.4943329095674097,Medium,1,Extreme Hotspot
208,44.22166520000002,0.14372620368939396,0.12252105406139643,0.44482922554016113,25.116567735858204,67.40428185111415,0.6175363862264822,0.9142777392465948,0.0006055511298243031,0.6545578967581152,0.5152191825116612,High,1,Extreme Hotspot
75,46.566426920000026,0.07117814105713742,0.22591601312397985,2.242370843887329,24.90080420259633,67.44417356955934,0.7149449769258079,0.795072663970406,0.0034879276503734205,0.523339671678944,0.5107788066142662,High,1,Extreme Hotspot
241,46.41261602000003,0.1596853423104669,0.12171165759511376,0.4931616485118866,25.14665345852163,67.27768334541273,0.7085552005679806,0.9405004976724314,0.0006830526684440583,0.6555850993282779,0.5557849379108235,High,1,Extreme Hotspot
191,46.39210790000004,0.1343224215425003,0.11847813518455867,0.381361722946167,25.139050794984975,67.31724735092241,0.7077032303869375,0.8988262093500137,0.0005037803349633591,0.659688752691204,0.5499689191792587,High,1,Extreme Hotspot
91,52.05405803000002,0.1878420230098529,0.11685343351809531,1.3014600276947021,25.066577316926132,66.85745698559896,0.9429179978700746,0.9867652650627267,0.001979167454312947,0.6617506565875773,0.6580269120885326,High,1,Extreme Hotspot
204,47.88407362999999,0.13882688987398928,0.15435804527742752,0.1523933857679367,25.193338871688265,67.45381966133472,0.7696840610578618,0.9062275853075794,0.00013662724526825268,0.6141536689591551,0.5666726528224297,High,1,Extreme Hotspot
4,45.10693237999999,0.09106925563443898,0.09724863242702517,13.467277526855469,24.786784004881326,67.38037634234118,0.6543130990415325,0.8277561254507443,0.0214871812632561,0.6866310494570528,0.5285866636414491,High,1,Extreme Hotspot
145,46.23658799000003,0.11414948272221821,0.1597280127517057,0.9569160342216492,25.08914426477238,67.386819577852,0.7012424565140226,0.8656796771978997,0.0014266876079792009,0.6073386597256668,0.5321733380324222,High,1,Extreme Hotspot
115,49.01714726,0.09017831281385374,0.19325263355585523,8.118452072143555,25.068023356031933,67.27079951840305,0.8167554135605246,0.8262922006794793,0.012910284491679124,0.564792666398177,0.5668320999286869,High,1,Extreme Hotspot
100,47.171416460000046,0.08524347663850307,0.22961105264336423,24.61826515197754,25.072886613664696,67.18861274159292,0.7400780972665968,0.8181836792880786,0.03936790490465888,0.5186503083702597,0.5323308287000672,High,1,Extreme Hotspot
65,48.630911000000026,0.11534316674710589,0.15249025645442596,1.2201752662658691,24.891473392132724,67.47301950553931,0.8007099751508701,0.8676410416903466,0.0018488265011858997,0.6165240740195086,0.5741971677430983,High,1,Extreme Hotspot
62,48.81890210000006,0.06356703895779046,0.1578735528698987,11.337007522583008,24.987809723276914,67.17271249893896,0.8085197018104383,0.7825667201068683,0.018071271344913886,0.6096921490676758,0.5672491363899692,High,1,Extreme Hotspot
190,45.69483181999999,0.14442378617680704,0.11822323361955281,0.16937318444252014,25.109757664992898,67.42964228364107,0.6787362442314508,0.915423950046805,0.00016385452753183246,0.660012247484695,0.540851503328423,High,1,Extreme Hotspot
113,46.750999999999976,0.0914510708272459,0.12396613837232395,1.874674677848816,25.017294232281547,67.28803054624017,0.7226127085551989,0.8283834931177606,0.002898323056595026,0.6527239446961497,0.5445719770931223,High,1,Extreme Hotspot
11,43.84568300000001,0.036313889709566075,0.08928026948150941,319.15643310546875,24.86765764681201,67.02477371754472,0.6019169329073479,0.7377865621016104,0.511662894377737,0.6967436744048932,0.6186992159535937,High,2,Warm Zone
-1,33.495918440000025,-0.3647070837730198,0.44922506890786684,0.5322505831718445,24.75933374511549,67.43209345564287,0.17195598154064684,0.07886151852549822,0.0007457321782407438,0.23993883463880328,0.12878582036740432,Low,3,Cool Zone
145,48.84624626000004,0.09839804830317417,0.18359269899407207,1.419663906097412,25.161454133911857,67.15582348533964,0.8096556620518293,0.8397982014216568,0.0021687085922027574,0.5770520596903673,0.5657845841201045,High,1,Extreme Hotspot
71,48.14213414000005,0.11288947009324546,0.18006873177119032,1.1501258611679077,24.891840037927516,67.48912367519716,0.7804046858359972,0.863609326938555,0.001736501557789901,0.5815243156728261,0.5584422618991949,High,1,Extreme Hotspot
7,31.708293980000008,-0.27606415299497894,0.4875412998802361,2.3947486877441406,24.797807646236844,67.26395588658586,0.0976925807596735,0.2245123719419499,0.0037322670942571317,0.19131182355913734,0.11194931958055365,Low,3,Cool Zone
74,49.027401320000024,0.08619041555548786,0.08913688917579209,43.963932037353516,24.971558692261716,66.94777562122431,0.8171813986510474,0.8197396122900845,0.07038888124013018,0.6969256379106396,0.6068158491960921,High,1,Extreme Hotspot
62,45.38721002,0.05161048027981566,0.23639875184166528,3.1363933086395264,24.951852815531186,67.26854064087159,0.6659566915157962,0.7629206754636522,0.0049215018914052595,0.5100360601588622,0.4840583654304901,Medium,0,Moderate Zone
17,43.67478200000005,0.05106902871105682,0.09401520220135119,271.5833435058594,24.86042079402301,67.04812477920315,0.5948171813986525,0.7620310062888945,0.43537895465011167,0.6907345858284291,0.5992231793310089,High,2,Warm Zone
37,44.51903293999999,0.062075167100940395,0.1933353753017909,4.263137340545654,24.85763872494091,67.43727957509267,0.6298899538516141,0.780115397624286,0.006728247565100045,0.564687659102463,0.4835928848960561,Medium,1,Extreme Hotspot
186,45.51709477999998,0.05664794007490642,0.16427855828149399,6.943843364715576,25.037157875127317,67.45039018367176,0.6713525026624053,0.7711978196393476,0.011026787317223683,0.6015635763659515,0.5072900861133605,High,1,Extreme Hotspot
66,46.53395573,-0.006339592824224474,0.32971140262361254,4.305883884429932,25.199886612816467,67.05223617988032,0.7135960241391546,0.6677018291431949,0.006796792089003728,0.39161326156160825,0.46561553436171366,Medium,0,Moderate Zone
230,46.29982136000001,0.1547309238302916,0.16045050522597634,0.1770971715450287,25.167542443812128,66.91999082325879,0.7038693645722397,0.9323598002306165,0.0001762400204973672,0.6064217467449338,0.5427301252175994,High,1,Extreme Hotspot
51,45.92042114000003,0.03333678156956043,0.2259274556011759,44.63534164428711,24.943926026934253,67.20977644242105,0.6881079162229328,0.7328948201713864,0.07146549346815524,0.5233251500662679,0.5077087928951736,High,0,Moderate Zone
200,45.752938159999985,0.1284554420090965,0.10012796271892128,0.1807781457901001,25.131818422618494,67.3494494772818,0.6811501597444076,0.8891860658155357,0.0001821425006560718,0.6829769002243942,0.5424788894401362,High,1,Extreme Hotspot
7,41.78119892000001,0.00920828666074037,0.15330201264427815,61.96626281738281,24.80392504923403,67.07098595597718,0.5161519346822859,0.693248840009427,0.09925580427873404,0.6154938767314091,0.45836082629029373,Medium,0,Moderate Zone
22,45.84522470000002,0.09140340185456176,0.12204706667027194,3.1528244018554688,24.804500260293022,67.42229262526068,0.6849840255591054,0.8283051673393595,0.004947849318807877,0.6551594327008454,0.5305082341944172,High,1,Extreme Hotspot
3,36.40807147999999,-0.14155341501033084,0.1928744761985853,0.6646851897239685,24.76086915855639,67.47951616774759,0.29293574724884547,0.44552947515796926,0.0009580924354597106,0.565272584739182,0.2972977602299349,Medium,0,Moderate Zone
190,45.520512800000006,0.10758280506872345,0.10599519217126575,5.8577117919921875,25.038460519232906,67.44048379636706,0.6714944976925803,0.854889846627686,0.009285164140607836,0.6755308173413508,0.5342587305746072,High,1,Extreme Hotspot
176,46.5630089,0.15556900256786213,0.17238779444869295,1.2500534057617188,25.059988065307074,67.44246562736393,0.714802981895633,0.9337368630407687,0.0018967364059589058,0.5912721696450145,0.5447103402448612,High,1,Extreme Hotspot
17,51.91904624000006,0.12352280837664034,0.1446785389753342,21.627471923828125,24.899574579957825,66.90303808674066,0.9373091941782052,0.8810811634634589,0.03457213712345904,0.6264379006868794,0.6410164666090415,High,1,Extreme Hotspot
41,47.26028498000005,0.022545314801767708,0.2716734640970683,21.43156623840332,24.923217081382237,67.21626494075197,0.7437699680511196,0.7151631597834871,0.03425800033677938,0.4652690311441229,0.5064007675009904,High,0,Moderate Zone
107,47.352571520000026,0.10070539908079264,0.14701057314884003,0.9218271970748901,24.976364430200004,67.42748589500296,0.7476038338658151,0.8435894525337477,0.0013704222957923338,0.6234783232776347,0.5506182216558633,High,1,Extreme Hotspot
115,50.052807320000056,0.1062807342625304,0.19157311759356035,9.552279472351074,25.10004227481784,67.19431192136742,0.8597799077032319,0.8527503897926504,0.015209441512965929,0.5669241349490866,0.5890117089182492,High,1,Extreme Hotspot
72,47.37991568000001,0.09810733730878914,0.14421179256808836,2.495177745819092,24.897563176006653,67.33271200696086,0.7487397941072059,0.8393205287628438,0.003893306124464551,0.6270302471192022,0.5517733729122655,High,1,Extreme Hotspot
44,43.59958556000004,-0.039305363823700076,0.30344104260027793,9.543743133544922,24.929828952500674,67.22979456318949,0.5916932907348252,0.6135351557552433,0.015195753405666956,0.4249528948058776,0.41749710696980885,Medium,0,Moderate Zone
81,48.47026405999998,0.101856379837035,0.10380112394630031,18.956398010253906,25.04659976044089,67.17606254107156,0.7940362087326926,0.8454806504887475,0.030289042559998078,0.6783153025889179,0.5876719022241723,High,1,Extreme Hotspot
47,47.502964399999996,0.09040272406255252,0.171933181980258,4.910865783691406,24.89921625783984,67.28803880780393,0.7538516151934673,0.826660934989168,0.007766886802800613,0.5918491169328488,0.5458513314130321,High,1,Extreme Hotspot
4,43.592749519999984,0.026433946752671845,0.16559617398765877,24.690540313720703,24.77768998188222,67.33542587464989,0.5914093006744751,0.7215526434941495,0.039483798871786574,0.5998913943189067,0.4746458453756404,Medium,0,Moderate Zone
134,47.01760555999999,0.11536814206590061,0.1298631469195199,0.8080229759216309,24.98889496111378,67.44132104001588,0.7336883209087671,0.8676820791026351,0.0011879360536695212,0.6452400692552649,0.5529726380933725,High,1,Extreme Hotspot
177,43.33298000000002,0.004356638631968964,0.32502402877251724,8.112211227416992,25.04868979364013,67.4789151104404,0.5806176783812569,0.685277006613753,0.012900277232806989,0.3975619933237723,0.41777609031752194,Medium,0,Moderate Zone
83,49.42560064999998,0.12903077775699026,0.10998094818220457,9.645909309387207,25.03736221266691,67.02865074249785,0.8337238196663099,0.8901314107172239,0.015359577922126758,0.6704725066258597,0.6049436352798112,High,1,Extreme Hotspot
122,48.68901734000002,0.12889380221565885,0.12075845951833704,0.9571111798286438,25.152085519548425,67.11551849632447,0.8031238906638268,0.8899063436496418,0.0014270005259722802,0.6567948000807857,0.5864512179606273,High,1,Extreme Hotspot
48,44.51219690000005,0.013408253062195306,0.18361450939829518,19.255990982055664,24.973114886298255,67.10302056567816,0.6296059637912687,0.7001498831645103,0.030769442979564965,0.5770243801733351,0.4799621047707423,Medium,0,Moderate Zone
96,46.29640333999998,0.11040784062202867,0.10764973730297721,4.412312984466553,25.056042544027832,67.2136142895627,0.7037273695420646,0.8595317152534088,0.006967452248366715,0.6734310391948635,0.5468487760059015,High,1,Extreme Hotspot
149,47.239776860000006,0.08320172239180165,0.14063794166886953,0.8835368156433105,24.99900736976581,67.4482618506994,0.7429179978700741,0.8148288347913034,0.0013090232743317141,0.631565810322136,0.5460319422497353,High,1,Extreme Hotspot
47,44.66600779999999,0.006620338295087794,0.21106921029281284,52.28041076660156,24.935603846273356,67.21107727469548,0.6359957401490937,0.6889965337651891,0.08372444063867816,0.542181703565885,0.48711522699726234,Medium,0,Moderate Zone
193,44.440418480000005,0.17244771991052277,0.18710347444594605,0.12927214801311493,25.164367854822352,66.88084295859238,0.6266240681576141,0.9614705984210815,9.955210211144996e-05,0.5725965453439901,0.5094144141205337,High,1,Extreme Hotspot
34,42.61177778000001,0.05586067465813395,0.08841989355845109,269.70208740234375,24.89557074403257,67.20682580500656,0.5506567270145544,0.7699042491446481,0.4323623410893647,0.697835574847121,0.5834060284192844,High,2,Warm Zone
9,43.86106409000001,0.07955199749010199,0.14047929320817232,140.51004028320312,24.869093346253393,67.13611703632114,0.602555910543131,0.808831903710596,0.22520156135716124,0.6317671505964876,0.5450009702324297,High,1,Extreme Hotspot
32,41.23431572000004,0.038376372007073015,0.09190149841611525,29.191753387451172,24.830978944288912,67.2278771049649,0.49343272985445624,0.7411754652453976,0.04670154045022031,0.693417080812289,0.45890821300360507,Medium,1,Extreme Hotspot
109,47.40213281000001,0.10388643547877881,0.14272791210320557,0.8259680867195129,24.921577760458625,67.3624856116514,0.7496627618033367,0.84881627278945,0.0012167112238767224,0.6289134352610315,0.5532744104979277,High,1,Extreme Hotspot
78,48.52495238000006,0.09375040201716134,0.15485846137452502,2.963286876678467,25.014424007951785,67.21340573374371,0.7963081292154791,0.832161567095671,0.004643923942751486,0.6135185924268222,0.5672121862215946,High,1,Extreme Hotspot
94,47.29446518000003,0.07275271744339858,0.12039471398292823,2.8171117305755615,25.03734497524294,67.239339549582,0.7451899183528582,0.797659879808323,0.004409530588675899,0.6572564284229174,0.5502786176441442,High,1,Extreme Hotspot
112,47.57816084000001,0.08479117153351394,0.12501659928209383,2.5476722717285156,25.041676954305593,67.34288568029235,0.7569755058572947,0.8174404883311905,0.0039774816380628445,0.6513908079809292,0.556678807598298,High,1,Extreme Hotspot
60,48.54204248000002,0.11269790619311679,0.12847764607389706,10.835165023803711,25.02834221304665,66.98800000880766,0.7970181043663472,0.8632945647201511,0.01726656172332237,0.6469984041243592,0.5820177477102639,High,1,Extreme Hotspot
190,44.27635352000004,0.04622887450557348,0.15896026107260058,1.2604737281799316,25.054296820845387,67.32120755717018,0.6198083067092663,0.7540780586087111,0.0019134455004067026,0.60831301102429,0.4831759950549729,Medium,1,Extreme Hotspot
99,48.38481356,0.10331667362464446,0.14013822983288637,2.8795173168182373,25.02248061733076,67.33660366757033,0.7904863329783449,0.8478800864565929,0.004509598589717448,0.6321999930788512,0.5709439444230264,High,1,Extreme Hotspot
78,51.869484950000015,0.13135670267905514,0.10751143103733227,0.2922845184803009,25.179630214029668,66.9867501137206,0.9352502662406813,0.8939531813526017,0.0003609441190738769,0.6736065632519336,0.643004632379318,High,1,Extreme Hotspot
42,52.08311120000002,0.11964027402494613,0.16306763121718154,10.904242515563965,24.97371757989785,66.89151740598567,0.944124955626553,0.8747016988318241,0.017377328193659374,0.6031003601852016,0.63381964116085,High,1,Extreme Hotspot
36,46.33741958000002,0.10655105450232376,0.15709947039481942,4.5153422355651855,24.84320435392209,67.40076856774806,0.7054313099041534,0.8531945580221534,0.007132660714899757,0.6106745347600316,0.5340697797957157,High,1,Extreme Hotspot
25,42.62886788000003,0.02799058014903806,0.15853931366285567,313.05010986328125,24.88013881133112,67.18198993093587,0.5513667021654248,0.7241103768705989,0.501871342092929,0.6088472340895071,0.5764005197378934,High,2,Warm Zone
66,53.07775502000004,0.12483312471950743,0.1898890608144466,3.57027530670166,25.15666886022763,67.04658008216295,0.9854455094071715,0.8832341686936446,0.005617236149315329,0.5690613662366786,0.6418799113515798,High,1,Extreme Hotspot
43,47.16970745000003,0.08858056453984128,0.1364652936270061,148.635009765625,24.94011254842579,66.94050072794575,0.7400070997515094,0.8236669106804687,0.23823003370365678,0.6368613051402343,0.6064826459566351,High,1,Extreme Hotspot
234,45.715339940000035,0.17894845360824732,0.14472019931008048,0.23684260249137878,25.14770666547098,67.43072669443661,0.6795882144124964,0.9721520752472205,0.0002720424350908015,0.6263850296839681,0.543003113597648,High,1,Extreme Hotspot
215,46.46901335000001,0.14495773270856432,0.11202298066336902,0.19284766912460327,25.181215571364223,67.45481979156955,0.71089811856585,0.9163012875552403,0.00020149610577903962,0.6678809694739352,0.5554310084808578,High,1,Extreme Hotspot
116,45.599127260000046,0.1003799405161003,0.11608731076198554,7.865905284881592,25.027609931153684,67.39803646247611,0.6747603833865827,0.8430546854938602,0.012505323114143216,0.6627229406250286,0.5320332750822536,High,1,Extreme Hotspot
37,46.37501780000002,0.020867097352402893,0.2948630576708447,1.6198005676269531,25.051537471712255,66.94257849104092,0.706993255236067,0.7124056493811018,0.0024896297926944957,0.43583918914170494,0.4774483947781067,Medium,0,Moderate Zone
89,49.34869520000001,0.11110103656305359,0.12177718930449806,6.447942733764648,25.08176334161624,67.1375532287755,0.8305289314873975,0.8606707184374067,0.010231605541965122,0.655501933237109,0.5949704683934831,High,1,Extreme Hotspot
120,49.52985025999999,0.12388137060749775,0.148234240884568,2.8345749378204346,25.09935365157456,67.2137693443926,0.8380546680866157,0.8816703237548538,0.004437533021566653,0.6219253703114105,0.5929668731155482,High,1,Extreme Hotspot
138,48.95220488000001,0.1144223745575096,0.14924141954125145,1.3229339122772217,25.170052842610037,67.12771445174775,0.8140575079872201,0.8661280708639452,0.0020136010496711165,0.6206471629706867,0.5801750466810349,High,1,Extreme Hotspot
1,39.983320400000025,0.049772776987187566,0.11815573628255108,14.213253021240234,24.778475606990433,67.36029009434559,0.44146254881079217,0.7599011108965946,0.02268336066070268,0.660097908147838,0.42826060795354937,Medium,0,Moderate Zone
148,46.063977980000004,0.11848541541062477,0.13439473379004738,0.6152364015579224,25.098334048171633,67.36576420243624,0.6940717074902373,0.8728041290958638,0.0008788007937393514,0.6394890462718061,0.5366668118132706,High,1,Extreme Hotspot
10,48.37455950000003,0.09900432532617784,0.15169577999818146,33.64813995361328,24.88472458958351,66.91875526422923,0.7900603478878245,0.8407943865097648,0.05384740226153519,0.6175323416507428,0.5791116160271269,High,1,Extreme Hotspot
48,42.38960648,0.04022670884140964,0.12384169485457781,437.7074279785156,24.959972669426,67.06018522378488,0.5414270500532474,0.7442157882205467,0.701760637107059,0.6528818755824259,0.6342197226476309,High,2,Warm Zone
41,43.23043940000002,0.02757727829712797,0.14004487446318167,28.317989349365234,24.974943883070218,67.09824345354045,0.5763578274760387,0.7234312728865482,0.045300450805244606,0.6323184700919021,0.4768466286430893,Medium,0,Moderate Zone
35,45.76490123000002,0.11385921741886175,0.06346112436344514,341.19720458984375,24.921486106558746,67.01411709617214,0.6816471423500179,0.8652027368623313,0.5470054987285428,0.7295106721983085,0.6850927765911543,High,2,Warm Zone
105,48.99663914000001,0.11861716892552403,0.11462486788435637,4.058804512023926,25.100378668969277,67.15205330412412,0.8159034433794815,0.8730206157543853,0.00640059776756714,0.6645789223906968,0.5918304036349815,High,1,Extreme Hotspot
99,49.72125937999999,0.11871239635650616,0.14116597169572906,4.490187168121338,25.064513367142975,67.21363609323872,0.8460063897763567,0.8731770857229373,0.007092324304864565,0.6308956890363286,0.5973313376524652,High,1,Extreme Hotspot
314,45.32226764000001,0.17717967369843088,0.1372406331089556,0.10653644800186157,25.162463550353785,67.47701805918422,0.6632587859424917,0.9692457599763984,6.309517270197005e-05,0.635877324184319,0.5378816170034957,High,1,Extreme Hotspot
251,46.99026140000001,0.12528243059689473,0.14799483764033547,0.1458226591348648,25.181912006974972,67.3767088265474,0.7325523606673763,0.883972431563702,0.00012609101735741978,0.6222291962335946,0.5500941710025641,High,1,Extreme Hotspot
132,48.8701724,0.11200460792627326,0.16664319391922705,0.7818869948387146,25.06862161915051,67.38031819041204,0.810649627263045,0.8621553934026914,0.0011460267384992928,0.5985626245385565,0.5735821915079579,High,1,Extreme Hotspot
41,46.75783604000003,0.08143610380044733,0.20226008361274792,1.3674410581588745,24.845350972095858,67.4916423682633,0.722896698615549,0.8119277139418288,0.002084968717032215,0.5533613391877341,0.5221413465542988,High,1,Extreme Hotspot
79,50.85262399999999,0.09851677014570642,0.10449090265518257,49.0043830871582,24.97439170365075,66.96286776081266,0.893006744763932,0.8399932754961739,0.07847129647360503,0.6774399065473939,0.638307494657879,High,1,Extreme Hotspot
153,47.84134838,0.052212044977552864,0.2915173181183267,1.4660649299621582,25.147187189820496,67.20980039505166,0.7679091231806879,0.7639091176421946,0.002243113112438657,0.44008525693494094,0.5103278465837022,High,0,Moderate Zone
189,47.304719240000054,0.12884014423076925,0.11484020810822244,0.5274858474731445,25.151935902182913,67.3172918311976,0.745615903443381,0.8898181772135461,0.0007380918754158317,0.6643056347737759,0.5647647378829935,High,1,Extreme Hotspot
10,42.43404074,0.041969635905987575,0.11043046033437667,475.7366638183594,24.873560970580574,67.00381939800273,0.5432729854455088,0.7470796241990079,0.7627409089185017,0.6699020321337344,0.6540367714644271,High,2,Warm Zone
26,42.74678957000003,0.0231147902329113,0.1362806345842129,593.5840454101562,24.909154183534874,67.04220022684171,0.556265530706426,0.7160988754893842,0.9517104004959608,0.6370956553644602,0.6952677748028603,High,2,Warm Zone
57,44.69676998,0.051115367421181945,0.08883576020557038,165.09129333496094,25.019445258237194,67.06960366086587,0.6372736954206596,0.7621071462880653,0.26461785409769406,0.697307799762152,0.5748415735883275,High,2,Warm Zone
79,49.948557710000046,0.12021455808211347,0.10006254503147217,0.6912108659744263,25.088477960087275,66.88018498530154,0.8554490592829261,0.8756453156808579,0.0010006266308494724,0.6830599216106754,0.6103885620451466,High,1,Extreme Hotspot
91,45.37695596000003,-0.010407044310021185,0.29815947397134407,5.171092987060547,25.02194640063607,67.22965539155891,0.6655307064252758,0.6610185237184258,0.008184163806761756,0.43165571733616204,0.45374224554679704,Medium,0,Moderate Zone
71,52.62315836000005,0.12230861136724872,0.11942487524396352,0.45585501194000244,25.15119397591626,66.99259294455159,0.9665601703940373,0.8790860937034527,0.0006232310920099433,0.6584872477887138,0.6503402395438781,High,1,Extreme Hotspot
222,47.195342600000004,0.17067829602455648,0.13039891830296013,0.19477801024913788,25.160501610486325,67.29791800070588,0.7410720624778127,0.9585632250210329,0.00020459142767713563,0.6445601234375904,0.5691764812887173,High,1,Extreme Hotspot
86,49.64093591000005,0.09637259512329625,0.18746882220529076,1.3754174709320068,24.945346591815085,67.38722530897925,0.8426695065672716,0.8364701415119166,0.002097758977163507,0.5721328836243811,0.5774893403228633,High,1,Extreme Hotspot
137,50.03229920000001,0.08327643680469103,0.22647406505229975,4.606116771697998,25.13437850673497,67.17862751472725,0.8589279375221863,0.8149515994371058,0.007278218619619393,0.5226314496901736,0.5721597595173801,High,1,Extreme Hotspot
80,50.51082200000002,0.14686916324996702,0.14023825024467418,1.0125656127929688,25.096447452778158,66.89739440788667,0.8788072417465388,0.9194419947403251,0.001515922281054484,0.6320730574813571,0.6162327879761993,High,1,Extreme Hotspot
8,42.78951482000002,0.049014494433390614,0.12299497770190898,168.2321014404297,24.802979455618033,67.13011126686781,0.5580404685835999,0.7586551626847978,0.2696541722815688,0.6539564417210908,0.53521929325077,High,2,Warm Zone
43,43.41501248000003,0.04641023497683671,0.10349146225982828,444.7770080566406,24.957011459440423,67.0599394429934,0.584025559105432,0.7543760553827759,0.7130967816610116,0.6787082932844246,0.660782486021727,High,2,Warm Zone
9,40.885677680000015,0.05206101499792144,0.0886754687184384,266.08734130859375,24.816595156822203,67.10640304841732,0.4789492367767129,0.7636609574648211,0.4265660584542222,0.6975112251963071,0.5522725979832253,High,2,Warm Zone
51,45.36328388000004,0.08891407911211868,0.2004236605639371,0.9443880915641785,24.86433692944548,67.47821804556199,0.6649627263045803,0.8242149146967244,0.0014065989227448183,0.5556919380403685,0.5011073650651007,High,1,Extreme Hotspot
96,49.47516194000002,0.10974498300233215,0.10175706449717595,7.348072528839111,25.052375678024095,67.04586860126724,0.835782747603834,0.8584425615312228,0.011674972950145059,0.6809094121596568,0.6021801089406847,High,1,Extreme Hotspot
21,43.87644518000002,0.0773909624274952,0.23515486054520907,11.303750991821289,24.81987641683793,67.31974764370425,0.6031948881789139,0.8052810666797255,0.018017944154909437,0.5116146787839115,0.46889753706903403,Medium,0,Moderate Zone
15,42.721154420000005,0.05620165589677661,0.20373036072438655,16.460439682006836,24.806349232030712,67.33685850528903,0.5552005679801203,0.7704645217797176,0.026286747643331,0.551495415019739,0.4545206753737863,Medium,0,Moderate Zone
185,45.725594,0.1351404056162247,0.14469948467830215,0.6139181852340698,25.073158310193648,67.43522014139386,0.6800141995030168,0.9001702542430843,0.0008766870202711349,0.6264113185595552,0.5325326534046483,High,1,Extreme Hotspot
97,45.90674906000004,0.09577481112326428,0.1584867312894708,0.8834241032600403,24.927389161834647,67.44578264831345,0.6875399361022373,0.835487911468312,0.0013088425388628952,0.6089139662181193,0.5224491650394814,High,1,Extreme Hotspot
46,44.89330613000004,0.030593016614145013,0.2597155455665851,1.6289093494415283,24.856405530355666,67.47369377603192,0.6454384096556631,0.7283864887813619,0.0025042358182602777,0.4804447888351876,0.4641483539010721,Medium,0,Moderate Zone
147,47.27395706000004,0.12264282766442126,0.11497466435954724,0.29212430119514465,24.979447704996975,67.46846254607868,0.7443379481718151,0.8796352507369759,0.0003606872090050323,0.6641349967580583,0.5625976380331353,High,1,Extreme Hotspot
156,47.40213281000001,0.13111240276372974,0.10608597030229824,0.8091609477996826,25.171307360660844,67.15913718966326,0.7496627618033367,0.893551767603706,0.0011897608033102874,0.6754156110939855,0.5692784322815152,High,1,Extreme Hotspot
11,44.13279668000001,0.011063390930481648,0.09221975947132949,18.673240661621094,24.792070825682163,67.37527005615578,0.6138445154419594,0.6962969964466378,0.02983499683166016,0.6930131766843155,0.49604374018855757,Medium,1,Extreme Hotspot
87,47.08596596000001,0.0996016510232455,0.10874472775010756,11.308334350585938,25.063173173276518,67.05717754996915,0.7365282215122467,0.8417758635072181,0.018025293617950314,0.6720413901805038,0.5597922695715698,High,1,Extreme Hotspot
34,47.60892302000002,0.05607713108279664,0.15822723296724656,22.850830078125,24.843167740241444,67.41519845580615,0.7582534611288606,0.770259912734546,0.036533804538653535,0.6092432947420822,0.549822481444806,High,1,Extreme Hotspot
300,43.736306360000015,0.1787715124099943,0.16862815045084933,0.4123387336730957,25.145567432121126,66.89259026966549,0.597373091941782,0.9718613398630913,0.0005534522910865207,0.596043522298948,0.5040755052887378,High,1,Extreme Hotspot
26,43.89011726000001,0.011689792406152486,0.17797162094942132,502.8509216308594,24.911659221220354,67.03250500412871,0.6037628682996093,0.6973262483983951,0.8062189009122154,0.5841857525776978,0.6644959603231964,High,2,Warm Zone
16,41.733346640000036,-0.02262250904191191,0.2413511099633061,486.2596435546875,24.84904435708866,67.03564883836468,0.5141640042598519,0.6409470657074819,0.7796146154344574,0.5037510376725649,0.5974615229531903,High,2,Warm Zone
120,49.86139820000005,0.12811309940011234,0.13697482937824798,4.479290008544922,25.106621625262758,67.2017891948073,0.851828186013491,0.8886235562874583,0.007074850597116635,0.6362146548828279,0.6030364514743598,High,1,Extreme Hotspot
213,44.44725452,0.15041056213267348,0.13339148050194144,0.2733169496059418,24.978949225440065,67.49048739384521,0.6269080582179618,0.9252609333181328,0.00033052942679786634,0.6407622719393207,0.5177874500294682,High,1,Extreme Hotspot
48,50.80818973999999,0.08055109525225496,0.17907731104399904,36.83200454711914,25.055450774961827,67.01930012906084,0.8911608093716706,0.8104735398842512,0.058952761967958706,0.582782524673615,0.6093300501580187,High,1,Extreme Hotspot
55,52.488146570000026,0.16898815258484315,0.19248474306877983,4.4248151779174805,24.94121264598811,66.87877859945462,0.9609513667021656,0.9557861188013969,0.006987499644482891,0.5657671938575692,0.6426487781837105,High,1,Extreme Hotspot
14,47.00735150000003,0.09950150209633235,0.10562013321863974,12.496021270751953,24.897207444316354,66.8755536729005,0.7332623358182467,0.8416113069368788,0.01992976184138849,0.6760068035065356,0.5597304315294848,High,1,Extreme Hotspot
67,51.49521176000002,0.11095346998701221,0.11756067912709013,9.858829498291016,25.039950432939673,67.03545006134357,0.9197018104366346,0.8604282490430906,0.01570099764058175,0.6608530933567511,0.6330408296126131,High,1,Extreme Hotspot
0,39.79191128000002,0.09443490556509439,0.08013379253653079,3.4487311840057373,24.80896903964442,67.2787297845806,0.4335108271210512,0.8332862876464016,0.0054223388952580895,0.7083514402121334,0.4414231467616219,Medium,1,Extreme Hotspot
144,49.270080740000026,0.10422211911797023,0.16101976547293137,2.1694018840789795,25.154016984764112,67.16688483570893,0.8272630457933975,0.8493678408400214,0.0033709211708940353,0.6056993003133977,0.5802929847987653,High,1,Extreme Hotspot
68,44.30027966,-0.026562226337893367,0.3540311917857371,4.701340675354004,25.107218658448797,67.0422220634955,0.6208022719204822,0.6344736427131984,0.007430911131042565,0.3607490918082059,0.41749950131957453,Medium,0,Moderate Zone
81,48.77959486999998,0.07917611845656194,0.11854421079416898,19.46906089782715,25.02230770968158,67.04547600287216,0.8068867589634348,0.8082142898576251,0.0311111027865962,0.6596048963379282,0.5836856020282524,High,1,Extreme Hotspot
77,49.05474548000001,0.1070067952906286,0.10906848639315968,18.344362258911133,25.04656474922259,67.1646926248658,0.8183173588924383,0.8539433942143986,0.029307636921652332,0.6716305090806851,0.5970714637356852,High,1,Extreme Hotspot
17,41.218934630000035,0.04629683755187929,0.08041502392276599,205.86181640625,24.82539418889965,67.15525106205988,0.4927937522186733,0.7541897299581164,0.32999380825181546,0.7079945303233639,0.5343433185088134,High,2,Warm Zone
68,48.119917009999995,0.02451353094472788,0.27020266964052037,1.1212403774261475,25.10765660559757,66.93420814311483,0.7794817181398641,0.718397172449968,0.0016901833867544458,0.4671356118729538,0.5134019313447202,High,0,Moderate Zone
4,32.02616984000002,-0.17583635810967865,0.2728469258388255,0.7252808809280396,24.755100524831082,67.38616020516294,0.11089811856585091,0.38919853171758567,0.0010552582511439439,0.46377979445069273,0.19575880063690276,Low,3,Cool Zone
139,48.85650032000001,0.1360139088915703,0.10033378498958986,1.1071436405181885,25.166122694135872,67.12350768523312,0.8100816471423496,0.9016055237721878,0.0016675791237626269,0.682715691812652,0.5962335205662391,High,1,Extreme Hotspot
312,46.21266185000002,0.16528741480742895,0.12435000457630828,0.18087546527385712,25.17554737655719,67.48787118693407,0.7002484913028044,0.9497053675128304,0.0001822985534517957,0.652236781275308,0.5530481325414709,High,1,Extreme Hotspot
49,42.32979112999999,-0.04499355375163256,0.28174328253652653,67.31451416015625,24.947571666004478,67.13776668750583,0.5389421370252031,0.6041887847572813,0.10783178045589766,0.4524894554812954,0.42366100873390694,Medium,0,Moderate Zone
218,45.46582448000004,0.1349364663012235,0.11883509188196535,0.4201256036758423,25.15847330975119,67.3719562579781,0.6692225772097985,0.8998351577496091,0.0005659386174310105,0.6592357400425363,0.5346529372092258,High,1,Extreme Hotspot
76,49.78961978000001,0.13776906454633908,0.12194520573926743,12.5973539352417,24.977008378664266,66.90084983753265,0.8488462903798363,0.9044894527753466,0.02009224981379966,0.6552887040956261,0.6112927373408117,High,1,Extreme Hotspot
92,51.14144669000001,0.12902703121587644,0.12372806638823114,2.4365224838256836,25.149491378756558,67.0599725658757,0.905005324813631,0.8901252547056188,0.0037992518070285447,0.653026081120178,0.627075947307088,High,1,Extreme Hotspot
53,48.98980310000002,0.13066113633925708,0.20288937264991083,0.9445601105690002,24.876243322183946,67.45650709595036,0.8156194533191338,0.8928102833221538,0.001406874756992841,0.5525627104028596,0.5710335845957968,High,1,Extreme Hotspot
13,43.109099689999994,0.035454437729588804,0.1349034611223273,231.9736785888672,24.858419683425883,66.99822302448612,0.5713170039048625,0.7363743805180886,0.3718644485167098,0.6388434219764223,0.5597177551641203,High,2,Warm Zone
49,51.26278639999998,0.1476789780140044,0.12988945276036418,6.725525379180908,24.986849573983765,66.86954002627846,0.9100461483848049,0.92077261648823,0.01067671217621119,0.6452066845934197,0.6338448667898933,High,1,Extreme Hotspot
66,52.682973710000056,0.13668763383746144,0.14703040611238985,0.9536716341972351,25.08532163242389,66.89287400406545,0.9690450834220816,0.9027125338008014,0.001421485179085099,0.6234531533244894,0.6480709153986219,High,1,Extreme Hotspot
10,44.867670980000014,0.0693174333703589,0.17634743618275178,35.198307037353516,24.793125422617983,67.33756483665154,0.6443734469293574,0.7920153004541155,0.05633311116501494,0.5862470004781297,0.50788435172674,High,1,Extreme Hotspot
61,48.162642259999984,0.06973199823295527,0.18926779680161154,2.541576862335205,24.894066341275348,67.3765600002744,0.781256656017038,0.7926964797145896,0.0039677075862472495,0.5698498104878189,0.5463690233581292,High,1,Extreme Hotspot
56,42.35200826000005,0.0018700107426149475,0.26670644939178334,4.340770721435547,24.917600453620125,67.31470899295081,0.5398651047213362,0.6811911819345076,0.006852733491881327,0.4715726542557208,0.41415243340282515,Medium,0,Moderate Zone
158,48.46684604000001,0.08316614521175364,0.20696375873123715,1.8125813007354736,25.15022637876638,67.21905196002412,0.7938942137025199,0.8147703772629855,0.002798755686111739,0.5473919195371724,0.5499513148994182,High,1,Extreme Hotspot
84,47.46365717000003,0.08635418188395218,0.13041700735895342,57.58850860595703,25.013242320677623,67.03480138230898,0.7522186723464686,0.8200086997998537,0.09223603025906423,0.6445371666721704,0.5758552148077656,High,1,Extreme Hotspot
172,46.37159978,0.12429955972325463,0.1460575362583192,0.30117717385292053,25.103051740261506,67.41014513817633,0.706851260205892,0.8823574580933152,0.000375203583661374,0.6246878194691601,0.5401254875861015,High,1,Extreme Hotspot
100,50.15192990000003,0.11729172659372927,0.1264762595938413,3.3067102432250977,25.119659026653032,67.07691354668306,0.8638977635782751,0.8708427567295794,0.005194606852253258,0.6495383575610776,0.6073918421660258,High,1,Extreme Hotspot
39,46.621115239999995,0.059823005967646066,0.10168666882906266,64.13957977294922,24.95424266828342,67.0971292974608,0.7172168974085897,0.7764148296464847,0.10274074042735902,0.6809987510859143,0.5652339187344313,High,1,Extreme Hotspot
189,47.11672814000002,0.10929954423505824,0.10133852382684327,1.4490604400634766,25.034029494214767,67.49134269812083,0.7378061767838127,0.8577106527819433,0.0022158462375426297,0.6814405808392756,0.5606211463580574,High,1,Extreme Hotspot
155,45.75977420000004,0.12203490264787548,0.15767794958858647,0.723014235496521,25.0820842327298,67.41799416303132,0.6814341498047577,0.8786363577999313,0.0010516236618217636,0.6099403885914026,0.5266200972256287,High,1,Extreme Hotspot
46,46.15284650000001,0.04648330540684129,0.08535223847270285,34.44268798828125,24.97635064569295,67.08625121111794,0.6977635782747601,0.7544961187696276,0.055121468228186477,0.7017287264974188,0.5464059614818786,High,1,Extreme Hotspot
58,46.63478731999999,0.070036781823261,0.17037691717978648,13.529549598693848,25.04840207163828,67.02736178985069,0.7177848775292852,0.7931972753183193,0.021587035172573613,0.5938241678127225,0.53025513466515,High,1,Extreme Hotspot
50,38.76308726000002,-0.0910490668138167,0.3299015486425647,24.583131790161133,24.86601717166022,67.3030622869894,0.390770323038694,0.5285141119642942,0.039311568196705116,0.3913719478327864,0.3236875276258553,Medium,0,Moderate Zone
71,49.123105880000026,0.1008215795222492,0.16650553533515317,1.2184408903121948,24.893674235899248,67.48068438083813,0.8211572594959179,0.843780350784741,0.0018460454114599925,0.5987373266249334,0.57523893309393,High,1,Extreme Hotspot
152,47.50638242000002,0.1150542195826816,0.12011141547148124,1.1219468116760254,25.010138262110274,67.46073160550384,0.7539936102236424,0.8671662672134508,0.001691316161358592,0.6576159616939459,0.5636184055506034,High,1,Extreme Hotspot
50,44.79247454000006,0.048867296048878274,0.15957909851697294,10.34447956085205,24.90936532383277,67.28865271453635,0.6412495562655325,0.7584132982728524,0.016479742523727362,0.6075276463237352,0.49588728214281974,Medium,1,Extreme Hotspot
190,47.94047096000003,0.1300412133813537,0.15981011875003087,3.6949357986450195,25.0397749534317,67.49595125904445,0.7720269790557335,0.8917916763438133,0.005817130533595585,0.6072344592552932,0.565480717558323,High,1,Extreme Hotspot
8,32.19365282000001,-0.402169781754896,0.6164099252836456,13.957262992858887,24.82736134621882,66.93718885028584,0.11785587504437367,0.017305860511370858,0.022272878010526517,0.027765046741974997,0.060859457945481726,Low,3,Cool Zone
64,43.63376576000002,-0.034472194387178745,0.36311110737323704,3.979193687438965,25.125727031725564,67.04829259972163,0.5931132410365638,0.6214766266312269,0.006272940989430208,0.34922579881536997,0.40188018541974113,Medium,0,Moderate Zone
73,50.44075258999999,0.1133783126956517,0.09052253596123117,0.35763105750083923,25.19783591389065,67.00261468035339,0.8758963436279716,0.8644125533391473,0.0004657279682206557,0.6951671178297725,0.6191702760100705,High,1,Extreme Hotspot
101,47.77982401999998,0.09013158569129474,0.12718822027925406,3.1357264518737793,25.011179464249686,67.33892460215363,0.7653532126375561,0.8262154224725915,0.004920432579705024,0.6486348104412469,0.5610306686590868,High,1,Extreme Hotspot
57,46.85354060000003,0.09104110531926503,0.20481538966493648,2.2650911808013916,24.885542674151125,67.42950154929389,0.7268725594604194,0.8277098711426677,0.0035243599448981366,0.5501184081227942,0.5258102760663513,High,1,Extreme Hotspot
112,47.51321846000002,0.07334240987585232,0.18983994785464714,1.3850852251052856,24.935198851525424,67.3934098409602,0.75427760028399,0.7986288144462714,0.0021132613206703696,0.569123695343162,0.5358584166793368,High,1,Extreme Hotspot
1,30.771756500000038,-0.17399098181358705,0.06601940355229828,5.860013008117676,24.758186134787234,67.32960878091629,0.05878594249201415,0.3922307039397931,0.009288854164394277,0.7262639679347562,0.22992398971582445,Low,0,Moderate Zone
184,45.60938132000001,0.11233389362849261,0.10654700719538233,0.6009994745254517,25.11510567833219,67.36992779149736,0.6751863684771031,0.8626964488836545,0.0008559717344372935,0.6748305105885548,0.5346591097747097,High,1,Extreme Hotspot
37,47.91654482000001,0.02663634922392996,0.19308314388998624,14.000133514404297,25.046140760855437,66.87013307077285,0.7710330138445152,0.7218852147709968,0.022341621333888236,0.565007765212725,0.5352829461294727,High,1,Extreme Hotspot
27,45.55811102000001,0.0697017999462702,0.19085523540524177,70.03060913085938,24.88139639363522,67.19773304107464,0.673056443024494,0.7926468603463128,0.11218706674870393,0.5678351970300735,0.5297334123549352,High,1,Extreme Hotspot
95,50.06135237000001,0.10162163216350886,0.1603487232708047,0.16934999823570251,25.172656115840375,66.9751567389289,0.8601348952786648,0.8450949322065732,0.00016381734821011351,0.6065509179117274,0.5921693358618499,High,1,Extreme Hotspot
79,47.978069180000034,0.09716810065522666,0.1648620511336842,1.738934874534607,24.911156295665336,67.40166129500183,0.773588924387647,0.8377772514935721,0.00268066288228619,0.6008230673788117,0.5559369366754285,High,1,Extreme Hotspot
45,47.71146362000002,0.03969672617482939,0.2107122059303939,32.20991897583008,25.083168679070596,67.00704931122986,0.7625133120340788,0.7433449638129396,0.051541200093300966,0.5426347767060735,0.5379193247501124,High,1,Extreme Hotspot
128,45.18554684000003,0.13442015164595425,0.1263497979657238,0.7861625552177429,24.924455305585017,67.46792267876441,0.6575789847355348,0.8989867915063979,0.0011528826436549315,0.6496988496250298,0.5281076032060934,High,1,Extreme Hotspot
61,51.01668896000001,0.09787617960818934,0.1276838750065708,29.331432342529297,24.981829871977883,66.96329915575315,0.8998225062122821,0.8389407092321647,0.04692551709500154,0.6480057765486831,0.6271026434532246,High,1,Extreme Hotspot
61,40.97454620000002,-0.020783715982344058,0.1913517620298435,290.74658203125,24.929830961773224,67.1258250685727,0.4826411075612357,0.6439684208909305,0.4661074052292183,0.5672050566153425,0.5196195687885069,High,2,Warm Zone
160,46.086195110000006,0.15626217895977149,0.17666540589848811,0.1508457064628601,25.12187246117812,66.86069180183816,0.694994675186368,0.9348758341032501,0.00013414552554351304,0.585843466088193,0.5354314747890593,High,1,Extreme Hotspot
154,45.37011991999998,0.1260727454759014,0.09748912199391081,0.7586429119110107,25.087220483577575,67.36648672751839,0.6652467163649257,0.8852710126866937,0.0011087546118410435,0.6863258448861249,0.5364316960791595,High,1,Extreme Hotspot
90,45.18041980999999,0.11225856805928594,0.13286986747773183,1.091901421546936,25.117946946783494,66.90988768862208,0.6573659921902723,0.8625726800355046,0.0016431380684705644,0.641424249426768,0.5210279332839058,High,1,Extreme Hotspot
75,47.77640600000001,0.08584286160999563,0.1479913267658056,2.8609273433685303,24.996676041666916,67.23535756126454,0.7652112176073833,0.8191685399177601,0.00447978937559848,0.6222336518736806,0.5545264457492531,High,1,Extreme Hotspot
12,41.38812661999998,0.040755494888152166,0.100605009018059,220.53697204589844,24.827788954880038,67.14931097746387,0.4998225062122812,0.7450846464397723,0.35352557164432075,0.6823714822308966,0.5365473888081379,High,2,Warm Zone
310,46.03663382000002,0.16717987441625845,0.124158270255819,0.11067075282335281,25.161859692002373,67.4826230787139,0.6929357472488464,0.952814903204654,6.97245731145272e-05,0.6524801107127338,0.5506099876660622,High,1,Extreme Hotspot
144,50.10065960000003,0.14172461840924852,0.1541064393177823,1.3866108655929565,25.12634389235872,67.26224832825369,0.8617678381256659,0.9109888971282201,0.002115707700924144,0.614472981310002,0.6047789930067309,High,1,Extreme Hotspot
4,40.53703963999999,0.04632299762892164,0.1397234196188267,15.668806076049805,24.812208537274344,67.0971899007644,0.4644657436989696,0.7542327140687861,0.025017354993170125,0.6327264274478679,0.4317208288277719,Medium,0,Moderate Zone
94,48.11820799999998,0.05484781993965065,0.23546613639022107,1.7431445121765137,24.9633901300272,67.39419323939772,0.7794107206247766,0.7682400086593761,0.0026874130796530854,0.5112196395647581,0.5299160707316819,High,1,Extreme Hotspot
124,46.79543425999998,0.10425214542997795,0.1387433291836754,0.7374609708786011,24.93179002607141,67.40301365672107,0.7244586439474603,0.849417177633497,0.0010747891509758798,0.6339702572098177,0.5442587829537162,High,1,Extreme Hotspot
225,44.90526920000002,0.15951943051457454,0.1454461029388561,0.11643999814987183,25.128701066159017,67.4549657425835,0.6459353922612711,0.9402278849051022,7.897561748574825e-05,0.6254637876175265,0.5245208410681504,High,1,Extreme Hotspot
158,48.54887852000002,0.13689562422095397,0.13985817077555543,1.0225459337234497,25.143431243072683,67.2533161963053,0.797302094426695,0.9030542866804976,0.0015319258285795836,0.6325554151686077,0.5812730452636191,High,1,Extreme Hotspot
125,50.94320153000001,0.1397679642975605,0.12678511035900936,3.116690158843994,25.14800067594582,67.07434202163108,0.8967696130635423,0.9077738822510408,0.004889907687537132,0.6491463960033079,0.625925683685619,High,1,Extreme Hotspot
63,46.48439444000002,0.09539320977299588,0.17013084659208452,1.3458740711212158,24.895071538841012,67.43114777904583,0.711537096201633,0.8348608951699605,0.002050385830927194,0.5941364552400322,0.5291838602618855,High,1,Extreme Hotspot
28,44.82323672000001,0.0848240945086331,0.1848237909789817,13.329120635986328,24.824853500964593,67.1925423606942,0.642527511537096,0.8174945846858691,0.021265645264128892,0.5754896846323023,0.5000495405602114,High,1,Extreme Hotspot
54,48.44633792000002,0.05275652764650283,0.2079390189930035,11.376872062683105,24.96078279569448,67.17797982714097,0.7930422435214768,0.764803767274229,0.018135194546031567,0.5461542197334348,0.5457021050829199,High,1,Extreme Hotspot
69,48.18315038000003,0.10530620663658126,0.13995532376675926,6.944326877593994,25.09046420054587,67.03562137050143,0.7821086261980835,0.8511491252682087,0.011027562635110016,0.6324321186057725,0.5697591336493968,High,1,Extreme Hotspot
53,43.879863200000045,0.046193271058940256,0.085759185459473,306.1221923828125,24.96060457252003,67.04937717447301,0.603336883209089,0.754019557921277,0.4907623549750863,0.7012122713260117,0.6173707299808011,High,2,Warm Zone
255,46.57326296000002,0.15483014844253998,0.13651053348375813,0.1884860396385193,25.143087790009485,67.48966345155323,0.7152289669861557,0.9325228380422846,0.0001945021879227271,0.636803891376936,0.5533794163231729,High,1,Extreme Hotspot
113,46.320329480000055,0.025140262638925052,0.3002768021450891,7.574863433837891,25.05923928564969,67.26713314085053,0.7047213347532852,0.719426966989947,0.012038634504887605,0.42896862265197366,0.4786059621064228,Medium,0,Moderate Zone
42,45.20776397000003,0.0015843002858388397,0.30860080252859434,1.3877894878387451,25.081380921364655,66.97795944744976,0.6585019524316655,0.6807217257523372,0.0021175976338487466,0.4184046593235413,0.44971937110868726,Medium,0,Moderate Zone
109,49.188048260000016,0.10389075981578236,0.16172535496784268,9.04234504699707,25.06335942168451,67.24990657542395,0.8238551650692224,0.8488233781882619,0.014391756403671166,0.6048038388518702,0.58142427962722,High,1,Extreme Hotspot
67,44.8881791,0.051923096613889046,0.2179559694653812,3.5398600101470947,24.944113515915838,67.3292528311613,0.6452254171104006,0.7634343411948059,0.005568464907659723,0.5334417386453019,0.48068578197935646,Medium,0,Moderate Zone
56,46.94924516000003,0.07979055984963264,0.19593600909312978,2.174196481704712,24.93534874278419,67.29860493844691,0.73084842030529,0.8092238899745169,0.003378609357626868,0.5613872027429431,0.5268450445062889,High,1,Extreme Hotspot
8,41.50433930000003,0.035107156324225015,0.08194463212313276,228.60862731933594,24.835417953620855,67.11807872898616,0.5046503372381972,0.7358037559615342,0.3664685541069551,0.7060533092528358,0.545058498666815,High,2,Warm Zone
194,46.92702803000003,0.13204742125016358,0.1431412224392966,0.17310449481010437,25.179705585716967,67.44983404675754,0.7299254526091592,0.8950881139238684,0.00016983772218203224,0.6283889043825395,0.5519536384392973,High,1,Extreme Hotspot
44,44.259263420000025,-0.03358020307898941,0.3783498628402617,2.1498520374298096,25.06377139190341,66.90177979607611,0.6190983315583959,0.6229422741920364,0.0033395727902019003,0.32988634104172576,0.40789283515805946,Medium,0,Moderate Zone
4,42.33491816000003,0.03486009317112134,0.122646298581841,247.1782989501953,24.82092328829096,67.08025735859616,0.5391551295704656,0.73539780188509,0.3962452140500567,0.6543989493217737,0.5559128154878187,High,2,Warm Zone
37,43.65085585999998,0.03325845840555274,0.11415173352801275,67.70968627929688,24.905911066462387,67.21795322036935,0.593823216187432,0.7327661259192914,0.10846544302379632,0.6651793757496058,0.5075964412687368,High,1,Extreme Hotspot
39,51.21835213999998,0.1303668365033594,0.1470730069877171,7.622730731964111,24.999451411087385,66.92472692286341,0.9082002129925435,0.8923267137708927,0.012115390211021412,0.6233990886844147,0.6248377575522897,High,1,Extreme Hotspot
20,45.35986586000001,0.10073006738514566,0.11309992492355021,2.308837413787842,24.80665805899696,67.42615356088594,0.6648207312744053,0.8436299854848789,0.003594507480585548,0.6665142228200228,0.5266742617666449,High,1,Extreme Hotspot
55,42.79805987000003,-0.08072433389852388,0.42272867081655086,1.1853305101394653,25.13467302082949,67.00948554202036,0.5583954561590352,0.5454788732510663,0.0017929525754320377,0.27356533210111333,0.3603413180153547,Medium,0,Moderate Zone
97,49.45636282999999,0.12107100206174906,0.16177733536323533,3.0532755851745605,25.12550530885872,67.07599903364462,0.8350017749378759,0.8770525547628966,0.004788221764752502,0.6047378706916795,0.5877032227691089,High,1,Extreme Hotspot
100,47.73538976000003,0.10890224788207058,0.1750158058819682,3.570718765258789,25.031842962036684,67.25477550499237,0.763507277245297,0.8570578477317944,0.005617947239684452,0.5879369684041744,0.5529534685486439,High,1,Extreme Hotspot
10,48.43608386000005,0.10253864433098844,0.1287714688162115,83.1767349243164,24.87084537715617,66.95397967372608,0.7926162584309564,0.8466016920081089,0.13326701501609775,0.6466255145842507,0.6066786138444735,High,1,Extreme Hotspot
77,49.12652390000005,0.11571801083149463,0.1145311910512662,14.275496482849121,25.05247466509987,67.1457973359472,0.821299254526093,0.8682569549990574,0.022783168693222184,0.6646978073719432,0.59739359870799,High,1,Extreme Hotspot
260,46.09132213999999,0.1567696759541892,0.12131335189680224,0.2027612179517746,25.182169513633728,67.41377931885295,0.6952076677316282,0.9357097118834006,0.00021739258354795497,0.6560905878670347,0.5497119895944553,High,1,Extreme Hotspot
4,37.39246123999999,-0.13526454073807326,0.28707945868299695,18.575809478759766,24.77293526349336,67.3235072933013,0.33383031593894125,0.4558628418093571,0.029678764925270676,0.4457173307181739,0.2984747100219325,Medium,0,Moderate Zone
11,40.03971773000001,0.05217340205839395,0.08201324401767146,447.3174133300781,24.845219139615917,67.07352927598417,0.44380546680866145,0.7638456227407445,0.7171703477126107,0.705966234108145,0.612584863884358,High,2,Warm Zone
25,43.685036060000016,0.017110368132162886,0.19100904511726152,600.2181396484375,24.915878881480097,67.0514599573187,0.595243166489173,0.7062328975081682,0.9623482390151683,0.5676399975968114,0.6981472604950488,High,2,Warm Zone
152,45.39404606000005,0.11525900771707619,0.1577625205172344,1.1482417583465576,25.01351270234329,67.44254807970424,0.6662406815761462,0.867502758417908,0.0017334803794877521,0.6098330598855248,0.5190216684651215,High,1,Extreme Hotspot
168,46.046887879999986,0.03715150147450876,0.14637411880430629,13.251136779785156,25.05963362962695,67.48970475354201,0.6933617323393668,0.7391628576203252,0.02114059734657201,0.624286045532093,0.5183614800218571,High,1,Extreme Hotspot
113,46.38185384000002,0.04818229850186615,0.25749824365463947,2.8552277088165283,25.038439144013605,67.37044108688056,0.7072772452964147,0.7572877660230184,0.004470649952821995,0.4832587598835639,0.49427347748693695,Medium,0,Moderate Zone
57,48.20365850000002,0.10464537657699856,0.11852754753778645,12.32314682006836,24.981127678983757,67.13512200371267,0.7829605963791266,0.8500633030678748,0.01965255587710523,0.6596260436254398,0.5775320817061962,High,1,Extreme Hotspot
71,48.55913257999998,0.12009628824351602,0.11699935925871158,12.737299919128418,25.05580700039637,67.02605811065831,0.7977280795172154,0.8754509843024394,0.020316654642028965,0.6615654626782161,0.5878011356484025,High,1,Extreme Hotspot
28,41.22406166000002,-0.0741051378480019,0.290840021459809,309.71368408203125,24.91447889216483,67.07572567547192,0.49300674476393347,0.5563549977792972,0.49652134894880795,0.4409448120446726,0.49297524721860453,Medium,2,Warm Zone
77,45.636725479999996,0.021477369073240774,0.1615964154202735,153.07740783691406,24.99304078334264,67.03422476273465,0.676322328718494,0.7134083982317522,0.24535346481919898,0.6049674756357901,0.5598720525541182,High,1,Extreme Hotspot
108,49.30596995000002,0.10292659791766907,0.16195807173445878,1.4851157665252686,25.00064526379194,67.39901990196084,0.8287539936102236,0.847239145784626,0.002273661325312203,0.6045084987178986,0.5800575843866912,High,1,Extreme Hotspot
0,30.204365180000025,-0.08227175662455415,-0.12865551556214272,3.631747007369995,24.797998340819415,67.20170405628363,0.035214767483138947,0.5429362740988939,0.0057158066552085674,0.9733253100468624,0.29162036178126427,Medium,0,Moderate Zone
174,46.40236196000001,0.14531672983216026,0.1133089122958402,0.14623808860778809,25.117893911886753,67.42929037907714,0.7081292154774579,0.9168911624270077,0.00012675716280099463,0.666248997587531,0.5540668493632408,High,1,Extreme Hotspot
103,48.78472190000002,0.11160467122458699,0.15632384240250702,2.9091649055480957,25.04439821029228,67.26793661805851,0.8070997515086973,0.8614982499463336,0.004557138803959839,0.6116588818635624,0.5755356991691314,High,1,Extreme Hotspot
212,47.991741260000026,0.14155963418162607,0.13150607703659487,0.2613254487514496,25.192955879273274,67.16942319830375,0.7741569045083425,0.9107178084656211,0.00031130093152613274,0.6431550316881897,0.5749792646436996,High,1,Extreme Hotspot
102,47.75589788000002,0.10148727363985786,0.1591337019587128,3.7089412212371826,25.05356705674571,67.27292651267581,0.7643592474263402,0.8448741652095686,0.005839588373140428,0.6080928977282635,0.5555533003909092,High,1,Extreme Hotspot
4,40.40373685999998,0.005372833514141642,0.10952304480488198,54.20206069946289,24.832630858573776,66.97113211952781,0.4589279375221854,0.6869467353843021,0.086805826121306,0.6710536303960588,0.44252536792605773,Medium,0,Moderate Zone
52,44.74120424,0.01262295758221228,0.22963651393371048,28.713916778564453,24.95471833244855,67.18540512920933,0.639119630812921,0.6988595495097036,0.04593532452061067,0.5186179955248584,0.4756842149867483,Medium,0,Moderate Zone
206,46.79714326999999,0.1530323928603491,0.13788415064714066,0.2696371078491211,25.193058217275045,67.16620569751598,0.7245296414625477,0.9295689123035707,0.0003246287625957496,0.635060638052485,0.5563404782317007,High,1,Extreme Hotspot
7,33.26007506000002,-0.32517043905099535,0.5299775670038176,29.685747146606445,24.809292219555694,66.95790695766692,0.1621583244586445,0.14382491712301448,0.04749366453689164,0.13745608725025726,0.12580170093618434,Low,3,Cool Zone
44,47.30130122000003,0.11395091474518812,0.1612598222809723,4.896646499633789,24.893744976963358,67.28961249624571,0.7454739084132059,0.8653534064500604,0.007744086034190661,0.605394644955391,0.5510075248324173,High,1,Extreme Hotspot
40,47.438022020000005,0.09189048409675421,0.13483671750725185,4.068507194519043,24.89026949073542,67.2770832651817,0.7511537096201628,0.8291055012592405,0.006416156118998238,0.6389281260933828,0.5542169732853773,High,1,Extreme Hotspot
120,49.86481622000002,0.11759049192878282,0.1746755102970847,3.6893622875213623,25.093553678189604,67.23240119487208,0.8519701810436636,0.8713336636258188,0.005808193351036985,0.5883688364860957,0.5906139375963166,High,1,Extreme Hotspot
0,31.817670620000058,-0.35813475855952576,0.48802004756181766,0.5469030141830444,24.760899085416003,67.42484898298143,0.1022364217252418,0.0896606287069162,0.0007692275024572047,0.19070424634640415,0.09267681914102928,Low,3,Cool Zone
74,43.456028720000006,0.012820754610228762,0.1550034201990335,242.43714904785156,24.92706224280008,67.11989756216693,0.5857294994675183,0.6991845534968346,0.388642731292809,0.6133346256277247,0.5589970907602797,High,2,Warm Zone
180,46.768090099999995,0.08194432926997809,0.2011482561424923,5.9139604568481445,25.048479820165834,67.47728546432955,0.7233226837060693,0.812762788693029,0.009375359454718074,0.5547723560164454,0.5245418028533507,High,1,Extreme Hotspot
142,46.21778888000006,0.1201807757561576,0.13389284990598793,0.7418720722198486,25.00693342297584,67.43705430405257,0.700461483848067,0.8755898073107863,0.001081862397462081,0.6401259855680659,0.5398187273488235,High,1,Extreme Hotspot
74,43.580786450000005,-0.0912665069545134,0.42709658954426744,2.5364112854003906,25.15080162296924,67.05281444438162,0.5909123180688672,0.5281568320122271,0.003959424530366914,0.26802201985516416,0.37018271213300546,Medium,0,Moderate Zone
40,42.83053106,0.0277782989309689,0.1254207840156368,65.59727478027344,24.948860446716168,67.11010615038163,0.5597444089456862,0.7237615736405537,0.10507816940277066,0.6508778583766113,0.4889071136503725,Medium,1,Extreme Hotspot
95,47.605504999999994,0.05935651531724863,0.20434150431741946,2.2895991802215576,24.995586095547587,67.37524627531938,0.7581114660986855,0.7756483301552696,0.00356365877468505,0.5507198145622956,0.530626713568895,High,1,Extreme Hotspot
80,46.02296174000003,0.06465011268625238,0.10009807772365605,49.55365753173828,24.9797093650554,66.99739704099095,0.692367767128151,0.784346338757547,0.07935206370938733,0.6830148271801255,0.5510400390282644,High,1,Extreme Hotspot
33,41.7436007,0.035175431163282325,0.11541812969522607,245.19949340820312,24.887033921330136,67.05938800085411,0.5145899893503723,0.7359159396234267,0.39307217895882174,0.6635721962621783,0.5472058706758041,High,2,Warm Zone
145,48.20878553,0.16361435089463025,0.15898206138237878,0.397505521774292,25.098480779808984,66.85185368298474,0.7831735889243869,0.9469563249825289,0.0005296670828526471,0.6082853443180869,0.5771023699514647,High,1,Extreme Hotspot
6,45.41455417999998,0.10573324075913466,0.09735547043760116,16.682411193847656,24.787439664503808,67.11956511056395,0.667092651757187,0.8518507930023633,0.02664268125144911,0.6864954616658696,0.5385744422992655,High,1,Extreme Hotspot
17,44.173812920000046,0.08793573169989519,0.18921164537345206,1.779481053352356,24.798532508761998,67.48388157704338,0.6155484558040482,0.8226073738101877,0.002745679098116412,0.5699210720928869,0.4842811225862539,Medium,1,Extreme Hotspot
287,45.98194550000005,0.1643254786908699,0.13155899941042695,0.12067104876041412,25.155387101018288,67.48533096325944,0.6906638267660646,0.9481247923323936,8.57601507686526e-05,0.6430878680660539,0.5471232632071878,High,1,Extreme Hotspot
19,42.155472110000005,0.040914026949503295,0.11832829337252956,155.4947509765625,24.877002644522882,67.15043947330653,0.5317003904863327,0.7453451334275896,0.2492296994702998,0.659878916474771,0.5187651343712008,High,2,Warm Zone
119,49.77936571999999,0.16251085719271677,0.16145284736412208,0.572232723236084,25.08458973191678,66.85527186642295,0.8484203052893136,0.9451431538924865,0.0008098439521135713,0.605149677415036,0.602371991670634,High,1,Extreme Hotspot
99,47.90629076000005,0.06280322313003603,0.20689694201163086,3.570427417755127,25.010172239799058,67.3692563282827,0.7706070287539948,0.7813116800693949,0.005617480060958071,0.5474767164308685,0.5363392768134204,High,1,Extreme Hotspot
139,47.73709876999999,0.12389741315342837,0.12019838950297922,0.20310477912425995,25.16723640824433,66.94245181315331,0.7635782747603822,0.881696683561386,0.00021794348743070047,0.6575055832176198,0.5692414149537425,High,1,Extreme Hotspot
113,46.583517020000045,0.0771595076155263,0.13809085961982312,3.345184564590454,25.03190490091743,67.41267900513029,0.7156549520766785,0.8049007589598124,0.005256300823294403,0.6347983043299394,0.5352708307464548,High,1,Extreme Hotspot
35,43.47140981000001,0.035132774007336935,0.2527232270211674,1.2231146097183228,25.05382745092472,66.9286108621888,0.5863684771033012,0.7358458488546172,0.0018535397687212418,0.48931871883174105,0.4432513968780416,Medium,0,Moderate Zone
12,42.47163896000001,-0.0033827141258042917,0.16239478634264984,417.50274658203125,24.817425369937492,67.03672250397837,0.5448349307774225,0.6725603317005191,0.6693622221452118,0.6039542655495456,0.6069494307122589,High,2,Warm Zone
52,47.87040155,0.01827527242924945,0.3242146982716264,5.512091636657715,25.13058818186932,67.02871761926409,0.7691160809371663,0.7081469734929074,0.008730958657632355,0.39858911217745885,0.4957690404987025,Medium,0,Moderate Zone
152,46.737327919999984,0.0742679933526635,0.18673815476906744,6.026662826538086,25.071360032357216,67.47529230228827,0.7220447284345034,0.8001496579260892,0.009556078866657606,0.5730601714242276,0.5258413940642246,High,1,Extreme Hotspot
125,48.11137196000004,0.08862774382455242,0.19726866711988092,1.9660359621047974,25.062414498669597,67.3993809067501,0.7791267305644313,0.8237444318434249,0.0030448218179804742,0.5596959305330286,0.5479127485633871,High,1,Extreme Hotspot
21,50.27156060000004,0.10251556757374362,0.20720693029236525,45.82426452636719,24.91060088541599,66.91395480714328,0.8688675896343637,0.8465637741577254,0.07337194356926736,0.5470833112555864,0.6022912501208385,High,1,Extreme Hotspot
175,48.449755940000045,0.1140402040598378,0.18355163161273688,14.445611000061035,25.050547317523524,67.48591235086063,0.7931842385516518,0.8655001193888763,0.023055949075724277,0.5771041781779253,0.5682835362335084,High,1,Extreme Hotspot
57,43.05953840000001,0.04643726289488868,0.16879966658705958,38.35873794555664,24.86405243140417,67.3533198057962,0.5692580759673409,0.7544204654592003,0.06140089471541674,0.5958258516971122,0.47538169422409304,Medium,0,Moderate Zone
187,45.98878153999999,0.10779011080692702,0.09283421794981381,0.6349223852157593,25.10468209324943,67.3312016052199,0.69094781682641,0.8552304745539339,0.0009103674715286741,0.6922333693159238,0.5433379636447211,High,1,Extreme Hotspot
120,49.437563720000014,0.10057629540568866,0.1708088530527628,6.414279460906982,25.10881609554032,67.19257832820561,0.8342208022719203,0.8433773198764332,0.010177626136815663,0.5932759993225578,0.5813945252889485,High,1,Extreme Hotspot
32,42.37935242000003,-0.019544077287941997,0.19173357562721363,108.72114562988281,24.906262764137033,67.1833876824445,0.541001064962727,0.6460052943582555,0.17422774098620872,0.5667204981512526,0.47020225501563184,Medium,0,Moderate Zone
23,41.05316066,0.010991281177799905,0.17748837349382476,285.73748779296875,24.875038508229316,67.08920903582457,0.4859069932552357,0.696178511566619,0.45807527096636014,0.5847990404398171,0.5302681998666405,High,2,Warm Zone
222,46.36476374000006,0.1393762183235868,0.12859716983398603,0.4525738060474396,25.164742345089323,67.31345669718036,0.7065672701455465,0.907130197132206,0.0006179696445267373,0.6468467168874198,0.5482202734166651,High,1,Extreme Hotspot
105,46.87404872000002,0.0685235740799626,0.1509536518483685,4.535345077514648,25.01761575629847,67.34691836435873,0.7277245296414626,0.7907108954426395,0.007164735478227018,0.6184741742070168,0.5351824648839411,High,1,Extreme Hotspot
25,39.861980689999996,0.025279012933002366,0.12952338187468468,152.20199584960938,24.81372935743233,67.16423534348402,0.4364217252396159,0.7196549501868784,0.243949732670658,0.6456712640304398,0.4726386185976306,Medium,2,Warm Zone
31,42.76558868000001,-0.013433855785552099,0.2754982284900965,17.716394424438477,24.840317015809106,67.3145098002788,0.5570465033723817,0.6560451133102605,0.028300684023722555,0.46041503439660825,0.42038354623074403,Medium,0,Moderate Zone
89,47.90970878000002,0.09859268573119156,0.16710921516562918,2.2588701248168945,24.972339475334948,67.38719588849416,0.7707490237841675,0.8401180138110791,0.0035143844174779573,0.597971198405634,0.5547901473708252,High,1,Extreme Hotspot
285,45.97510946,0.16599099889320199,0.10547588446188184,0.263763427734375,25.143059145646575,67.41781769484824,0.6903798367057146,0.9508614396512807,0.0003152102559647167,0.676189869160831,0.5540979270261353,High,1,Extreme Hotspot
84,46.94924516000003,0.15344050002807041,0.12872206114984064,4.807830810546875,24.946142546946383,66.86003048595549,0.73084842030529,0.9302394808051111,0.007601669160907969,0.6466882177019391,0.5631133510734974,High,1,Extreme Hotspot
2,32.49443858000001,-0.31111821446702903,0.48419367747098835,1.5458335876464844,24.775757270072468,67.28723632753693,0.13035143769968058,0.16691438951624182,0.0023710229775779326,0.19556028088006783,0.11688254542771656,Low,3,Cool Zone
43,49.52985025999999,0.08461538461538466,0.19177746761673892,23.558393478393555,25.009188513216248,66.97145231581264,0.8380546680866157,0.8171516495662687,0.03766838974709463,0.5666647949621133,0.5805446710987829,High,1,Extreme Hotspot
161,47.55423470000005,0.11683893224825297,0.1446411090827315,0.36385393142700195,25.006102789296644,67.47572613673529,0.7559815406460788,0.870098761892519,0.0004757064107290419,0.6264854028486556,0.5583234377147228,High,1,Extreme Hotspot
216,45.127440500000034,0.13638334714876107,0.09136185377928223,0.4672563672065735,25.163268396883133,67.33027645452428,0.655165069222578,0.9022125546653704,0.0006415132827461003,0.6941019421639519,0.5363786776423136,High,1,Extreme Hotspot
28,48.829156160000025,0.10474042367776898,0.14879671481060358,40.110801696777344,24.99347328322526,66.88864848104211,0.8089456869009587,0.8502194767324915,0.06421034700707902,0.6212115363789164,0.5914060902978102,High,1,Extreme Hotspot
212,46.87063069999999,0.1597543540640749,0.1152752231842447,0.45619481801986694,25.16300298568697,67.311190248301,0.7275825346112875,0.9406138921723711,0.0006237759745629502,0.6637535584764801,0.5650317533593074,High,1,Extreme Hotspot
162,45.6230534,0.14564184854547724,0.1248250595020547,0.3624015748500824,24.956383324113585,67.47304196246438,0.6757543485977985,0.9174253710507599,0.00047337754198183195,0.651633890527667,0.5383606675877622,High,1,Extreme Hotspot
47,42.833949080000025,-0.0027945141071773426,0.19267263150299438,299.88739013671875,24.924233483237483,67.12450212716,0.5598864039758613,0.673526814125464,0.4807647852826906,0.5655287452226061,0.558280529074358,High,2,Warm Zone
48,46.193862739999986,0.060336026854463334,0.20350507056237158,17.16520881652832,24.92823550894667,67.25836781837047,0.6994675186368464,0.7772577838372988,0.027416852217833326,0.5517813300726141,0.5135861540993145,High,1,Extreme Hotspot
10,43.50900803000002,0.05263510584608811,0.09453070941581221,263.9400634765625,24.8480991523756,67.12066446845702,0.5879304224352149,0.7646042568485409,0.42312287630869083,0.6900803572053864,0.5936595980196171,High,2,Warm Zone
261,45.00097376000002,0.15737888007394285,0.11704666805648335,0.25426217913627625,25.15009419959693,67.49564040860307,0.6499112531061415,0.9367107065387906,0.0002999749058645941,0.6615054232282224,0.5328471855953858,High,1,Extreme Hotspot
107,49.734931459999984,0.13006854647521263,0.10992195376974492,0.6218886375427246,25.115696575058642,67.13425454071594,0.8465743698970521,0.8918365878603,0.0008894677227361757,0.670547376253574,0.6067370783192647,High,1,Extreme Hotspot
25,48.077191760000005,0.09935383224456876,0.14121095724249472,3.6927905082702637,24.813491547629685,67.40587471708507,0.7777067802626902,0.8413686678482967,0.0058136905383582875,0.6308385980170533,0.5649091545203209,High,1,Extreme Hotspot
39,51.45761354000001,0.14383956817539387,0.16322295027633038,22.405427932739258,24.932751870112497,66.901288968989,0.9181398651047209,0.9144640105486385,0.03581959760571891,0.6029032452441324,0.6339610960744404,High,1,Extreme Hotspot
134,49.615300760000025,0.10872367855608071,0.14964085271496871,8.738368034362793,25.13056316938958,67.18130552820288,0.8416045438409658,0.8567644371406042,0.013904326129422861,0.6201402435563543,0.5926606133511035,High,1,Extreme Hotspot
27,49.982737910000026,0.14061728043570368,0.1270866280091373,1.8832685947418213,25.020941099184657,66.90926082341329,0.8568690095846648,0.9091694094437357,0.00291210349094999,0.6487637408793199,0.6096037892990278,High,1,Extreme Hotspot
78,48.600148820000015,0.09994347887522972,0.17896276005034417,0.6062502264976501,25.119970438485655,66.95380845942071,0.7994320198793041,0.8423375272284649,0.0008643913693683657,0.5829279009879414,0.5629251150759218,High,1,Extreme Hotspot
155,48.487354159999995,0.0643725191669839,0.2540265277119848,0.8323277235031128,25.162621687674594,67.18269957722758,0.7947461838835631,0.7838902196668371,0.0012269089670372529,0.48766470392672034,0.5333216745305542,High,1,Extreme Hotspot
84,48.81548408000003,0.08900457396804881,0.12993577881789492,17.895654678344727,25.042437181850197,67.1843588877126,0.8083777067802632,0.8243636084829103,0.02858812968932119,0.6451478923360484,0.5831822348740818,High,1,Extreme Hotspot
71,46.28614928000002,0.04624050030026306,0.21915366697254174,3.530486583709717,24.979164823714264,67.32203680816798,0.7033013844515442,0.7540971611688737,0.005553434521712367,0.5319217444164126,0.5022078354696593,High,1,Extreme Hotspot
478,43.105681670000024,0.1639222114596528,0.19439983219532966,0.13915404677391052,25.172012244697378,66.9038361154199,0.5711750088746897,0.9474621764208244,0.00011539782867256902,0.563336760127215,0.4832855314956107,Medium,1,Extreme Hotspot
230,45.50342269999999,0.14458209757600288,0.10444571825197209,0.4681774377822876,25.154887833516224,67.33593774606007,0.6707845225417098,0.9156840744605179,0.0006429902289119689,0.6774972499347727,0.5413266177299442,High,1,Extreme Hotspot
335,45.03857198000003,0.1668426931032505,0.1274263144677062,0.16943222284317017,25.185418554630843,67.39627430706,0.6514731984380552,0.9522608742982919,0.0001639491962160551,0.6483326458377341,0.5331359269865666,High,1,Extreme Hotspot
192,49.52985025999999,0.1176078680203045,0.1747934512646358,0.3134756088256836,25.198552112181833,67.22378767044695,0.8380546680866157,0.8713622146059923,0.00039492425095673673,0.5882191579663063,0.5836687620815455,High,1,Extreme Hotspot
208,46.23487898000002,0.11835145294528093,0.11538968088703794,0.31100994348526,25.17927786641292,67.32439660729803,0.7011714589989351,0.8725840128696531,0.0003909705311584138,0.6636083005572997,0.5441755882742716,High,1,Extreme Hotspot
142,48.93853280000002,0.14067842530024463,0.13205295873866088,0.2745119333267212,25.161260801044243,66.93695202539159,0.8134895278665246,0.9092698777114728,0.00033244559551632983,0.6424609857992605,0.590361601362062,High,1,Extreme Hotspot
26,47.171416460000046,0.10118869840511309,0.17868927903492712,3.469233751296997,24.83041106989457,67.37435409990435,0.7400780972665968,0.8443835706706935,0.005455214973323889,0.5832749749049024,0.5407075732315542,High,1,Extreme Hotspot
10,43.95847766000003,0.025315147195638824,0.20084994570536105,90.3094711303711,24.86246223833339,67.14158114754537,0.606602768903089,0.7197143230679912,0.14470443107242625,0.5551509408762668,0.4978045519647941,Medium,0,Moderate Zone
119,49.338441139999986,0.12282735405451418,0.1675092833109605,10.486987113952637,25.10787778809421,67.18762352593362,0.8301029463968748,0.8799384494913378,0.01670825485460498,0.597463473150776,0.587701704326257,High,1,Extreme Hotspot
76,50.67488695999998,0.11725175468985964,0.15778824332737537,0.23806941509246826,25.146459462479985,66.97588926309068,0.8856230031948865,0.8707770781485556,0.00027400964174704876,0.609800415146155,0.6068943484399058,High,1,Extreme Hotspot
14,42.647666990000005,0.04699614726711743,0.11272206330466605,246.96961975097656,24.87401039411454,67.12800562829074,0.5521476748313805,0.7553387787985918,0.39591059480229307,0.6669937658403504,0.5665362886209844,High,2,Warm Zone
37,42.21528746000001,0.0376458177446855,0.09565484558734537,65.99972534179688,24.94384597436887,67.09725329050015,0.534185303514377,0.739975077906556,0.10572350302808255,0.6886537194416769,0.48883200273709027,Medium,1,Extreme Hotspot
79,51.03890609000001,0.11510114564395578,0.16269005700130174,0.26900428533554077,25.14303015312192,66.96745405021268,0.9007454739084129,0.8672433723002531,0.0003236140251698112,0.6035795384632588,0.6111815066073474,High,1,Extreme Hotspot
30,40.766046980000056,0.0744484803710316,0.18270930250853565,2.473893642425537,24.82048845910456,67.46265295715145,0.47397941072062655,0.8004462195134054,0.003859176845199834,0.578173175457753,0.42625812651811207,Medium,0,Moderate Zone
75,47.97977819000005,0.09075477296801769,0.14453901804364122,2.951799154281616,25.00921275648814,67.20193190290827,0.7736599219027346,0.8272393931140886,0.004625503261431342,0.6266149662729016,0.5600292467981453,High,1,Extreme Hotspot
23,43.27316465000001,0.03652471102548902,0.26638686920026416,19.379230499267578,24.824595006144406,67.31724551476151,0.5781327653532126,0.7381329665392011,0.030967058816210827,0.4719782324955286,0.44411046232532364,Medium,0,Moderate Zone
30,45.99219956000002,0.074625201199951,0.13958726263939503,25.67801284790039,24.835800915181263,67.43115736060516,0.691089811856585,0.800736592804571,0.04106722126276509,0.6328992238524039,0.5333930637494917,High,1,Extreme Hotspot
78,47.027859620000015,0.07911001636714253,0.186381514668181,3.069110870361328,24.98272183115558,67.3295537583764,0.73411430599929,0.8081056762812007,0.0048136138078366045,0.5735127822812236,0.5307675337500999,High,1,Extreme Hotspot
61,47.62772213000005,0.06471773270454653,0.24832583886294538,3.8993122577667236,25.191303519444904,67.04143773840408,0.7590344337948186,0.7844574464712263,0.006144850293245451,0.4948994306414609,0.521798489190215,High,1,Extreme Hotspot
41,43.965313700000024,-0.0003952462653719321,0.2613129923154896,299.5006103515625,24.89394684512985,67.08194054425032,0.6068867589634367,0.6774690958806627,0.4801445799088743,0.4784174740710039,0.5600947077588935,High,2,Warm Zone
3,31.87406795000004,-0.3753320305825409,0.5630927412805683,1.5860811471939087,24.7935303896261,67.23919877717233,0.1045793397231111,0.06140347018788035,0.0024355603543289466,0.09542972125351168,0.07073709075671107,Low,3,Cool Zone
48,48.12162602000001,0.09147320652303619,0.17204887532218485,2.3947486877441406,24.8527969524133,67.48487871532959,0.7795527156549517,0.8284198646925102,0.0037322670942571317,0.591702290867838,0.5553575909129891,High,1,Extreme Hotspot
112,47.95414304000002,0.05901500994635001,0.23279111955569914,3.119107484817505,25.02898215343914,67.3616543958697,0.7725949591764288,0.7750871963087113,0.004893783894662154,0.5146144952159935,0.5294474081337425,High,1,Extreme Hotspot
108,45.6230534,0.07102045480516501,0.15113237878674302,6.782394886016846,25.014954150055875,67.3498061826027,0.6757543485977985,0.7948135667477596,0.0107679030168382,0.6182473523982945,0.5158652206851517,High,1,Extreme Hotspot
6,44.621573539999986,0.10309390420505418,0.09149710727304079,30.748388290405273,24.761451545079016,67.07599337769231,0.6341498047568322,0.8475140498669448,0.049197620568503055,0.6939302923703095,0.5318724929989622,High,1,Extreme Hotspot
272,45.90333104000001,0.15152046827851687,0.12785271534469828,0.12381817400455475,25.19630595341722,67.38043904993118,0.6873979410720623,0.9270846408144365,9.080659854952751e-05,0.6477915017939783,0.5436028745594235,High,1,Extreme Hotspot
2,31.455360499999983,-0.11832781034922268,0.00033441765725246864,1.8942434787750244,24.764920214169983,67.3642897471092,0.08718494852680066,0.4836918995082429,0.002929701830665841,0.8096245818529,0.2700851061652032,Medium,0,Moderate Zone
104,47.420931920000044,0.11264569157178474,0.1257211504218878,1.1581546068191528,24.904897636590444,67.34150406243988,0.7504437344692947,0.8632087699016464,0.001749375734230883,0.6504966642926927,0.5601954860650612,High,1,Extreme Hotspot
331,45.740975090000006,0.17725473732884323,0.11445254391639913,0.23783907294273376,25.19326360414004,67.39615125280662,0.6806531771387997,0.9693690984280283,0.0002736402857347535,0.6647976182093225,0.5506945693330223,High,1,Extreme Hotspot
114,49.02056528000003,0.11733054954030024,0.11826922726593735,3.8756887912750244,25.091383339396117,67.20953588517959,0.8168974085906997,0.8709065474374291,0.006106969821130284,0.6599538770892888,0.5909124634250346,High,1,Extreme Hotspot
281,45.09496931000001,0.15287094710313112,0.12034591201200069,0.17970581352710724,25.197662194328203,67.4884845443657,0.6538161164359245,0.9293036377677124,0.0001804230048149018,0.6573183628543784,0.532430770561606,High,1,Extreme Hotspot
0,31.626261500000055,-0.1427336694553714,-0.054939012655675974,4.677953243255615,24.805264567665937,67.31014656270919,0.09428470003550082,0.4435901770587315,0.007393409142510963,0.8797719225497483,0.2820551433685875,Medium,0,Moderate Zone
50,51.05941421,0.09011163784004256,0.10041964420715001,39.15148162841797,24.978623724104665,66.94288778139443,0.901597444089456,0.8261826457860222,0.06267206738534033,0.6826067281432713,0.636755736978675,High,1,Extreme Hotspot
6,31.57157318000003,-0.330368931449471,0.49875192340571034,1.8005307912826538,24.793961670436996,67.2250477246963,0.09201277955271668,0.13528317727223235,0.0027794325699441137,0.177084455664411,0.09320933768728976,Low,3,Cool Zone
84,49.90241444000003,0.15056541254174352,0.15872710909771162,0.9807090163230896,25.07563184231492,66.85222599108778,0.8535321263755773,0.9255153709143965,0.0014648399001225654,0.6086089034797444,0.60232814685837,High,1,Extreme Hotspot
254,46.11524828000006,0.1642314169966772,0.13167360056351665,0.10251448303461075,25.17186496251743,67.47384738781655,0.6962016329428488,0.94797023780771,5.664591040409101e-05,0.6429424280945428,0.5492788359448055,High,1,Extreme Hotspot
169,47.94047096000003,0.1417403069205366,0.15044813755675962,0.4107472896575928,25.01214596380675,67.48047170569825,0.7720269790557335,0.9110146752138258,0.0005509003941973283,0.6191157208423504,0.5694238621713867,High,1,Extreme Hotspot
153,45.57861914,0.13402017783857723,0.12297656885209558,0.42336466908454895,25.099466037369854,67.41545582024408,0.6739084132055372,0.8983295870809873,0.0005711324922138173,0.6539798043358659,0.5352515473345896,High,1,Extreme Hotspot
49,42.54170837000004,-0.10258845735556502,0.45038562465866555,1.9428783655166626,25.074973750032154,66.92422969932257,0.5477458288959897,0.5095535240690242,0.0030076883730595365,0.2384659768988716,0.3439764776417887,Medium,0,Moderate Zone
41,46.67922157999999,0.08584718877552704,0.182371714296671,7.450462818145752,24.88080758379546,67.28027022436706,0.7196308129215466,0.8191756499641789,0.011839156834855922,0.578601607620889,0.5294087833961373,High,1,Extreme Hotspot
54,47.76956996000001,0.08638971660432387,0.20286309023846907,2.2531514167785645,24.931852111728134,67.29369673093632,0.7649272275470356,0.8200670875618853,0.0035052144101694674,0.5525960653305221,0.5403764708217438,High,1,Extreme Hotspot
38,46.11866630000003,0.03290492782845142,0.2964643674532396,18.336227416992188,24.915761489744842,67.20968788633505,0.6963436279730215,0.7321852332320611,0.02929459261875207,0.43380697181357974,0.48245027869142176,Medium,0,Moderate Zone
200,46.320329480000055,0.1199339130654121,0.08765708718947889,0.4935609996318817,25.142134189848683,67.37172895968183,0.7047213347532852,0.8751841826177827,0.0006836930320829193,0.6988036500678387,0.5530978145655701,High,1,Extreme Hotspot
21,43.43210257999999,0.04684169624475662,0.2925117245034419,6.836233139038086,24.824676700932518,67.34385684599614,0.5847355342563001,0.7550849974420815,0.010854233210716267,0.4388232588448482,0.43763517339048097,Medium,0,Moderate Zone
142,50.5450022,0.0932197610767046,0.20138643625103694,0.9431824684143066,25.123223376626747,67.25394682665481,0.8802271920482774,0.8312896610659759,0.0014046656935920955,0.554470082372007,0.5880295088770067,High,1,Extreme Hotspot
53,47.104765069999985,0.12043823352652266,0.18559350441357214,0.9325703382492065,24.873223524958423,67.46483706109439,0.7373091941782024,0.8760128409767901,0.0013876490334443204,0.5745128436758161,0.5415750848113239,High,1,Extreme Hotspot
64,48.456591979999985,0.04367412052046339,0.21908856492625053,85.627685546875,24.96957353987459,67.02549797487646,0.7934682286119972,0.7498802946704666,0.13719713961259192,0.5320043652234694,0.5705694935932107,High,1,Extreme Hotspot
12,46.49806652000001,0.09479256432352577,0.15521253719032602,83.57395935058594,24.880855453276027,66.95467650843203,0.7121050763223283,0.8338739634253967,0.1339039684796402,0.6130692358961548,0.5660129643418819,High,1,Extreme Hotspot
45,41.97602605999998,0.04893990503231659,0.1280769507543956,28.666810989379883,24.862352403714656,67.26461545827767,0.5242456514021996,0.7585326034482417,0.04585978990191718,0.6475069253240309,0.46444448361840157,Medium,1,Extreme Hotspot
66,48.945368840000015,0.09137442972571864,0.14201208981001737,1.9907174110412598,24.96411542740354,67.28916793618761,0.8137735179268724,0.8282575626939102,0.003084398775855311,0.6298218831354332,0.5764835178958859,High,1,Extreme Hotspot
95,47.87723759000005,0.10456988581477712,0.13705426226551984,3.946593761444092,25.00834710727621,67.34183040463166,0.7694000709975164,0.8499392627880004,0.006220666671940045,0.6361138468494845,0.5640288538550885,High,1,Extreme Hotspot
68,47.28079309999998,0.06898342320750941,0.1344326886305957,69.79391479492188,25.011528583690204,67.0294961168869,0.7446219382321604,0.7914664821237446,0.11180752494033093,0.639440877900204,0.5724088044265494,High,1,Extreme Hotspot
106,46.59206207,0.1032713326941514,0.14500759022574808,0.8411415815353394,24.921753663654833,67.35896331885209,0.7160099396521113,0.8478055859277516,0.0012410420792769031,0.6260203027553086,0.5390891348208883,High,1,Extreme Hotspot
66,47.33719043000002,0.07101811040451013,0.10107757127050164,74.59376525878906,24.96503114433836,66.96889012191019,0.7469648562300321,0.7948097146193029,0.1195041346532781,0.6817717549272917,0.5842377843336861,High,1,Extreme Hotspot
50,43.529516150000006,-0.054890874317591806,0.3922407233455256,0.8515080213546753,25.103496813406277,66.96465213760719,0.5887823926162581,0.587926312676143,0.001257664772421785,0.312257492625433,0.3864678186661168,Medium,0,Moderate Zone
66,46.419452060000026,0.05443264885520768,0.1956944683238469,17.196271896362305,24.999621978937103,67.14603931761239,0.7088391906283283,0.7675578333044754,0.02746666218665716,0.5616937413916054,0.517874765071988,High,1,Extreme Hotspot
65,47.70804559999999,0.0898972173477062,0.12758348345416948,32.80012512207031,25.049046289092473,67.09585822890139,0.7623713170039037,0.825830327474515,0.05248760173476664,0.6481331831595902,0.5715716129883485,High,1,Extreme Hotspot
7,41.28900404000001,0.010302442582324265,0.18490880584277694,403.0950927734375,24.793082422448986,67.0575416375937,0.49570465033723804,0.6950466680183903,0.6462594006971745,0.5753817925296921,0.5791800690178859,High,2,Warm Zone
30,52.85900174000005,0.1309746266582244,0.17025491184926766,13.711795806884766,24.920787315220323,66.89074975722224,0.9763578274760396,0.8933253851141932,0.021879268846657675,0.593979004403075,0.6488075568498242,High,1,Extreme Hotspot
69,47.814004220000015,0.07847427708942693,0.17004870041987596,1.3656824827194214,24.90068104370171,67.41290281024372,0.766773162939297,0.8070610812126836,0.002082148823181326,0.594240706694958,0.5471371059024083,High,1,Extreme Hotspot
154,48.34721534000005,0.12649850827230816,0.13204098490307384,0.9086358547210693,25.13141687775451,67.26152463707578,0.7889243876464336,0.8859705914811371,0.0013492698423041415,0.6424761817572393,0.5772978975927678,High,1,Extreme Hotspot
7,42.42549569000005,0.049449745258887956,0.049075413064213466,45.99821853637695,24.80532155121194,66.98055459201424,0.542917997870076,0.7593703314368626,0.07365088061806212,0.7477675342378203,0.4990389758656394,Medium,1,Extreme Hotspot
113,48.56255060000001,0.08229668976868508,0.222437645523977,3.236572265625,25.087748479090436,67.22834893365986,0.7978700745473905,0.8133417588026188,0.005082139881936759,0.5277540573200178,0.5479706400738368,High,1,Extreme Hotspot
47,49.20172034000001,0.09188236976559748,0.1608735032365822,6.710655212402344,24.9328253398266,67.25726246674719,0.8244231451899179,0.8290921684503237,0.010652867710446556,0.6058849212684603,0.5779732845248194,High,1,Extreme Hotspot
93,47.73880778,0.09994961432981991,0.13670607126994425,4.864873886108398,25.025269373256876,67.25411885540947,0.7636492722754696,0.8423476085083742,0.007693138320776228,0.6365557349728728,0.5610462817612126,High,1,Extreme Hotspot
87,45.66406963999998,0.09024528742279254,0.12730569165353642,1.5935969352722168,24.902719450235715,67.32107117088513,0.6774582889598849,0.8264022479090051,0.002447611998012311,0.6484857278808329,0.5252527013459745,High,1,Extreme Hotspot
28,42.522909260000006,0.06429944161680452,0.15424776262542517,21.932147979736328,24.825831715615287,67.26740588884553,0.5469648562300317,0.7837701445806934,0.03506068832080534,0.6142936283341961,0.4679753619261572,Medium,1,Extreme Hotspot
131,48.193404439999995,0.09750924717695575,0.15783554165531147,0.5955237746238708,24.94996572633119,67.44655547141807,0.7825346112886039,0.8383377957083648,0.0008471913931818837,0.6097403889833977,0.5609243895166712,High,1,Extreme Hotspot
14,51.21322511000005,0.13992631225705418,0.153231060552798,7.322120666503906,24.893131514571593,66.86688455101368,0.9079872204472856,0.9080340667376612,0.011633358871285344,0.615583921812853,0.6254251222699554,High,1,Extreme Hotspot
86,48.95220488000001,0.09346916329103737,0.14338521400778206,4.318401336669922,25.024541265041826,67.24932516217916,0.8140575079872201,0.8316994584975665,0.006816863952745508,0.6280792554321339,0.5776979890441362,High,1,Extreme Hotspot
141,46.24342403000003,0.08335280085547422,0.09921640112686735,2.951430559158325,25.03886450582651,67.31057861082398,0.7015264465743704,0.8150770746337095,0.004624912215350339,0.6841337602419824,0.5408551199270386,High,1,Extreme Hotspot
50,45.312013579999984,0.052894604293899125,0.1793823930065956,23.15544891357422,24.862968521723435,67.27576493059601,0.6628328008519688,0.7650306435897303,0.03702226398240382,0.582395346091617,0.5056223520931715,High,1,Extreme Hotspot
299,45.29663248999998,0.1719956063957277,0.1235753785608469,0.09518856555223465,25.18058847524712,67.47943544241507,0.6621938232161859,0.9607277222696161,4.489872617917315e-05,0.6532198567730938,0.5396418836630803,High,1,Extreme Hotspot
103,47.88578264,0.12240654841277572,0.10515273794719528,1.0350801944732666,25.11571486393766,66.90229395963831,0.7697550585729492,0.879247015890218,0.0015520246449401932,0.6765999734104206,0.5754970766560316,High,1,Extreme Hotspot
60,46.70656574000003,0.07166344609561653,0.11870123288509084,64.51223754882812,25.035310636874208,67.08693576056453,0.7207667731629398,0.7958700777337074,0.10333830101367862,0.6594056200844648,0.5654029201955447,High,1,Extreme Hotspot
100,48.11478998000001,0.11290334664399114,0.1279435299497027,0.8886762857437134,24.908536972255003,67.35245049501785,0.7792687255946039,0.8636321277579869,0.001317264467633868,0.6476762492576073,0.5711168753699696,High,1,Extreme Hotspot
25,41.76923585000003,0.047542191361184524,0.08437017195827667,161.79580688476562,24.8127955024532,67.17048879664075,0.515654952076678,0.7562359940373685,0.2593335075930691,0.702975064095509,0.5251257696536455,High,2,Warm Zone
185,45.045408020000025,0.07193243514980896,0.10085773439810704,1.5421712398529053,25.05391224630989,67.31267807884355,0.6517571884984029,0.7963120586673129,0.0023651503651262646,0.6820507492270536,0.5171511216361504,High,1,Extreme Hotspot
6,39.82267346000003,0.04054644601090606,0.11487172693955054,365.1007995605469,24.833989887089643,67.02038699593506,0.43478878239261715,0.7447411543292409,0.5853351597483656,0.6642656343217138,0.5648136029078672,High,2,Warm Zone
153,47.81058619999999,0.05781579007319315,0.2530525149433646,1.4084992408752441,25.145278989151667,67.2161642434376,0.766631167909122,0.7731167357606882,0.0021508059363934537,0.4889008205407367,0.5209378431199977,High,1,Extreme Hotspot
139,49.63580888000001,0.11650793457105726,0.15523981236238313,1.499371886253357,25.14026343700361,67.17286712616395,0.8424565140220089,0.8695548934335312,0.0022965211602995915,0.6130346210590436,0.5905968941257169,High,1,Extreme Hotspot
18,43.77390458000002,0.034157625435299134,0.25190383591704596,18.281204223632812,24.815611265376553,67.34948031054721,0.5989350372736957,0.7342435640420721,0.029206362360823173,0.4903586055660972,0.4550838612192143,Medium,0,Moderate Zone
143,49.24615460000001,0.09798056754799328,0.17098306409270184,0.9658567905426025,25.134204345309097,67.21004819985235,0.8262690805821793,0.839112231003674,0.0014410242029333491,0.5930549086266743,0.575345704659491,High,1,Extreme Hotspot
272,45.53418488,0.1709880362712366,0.13618362146153307,0.13341881334781647,25.19303682798084,67.35103911011387,0.6720624778132758,0.95907216499933,0.0001062013227343965,0.6372187744205811,0.5401561210900097,High,1,Extreme Hotspot
95,46.71681980000005,0.1154847845294914,0.1466886754701881,1.0939432382583618,24.90882441267828,67.34129499914783,0.7211927582534626,0.8678737365108175,0.001646412142621732,0.623886842633247,0.5438471353403125,High,1,Extreme Hotspot
188,44.307115700000054,0.1542079432881941,0.15297652233166079,0.18054625391960144,25.10288153946803,67.4376544373015,0.6210862619808323,0.9315004811443893,0.00018177065965055108,0.6159069554877561,0.5113864107264552,High,1,Extreme Hotspot
77,48.302781080000045,0.10130450911590835,0.1497709697645256,0.6114744544029236,25.117120894384854,66.95662754580586,0.7870784522541722,0.844573861410339,0.000872768472684618,0.6199751124082773,0.5657306747130464,High,1,Extreme Hotspot
77,50.26814258000002,0.10283821397830638,0.15381740113860726,39.693424224853516,25.046595633018583,67.0599795583897,0.8687255946041887,0.8470939204848362,0.06354107792701978,0.614839798775721,0.6134075551513001,High,1,Extreme Hotspot
54,42.164017160000014,-0.0817008569036873,0.4348705661635483,0.7027122378349304,25.116994873838554,66.98931488389398,0.5320553780617678,0.5438743300818091,0.0010190691992253322,0.2581560899970985,0.34628928603620457,Medium,0,Moderate Zone
16,41.870067440000014,0.047766362036669154,0.09191502518164135,319.57171630859375,24.871057447850777,67.01826569454317,0.5198438054668086,0.7566043330567206,0.5123288052761821,0.693399914035693,0.5881903562714157,High,2,Warm Zone
117,49.027401320000024,0.1212538869328455,0.141800748251023,3.246459722518921,25.092029165572416,67.22374370121527,0.8171813986510474,0.8773530563067686,0.005097994521021658,0.6300900960590431,0.5857680357484983,High,1,Extreme Hotspot
86,48.453173960000015,0.07280002461375028,0.13846698333608384,4.092637538909912,25.00503865066439,67.28967701385471,0.7933262335818245,0.7977376111025613,0.006454849375051445,0.6343209668764951,0.5654690408171759,High,1,Extreme Hotspot
111,46.65871346000006,0.11580650120652655,0.10640575794707936,2.019726276397705,25.035871235748832,67.27929950797751,0.7187788427405057,0.8684023551852811,0.003130914790582175,0.6750097695758799,0.553556572986816,High,1,Extreme Hotspot
174,45.404300120000016,0.11593034388925287,0.13081431485122075,0.6212225556373596,25.10676623961054,67.39767382332636,0.6666666666666666,0.8686058434078631,0.0008883996535325531,0.6440329449536395,0.5259862320819572,High,1,Extreme Hotspot
38,45.79053638000005,0.13091710454998368,0.11921789250619635,5.869002342224121,24.84844872805248,67.40625954137748,0.6827121050763236,0.8932308694649244,0.009303268654328376,0.6587499289456877,0.5411452754029877,High,1,Extreme Hotspot
45,40.885677680000015,0.037850073299860856,0.12346615224284364,10.865882873535156,24.854480875248594,67.2806478433992,0.4789492367767129,0.7403106940201617,0.01731581811211691,0.6533584755578998,0.4376269484533186,Medium,0,Moderate Zone
28,45.06249811999999,0.0678535842092407,0.22332241059980057,3.2410895824432373,24.83004013207644,67.36249171731018,0.652467163649271,0.7896100225857235,0.005089383446035565,0.5266312046789008,0.486026955644856,Medium,1,Extreme Hotspot
217,45.26416130000001,0.13649768189716707,0.14256820252536573,0.34024617075920105,25.14207858365959,67.33441638924704,0.6608448704295348,0.9024004202236764,0.00043785112306444774,0.6291161221958907,0.5256306984253096,High,1,Extreme Hotspot
56,43.38083228000005,0.06601371364316005,0.08779372129218385,191.67019653320312,25.00861216755173,67.07329941699645,0.5826056088036933,0.7865868969312202,0.307237399447083,0.6986302481476216,0.5675656775524555,High,2,Warm Zone
20,46.95266318000006,0.09325479841576108,0.15066162863225616,6.198477268218994,24.805178289483244,67.397475791215,0.7309904153354649,0.8313472315714885,0.00983158509557467,0.6188447799739476,0.5433251031385925,High,1,Extreme Hotspot
43,47.53372658000001,0.06949291625060552,0.18569376905439794,4.253600597381592,24.892929851346576,67.27121868701802,0.7551295704650333,0.7923036396487197,0.006712955299097393,0.5743855981279998,0.5374527325836956,High,1,Extreme Hotspot
74,48.21733058000001,0.08517852880470658,0.14139436699907587,14.649944305419922,25.047445577070047,67.15662864457914,0.7835285764998221,0.8180769622906037,0.02338359963787048,0.6306058332581232,0.5680900415046117,High,1,Extreme Hotspot
24,46.63478731999999,0.094190340389748,0.15502925476118334,11.464205741882324,24.9105459427124,67.15843022748703,0.7177848775292852,0.8328844380438163,0.018275235001177444,0.6133018390642235,0.5392757932814256,High,1,Extreme Hotspot
189,47.03811368000004,0.1301456054507587,0.12281338170092704,0.46193915605545044,25.112374250619617,67.4940902238609,0.7345402910898127,0.8919632049007472,0.0006329870798363221,0.6541869046483589,0.558606224870668,High,1,Extreme Hotspot
199,45.59229121999999,0.15649625841258102,0.13016796161925642,0.21328286826610565,25.096865533452814,67.43502524142895,0.6744763933262325,0.9352604544194977,0.00023426415832203,0.6448532298557419,0.5391088375041465,High,1,Extreme Hotspot
34,43.90720736000003,-0.10797868383236817,0.44930728059617403,1.034981369972229,25.058730859874874,66.97415452151913,0.6044728434504798,0.5006967423768646,0.0015518661788337406,0.23983450003759788,0.3652485152889496,Medium,0,Moderate Zone
44,43.59958556000004,-0.039305363823700076,0.30344104260027793,9.543743133544922,24.929605731588758,67.22984105419825,0.5916932907348252,0.6135351557552433,0.015195753405666956,0.4249528948058776,0.41749710696980885,Medium,0,Moderate Zone
61,43.59445853,-0.04448124276676623,0.3359604009057239,0.45031365752220154,25.183315410030986,67.03018024053051,0.5914802981895626,0.605030572494955,0.0006143454730607715,0.3836826770289027,0.404236826924114,Medium,0,Moderate Zone
25,51.64389563000003,0.12894744981596618,0.15580480762498877,25.203710556030273,24.9122494226428,66.91000030422265,0.9258785942492017,0.8899944930226364,0.040306672646936034,0.61231758730605,0.6363907972760202,High,1,Extreme Hotspot
86,48.945368840000015,0.09445781451641033,0.1779747915173183,1.383521556854248,24.930422356580586,67.37318102098837,0.8137735179268724,0.8333239297717323,0.00211075396250591,0.5841817288197146,0.5678720308910782,High,1,Extreme Hotspot
27,45.17529278000001,0.061821626991427306,0.09753473006854542,465.133056640625,24.914907586746306,67.02083604056213,0.6571529996450121,0.7796988011399216,0.745737915468853,0.6862679638186426,0.7035040916599349,High,2,Warm Zone
100,49.83405404000001,0.12286807512841093,0.12765121250728803,3.096766233444214,25.124144301885778,67.0918352770462,0.8506922257720977,0.8800053590476108,0.004857959467711043,0.648047228426235,0.6031016297181555,High,1,Extreme Hotspot
233,46.16310056000003,0.14487837445964816,0.15500578413779914,0.18722155690193176,25.175226876728534,67.43498295204985,0.6981895633652828,0.9161708925358201,0.00019247457681576932,0.6133316255602954,0.5394159029827492,High,1,Extreme Hotspot
317,44.19603004999999,0.17386937705822514,0.16893041637950487,0.14822913706302643,25.10686005539132,66.86287781300344,0.6164714235001765,0.9638065498050327,0.00012994982952986377,0.5956599175369781,0.5103240228356036,High,1,Extreme Hotspot
47,46.668967520000024,0.07731139978675713,0.12653755213729714,162.38320922851562,24.913952335694226,66.99870128298971,0.7192048278310262,0.8051503358202892,0.26027541330833,0.6494605713823723,0.6034154491090109,High,1,Extreme Hotspot
50,50.49885892999998,0.10418374812946493,0.15911312824245546,12.780170440673828,25.05812516072262,67.0250490317773,0.8783102591409285,0.8493047927529017,0.020385397965390684,0.6081190077683954,0.6054399736143334,High,1,Extreme Hotspot
135,46.733909900000015,0.11913122305884967,0.1337975177879166,0.8735941648483276,24.911146400501977,67.34571228231164,0.7219027334043308,0.8738652676918152,0.001293080131257325,0.6402469712663994,0.5482135478015988,High,1,Extreme Hotspot
85,47.615759060000016,0.11140253908529761,0.14852926168004515,8.433259963989258,25.076534157864906,67.14344321506732,0.7585374511892083,0.8611661228569878,0.01341508219242664,0.6215509603257116,0.5602538615174806,High,1,Extreme Hotspot
69,47.90799977000006,0.08934953017984903,0.14199264788096044,9.262700080871582,24.98639378019984,67.2306903295573,0.7706780262690823,0.8249304124705381,0.014745097972701826,0.6298465568279042,0.5616663582369699,High,1,Extreme Hotspot
1,40.48235132000002,0.07802150134236842,0.08137616192728674,7.567366600036621,24.796238336032616,67.17140074227191,0.4621938232161878,0.8063171169350305,0.012026613254582923,0.7067747530329352,0.45018670074696254,Medium,1,Extreme Hotspot
74,46.59718910000004,0.08883833090484598,0.15030497316021033,2.187267303466797,24.90027981306288,67.34510923491567,0.7162229321973739,0.8240904514040827,0.003399568555103452,0.6192974103384348,0.5348121147960248,High,1,Extreme Hotspot
39,51.01497995,0.1460420632693459,0.15014850132412622,27.01382064819336,24.93485313066342,66.90357529695044,0.8997515086971947,0.9180829713305527,0.043209202844850046,0.6194959882651729,0.6323145475427079,High,1,Extreme Hotspot
12,42.423786680000035,0.05050078915238086,0.06493766752114626,226.61663818359375,24.864285932850372,66.99016010660775,0.5428470003549885,0.7610973212681073,0.3632743789871981,0.7276367958104948,0.56764935224111,High,2,Warm Zone
111,49.39996550000001,0.11348453449008232,0.15075668653586685,4.244228363037109,25.1071877809692,67.15269575603978,0.8326588569400066,0.8645870883514087,0.006697926824683288,0.618724142280344,0.5881709161909536,High,1,Extreme Hotspot
45,42.32295509000005,-0.11097922848664692,0.4719387159305883,2.142051935195923,25.064708375500654,66.89934042473035,0.5386581469648577,0.4957664914727717,0.0033270652458383316,0.21111301494296786,0.332882601806912,Medium,0,Moderate Zone
46,40.842952430000025,-0.10215057508899764,0.3873622117444848,24.330062866210938,24.863946789978776,67.3326043114239,0.47717429889953905,0.5102730165910073,0.03890576956760556,0.3184487967191775,0.3408268737842036,Medium,0,Moderate Zone
146,49.434145700000045,0.12787711844623928,0.15896813192170142,2.1918725967407227,25.13983998864364,67.20394787067855,0.8340788072417475,0.8882358115793358,0.003406953190356132,0.6083030221538631,0.5893792373619611,High,1,Extreme Hotspot
36,46.95608120000003,0.09658811863224441,0.14087967827825143,5.050310134887695,24.898681473409994,67.25529437717718,0.7311324103656377,0.8368242722105982,0.007990487257838179,0.6312590231334052,0.5462260314189854,High,1,Extreme Hotspot
11,41.996534180000026,0.0027501718857428337,0.12337794926316828,0.7281415462493896,24.756751991652056,67.4897029089678,0.5250976215832451,0.6826373911303834,0.001059845357484764,0.6534704136885847,0.44339370137994366,Medium,0,Moderate Zone
0,30.467552720000015,-0.15305707901685955,-0.020096382075811034,0.9379184246063232,24.750752427475103,67.13347167143428,0.0461483848065322,0.4266275901992863,0.0013962247450652822,0.835553247062757,0.24991319805132356,Low,0,Moderate Zone
211,45.18212882,0.1185433041566723,0.10651944262789881,0.42046114802360535,25.1366897638943,67.38743107803829,0.6574369897053598,0.8728992471745535,0.0005664766662526476,0.674865492696513,0.5290244006641927,High,1,Extreme Hotspot
239,45.61621736000001,0.160590028842192,0.1278344671201814,0.2186913788318634,25.154011157267437,67.27272039118176,0.6754703585374509,0.9419870049918936,0.00024293676078461794,0.6478146605596827,0.541109860465897,High,1,Extreme Hotspot
72,47.896036700000025,0.1412416811666995,0.14123474919306006,1.5068660974502563,24.940095982060413,66.85124783378492,0.7701810436634721,0.9101953739345885,0.002308538205231125,0.6308084037256425,0.5713405388520134,High,1,Extreme Hotspot
52,48.34379732000002,0.09302392098162786,0.1477578926201488,3.3254430294036865,24.913741897823517,67.29753686107973,0.7887823926162586,0.8309678725518697,0.005224645068055615,0.6225299024311901,0.5659702796825358,High,1,Extreme Hotspot
108,50.51424001999999,0.1168184720430528,0.16068156520250018,0.6849889159202576,25.13123068420946,67.11335892621864,0.8789492367767114,0.8700651433476184,0.0009906496697793552,0.6061285092381812,0.6035628304779085,High,1,Extreme Hotspot
86,46.28614928000002,0.08283199174934995,0.19310731990446928,0.9250056743621826,24.922650061777762,67.4318678292392,0.7033013844515442,0.8142213234744434,0.0013755190168976924,0.5649770835069754,0.5167930487574037,High,1,Extreme Hotspot
57,44.13963272000001,0.050734330334575486,0.0784947548182483,325.68353271484375,24.96062356349997,67.04806197120888,0.6141285055023071,0.7614810571418646,0.5221291659062076,0.7104315379478523,0.6324921598383249,High,2,Warm Zone
3,32.752499090000015,-0.3516280152705463,0.48536690812518213,1.008326768875122,24.767821685577825,67.2948570645666,0.14107206247781365,0.10035198000456978,0.0015091252511229556,0.19407133745915506,0.11067317079642268,Low,3,Cool Zone
25,42.488729060000026,0.04037084513827092,0.09719382754081829,582.9089965820312,24.905410561284494,67.062784585969,0.545544905928293,0.7444526212591417,0.9345928496232332,0.6867006021698633,0.7008741883999694,High,2,Warm Zone
34,43.29879979999998,0.01094518399620016,0.20800388091201436,23.805734634399414,24.844768468587155,67.33548070446044,0.579197728079516,0.6961027684274745,0.03806500384123299,0.5460719036711721,0.45482513819047027,Medium,0,Moderate Zone
153,44.901851179999994,0.11465457338258417,0.15952889082848593,1.3206069469451904,25.01709931042166,67.44309024647727,0.645793397231096,0.8665096010856735,0.0020098697367664695,0.6075913647470348,0.510314539438888,High,1,Extreme Hotspot
43,43.15524296000001,-0.07651863471628699,0.38295832001445385,6.905952453613281,24.88492692646082,67.27902689407782,0.5732339368122114,0.5523893360452119,0.010966028850555249,0.32403776219191127,0.37970103478268735,Medium,0,Moderate Zone
70,49.72125937999999,0.1081466713576483,0.1489206338548311,8.22717571258545,25.065333026851082,67.0843204852699,0.8460063897763567,0.8558163458473508,0.013084623970242348,0.6210542711003724,0.5942570180002804,High,1,Extreme Hotspot
159,46.66213148000003,0.09330055316533495,0.16464419893094825,6.581716537475586,25.068820866728746,67.47767940854779,0.7189208377706785,0.8314224120541824,0.010446113215637511,0.6010995429404037,0.5351131338083889,High,1,Extreme Hotspot
43,46.42287008000005,0.028317432477351058,0.28365083665785323,20.991409301757812,24.928866675228978,67.22181701469033,0.7089811856585034,0.7246474340294957,0.03355220415014621,0.4500685844029342,0.49069135728594915,Medium,0,Moderate Zone
71,49.765693639999995,0.11290519196007204,0.14453391810763208,0.5048527717590332,25.1308109898479,66.96563068807268,0.8478523251686181,0.8636351598312685,0.0007017995051250397,0.6266214385860318,0.5941859416356252,High,1,Extreme Hotspot
25,44.026838060000046,0.03164412636601239,0.11745357016345324,489.1125183105469,24.907112227296235,67.0348032620037,0.6094426695065686,0.7301135868257304,0.7841892295231802,0.660989025013632,0.6815392182100084,High,2,Warm Zone
0,33.65827439000003,-0.34375,0.44814347658058257,0.5515859127044678,24.751351738423505,67.26126031766636,0.1787007454739094,0.1132964938796363,0.0007767365785244816,0.24131148014040438,0.13693125244422122,Low,3,Cool Zone
189,47.092802000000006,0.14550883866934466,0.09913640077163596,0.3516536355018616,25.137586493325646,67.30611418095897,0.7368122115725945,0.9172068200416553,0.00045614311040851274,0.6842352884471709,0.5692670011023224,High,1,Extreme Hotspot
26,44.173812920000046,0.048471174678677856,0.12137341198039905,34.75358581542969,24.8323312448961,67.33503867643974,0.6155484558040482,0.7577624238588435,0.055619996099872906,0.6560143657993525,0.5049916180852845,High,1,Extreme Hotspot
18,40.393482800000015,0.03820715169743025,0.11412230803619598,339.9893798828125,24.817250533872045,67.0441627641745,0.458501952431665,0.7408974161973964,0.5450687393562134,0.6652167195509215,0.5638459221515131,High,2,Warm Zone
3,32.71490087000001,-0.313183549638819,0.49609783375069916,1.8201332092285156,24.7699886614778,67.37196331139981,0.13951011714589998,0.16352079876149272,0.0028108652492525883,0.18045275269638494,0.11712543352417404,Low,3,Cool Zone
0,31.909957159999976,-0.34843050127594277,0.42036504445572287,0.687118411064148,24.762718424720173,67.40761799985034,0.10607028753993489,0.10560587490670478,0.0009940643372010846,0.276565003058287,0.11383051294793736,Low,3,Cool Zone
18,44.9907197,0.08708917173133583,0.11872430652882676,145.6954345703125,24.80654596802008,67.15395469286833,0.6494852680156188,0.8212163753311593,0.23351639456625078,0.6593763373940456,0.5732309296262932,High,1,Extreme Hotspot
78,48.65825516000001,0.12390716501600892,0.1298093379886356,11.03207015991211,25.077778337086592,67.08373097488902,0.8018459353922609,0.8817127070287375,0.01758230113947911,0.6453083580042336,0.5864525270969315,High,1,Extreme Hotspot
327,44.47630769,0.1689086249070136,0.1396194646313244,0.17994043231010437,25.196194769931893,67.38869016153275,0.6281150159744402,0.9556554453901678,0.00018079921845273264,0.6328583564033203,0.5212111942835784,High,1,Extreme Hotspot
110,49.71100532000003,0.12880627301016476,0.15882687327620695,13.491631507873535,25.09033282145391,67.19292616569521,0.8455804046858363,0.8897625227790187,0.02152623312294707,0.6084822930671352,0.5987745571853511,High,1,Extreme Hotspot
84,44.63524561999998,0.10578546217197811,0.14679999625127693,1.030663251876831,24.915176869694864,67.49867218059237,0.6347177848775277,0.8519365989801272,0.0015449420319410653,0.6237455657717701,0.5068129524603695,High,1,Extreme Hotspot
74,49.01714726,0.13626978664831382,0.14068687917938058,7.090610504150391,25.062026374360308,67.03583694313527,0.8167554135605246,0.9020259612883311,0.011262129938711384,0.6315037038778057,0.5911223328776987,High,1,Extreme Hotspot
41,42.12300091999998,-0.014221220236022934,0.1986833179498015,36.836219787597656,24.92841279658902,67.16143976750085,0.5303514376996792,0.6547513800914434,0.058959521149531874,0.557900601508365,0.43667328268264416,Medium,0,Moderate Zone
58,48.29252702000002,0.11512503169646413,0.1933368310598112,1.7420368194580078,24.880571377717697,67.44814309429293,0.7866524671636494,0.8672826199187834,0.0026856368829568772,0.5646858116044291,0.5583619513949023,High,1,Extreme Hotspot
33,41.72992862000001,0.030346559613390573,0.13637022419924855,304.1356201171875,24.87940594940161,67.0669356665885,0.5140220092296768,0.7279815306851519,0.48757686586241883,0.6369819574590971,0.5640966412520677,High,2,Warm Zone
110,47.11843714999998,0.10653908292942917,0.09240403217594953,1.7724058628082275,25.117424498944253,66.89431062129923,0.7378771742988979,0.8531748873073708,0.00273433395712237,0.692779316760679,0.5623665496570812,High,1,Extreme Hotspot
8,45.88111391000001,0.06964832506277764,0.1584368328043406,127.21385192871094,24.858950078824307,67.13505273104698,0.6864749733759316,0.7925589947675389,0.2038809862257625,0.6089772922323882,0.5662395435684218,High,1,Extreme Hotspot
210,45.77344628000003,0.14962631322596356,0.12759623609923007,0.1901216059923172,25.174513622711476,67.45255763988854,0.6820021299254532,0.9239723193073975,0.0001971248354363474,0.6481169988169,0.5410693808385301,High,1,Extreme Hotspot
95,47.57474281999998,0.11313026906553825,0.11105895492491535,6.263130187988281,24.983835055252307,67.36156732048917,0.7568335108271196,0.8640049882226349,0.009935256719099743,0.6691044115786315,0.5686388490597443,High,1,Extreme Hotspot
61,46.23487898000002,0.06160062380378537,0.19698254890225564,3.962681770324707,24.94624882864613,67.28929313894058,0.7011714589989351,0.7793356666789414,0.006246463960073218,0.5600590422845104,0.5109423580483357,High,1,Extreme Hotspot
72,47.678992429999994,0.06078222457264622,0.11663418930258042,51.48588562011719,24.97635171285508,66.95340601783367,0.7611643592474253,0.7779909396329768,0.08245041137346529,0.6620288987483127,0.5741827672369455,High,1,Extreme Hotspot
10,43.22702138,0.04315317564560427,0.14372536349788367,213.7080535888672,24.831309997756193,67.09492446681661,0.5762158324458636,0.7490243204270591,0.3425753304813983,0.6276475727586518,0.5540133282144842,High,2,Warm Zone
67,47.140654280000035,0.08842494186792973,0.10647342493268572,19.518630981445312,25.048360036398066,67.09042402656002,0.7388001419950309,0.8234112041647217,0.03119058892682478,0.6749238936122137,0.5618141633768695,High,1,Extreme Hotspot
41,44.70702404000002,0.02683616626196272,0.16980570544239948,45.280906677246094,24.9474740482211,67.15961155962967,0.6376996805111823,0.7222135378742739,0.0725006636553131,0.5945490908747739,0.5004468869743971,High,1,Extreme Hotspot
3,43.95847766000003,0.07794349002580073,0.07923927934829046,60.04933166503906,24.75202338336827,67.08396059338897,0.606602768903089,0.8061889350852824,0.09618198540932434,0.7094866641527875,0.5295122770069165,High,1,Extreme Hotspot
20,41.459905040000024,0.05002084289955408,0.08211349387890862,205.76596069335938,24.825304592953355,67.18168804869262,0.5028044018459359,0.7603087126254926,0.32984010262776964,0.7058390073170593,0.5387958947525525,High,2,Warm Zone
83,48.14555216000002,0.10221152518297852,0.1233677004221146,4.94176721572876,25.019260721611538,67.2043309671776,0.7805466808661699,0.84606419643279,0.007816437567715703,0.6534834204612975,0.5717790952955748,High,1,Extreme Hotspot
16,40.98821828000001,0.02423212164962859,0.10867575076068266,463.7148132324219,24.891328028834653,67.03738254772158,0.4832090876819311,0.7179347835867979,0.7434637475394411,0.6721289286659937,0.6212655752288512,High,2,Warm Zone
67,47.10305606000003,0.05777347409192801,0.13886851021784216,65.08208465576172,25.031351571998158,67.14234758098276,0.7372381966631173,0.7730472055823613,0.10425205672568184,0.6338113903437165,0.563677651752765,High,1,Extreme Hotspot
85,47.67386540000001,0.08184439315394762,0.19486401934629494,2.6639044284820557,25.013834956365685,67.25947747552654,0.7609513667021651,0.8125985817962217,0.004163861099956607,0.56274766163918,0.5398608315531245,High,1,Extreme Hotspot
89,48.102826909999976,0.09029147303262976,0.15349347629953497,3.0931222438812256,24.970011257263895,67.36032305137945,0.7787717429889937,0.8264781363462365,0.004852116292871429,0.6152508907943988,0.5597436248796306,High,1,Extreme Hotspot
62,43.31247188000003,0.04623359404851237,0.09293191991074239,86.85113525390625,24.95055407326923,67.01999828748438,0.5797657082002138,0.7540858133777688,0.13915895383354004,0.6921093760572965,0.5182307689565951,High,1,Extreme Hotspot
137,50.206618219999996,0.14531073701738426,0.1209269003680921,2.3281171321868896,25.183127933094003,67.08668987216375,0.8661696840610569,0.9168813155212385,0.003625422707843158,0.6565810323155478,0.6162226330926789,High,1,Extreme Hotspot
1,33.77106905000005,-0.03938338648200289,0.06496536638716734,11.26693344116211,24.8029644528799,67.195001722265,0.1833865814696504,0.6134069552696786,0.017958906832779602,0.7276016432646748,0.31537573123944185,Medium,0,Moderate Zone
29,39.25528214000002,-0.1502184642054802,0.4712306450761375,7.431200981140137,25.011090490058685,66.94934976868942,0.4112176073837419,0.4312917711573059,0.011808270280597067,0.2120116254902682,0.2745352012952956,Medium,3,Cool Zone
106,45.489750619999995,0.05605006486151036,0.29624115732517425,1.11376953125,24.963543675326733,67.4192042194044,0.6702165424210144,0.7702154397213626,0.0016782038078746188,0.43409024710175603,0.47085653329893,Medium,0,Moderate Zone
41,43.14157088000002,0.059592734731688,0.06936848391935933,428.3673095703125,24.950576785861035,67.0744348738248,0.5726659566915159,0.7760364666823976,0.6867836609279441,0.7220136603240415,0.6615704999757603,High,2,Warm Zone
21,43.64060180000001,0.07067827839808505,0.13962100181050094,70.5252456665039,24.848673922925947,67.18458067471884,0.5933972310969116,0.7942513303091319,0.11298022153410384,0.6328564055739472,0.5113129284834498,High,1,Extreme Hotspot
115,46.12208432,0.10003835430527071,0.16322746404686655,0.9525372385978699,25.0010101008848,67.42070200395396,0.6964856230031942,0.842493418817703,0.0014196661640440836,0.602897516831804,0.525902681931305,High,1,Extreme Hotspot
122,50.842369940000026,0.1306274904946437,0.1313866010625023,0.9823572635650635,25.138164011105218,67.13225298608457,0.8925807596734117,0.8927549992071224,0.0014674828815711362,0.6433066582800677,0.6199737561268394,High,1,Extreme Hotspot
120,49.52985025999999,0.12388137060749775,0.148234240884568,2.8345749378204346,25.099008125936592,67.214638504765,0.8380546680866157,0.8816703237548538,0.004437533021566653,0.6219253703114105,0.5929668731155482,High,1,Extreme Hotspot
22,50.43904358000003,0.11555126818063115,0.18556602830022426,9.106904983520508,24.993111446582674,66.85122606152224,0.8758253461128865,0.8679829770384234,0.014495278927602714,0.5745477135269024,0.5990609474381993,High,1,Extreme Hotspot
39,44.16697687999999,0.017804772512380107,0.20223820943245405,46.332820892333984,24.93276260224643,67.18260045659521,0.6152644657436981,0.7073738863011495,0.07418741894612474,0.5533890996427819,0.48143654390773927,Medium,0,Moderate Zone
27,46.83645050000001,0.09796458795869772,0.07051998255372786,217.7552490234375,24.904808618144422,66.99113173932184,0.7261625843095489,0.8390859746423633,0.34906505009379063,0.7205522969427622,0.6477046518321742,High,2,Warm Zone
60,45.73584806000002,0.06280898423323526,0.08783606680146781,61.64997100830078,24.95385083562705,66.95995589780286,0.6804401845935395,0.7813211462455494,0.09874862710139651,0.6985765075918083,0.5537767040679591,High,1,Extreme Hotspot
83,49.48028897000006,0.10286279015006101,0.15306396179304874,1.0353834629058838,25.110457553647016,66.91307396830902,0.8359957401490965,0.8471343020511761,0.0015525109389990775,0.6157959863357855,0.5850157663692219,High,1,Extreme Hotspot
129,47.07400289000003,0.10464902170725558,0.07886811213693758,0.5843400955200195,25.09517488692448,66.87295521627699,0.7360312389066388,0.8500692924494092,0.0008292582484172372,0.7099577113210719,0.5641217462563856,High,1,Extreme Hotspot
27,44.980465640000034,0.06369559640872156,0.1560326516133664,33.88452911376953,24.878905576961905,67.20627770451667,0.6490592829250984,0.7827779552530533,0.05422645471739611,0.6120284311999795,0.5130027063773422,High,1,Extreme Hotspot
205,46.87063069999999,0.10214838044919217,0.17433634634680867,0.5322966575622559,25.16903080841948,67.3247305192876,0.7275825346112875,0.845960442142583,0.0007458060590008691,0.5887992684140113,0.535873385363455,High,1,Extreme Hotspot
61,47.913126799999986,0.0675296338957668,0.19739327062644776,1.4278228282928467,25.13515618109052,67.00375999885973,0.7708910188143402,0.7890777337815531,0.002181791508074676,0.5595377966054311,0.539171074791074,High,1,Extreme Hotspot
0,30.204365180000025,-0.10173840400986559,-0.13345275063945614,0.6917685270309448,24.779307575120036,67.2374654741774,0.035214767483138947,0.5109502625812091,0.0010015208461039773,0.9794134663538986,0.28686151986274266,Medium,0,Moderate Zone
75,50.51424001999999,0.0869597512707053,0.14905095972365656,3.899069309234619,25.01122751486733,67.25033008895666,0.8789492367767114,0.8210037221576356,0.006144460722769034,0.6208888749404026,0.6004441432031027,High,1,Extreme Hotspot
180,46.668967520000024,0.04894239517511978,0.23136824197004446,0.76263427734375,25.184807115258394,67.20667108320183,0.7192048278310262,0.7585366950483414,0.001115154807469803,0.5164202647910996,0.5050252770497491,High,1,Extreme Hotspot
2,33.59675003000001,-0.3833674285017544,0.5807129505284626,0.6724633574485779,24.760180949915053,67.47752490996417,0.17614483493077754,0.04820035794642273,0.000970564807611473,0.07306796779865699,0.09254422242590869,Low,3,Cool Zone
49,44.02854707000006,0.0671645677287206,0.10285542777545485,128.04843139648438,24.939765803440952,67.01443636496428,0.6095136670216561,0.7884778867512593,0.2052192430081865,0.6795154826956424,0.5492850571125264,High,1,Extreme Hotspot
36,45.88965896000002,0.08859257973404502,0.15200468086468,24.73558235168457,24.859701408545547,67.32743831774108,0.6868299609513668,0.8236866530702384,0.0395560242441171,0.6171403165095286,0.5316020517040175,High,1,Extreme Hotspot
12,50.25617951000004,0.10696930668984797,0.16463291674659042,11.34473991394043,24.889061641610564,66.87003591300508,0.8682286119985808,0.8538817959950126,0.018083670314188834,0.601113861125931,0.6001174040024178,High,1,Extreme Hotspot
21,50.40486338000005,0.10661581318251233,0.21357052387976463,37.86137008666992,24.909392675470368,66.91437150816176,0.874405395811148,0.8533009642178059,0.06060336022503367,0.5390072941727969,0.6007096018479479,High,1,Extreme Hotspot
23,42.387897469999984,0.03746984444275497,0.11790460725384586,301.88092041015625,24.8804441093367,67.17333408383318,0.54135605253816,0.739685932890933,0.4839614316326336,0.6604166152270933,0.580568991902481,High,2,Warm Zone
66,43.68332705,-0.02298214669261457,0.3028471009527178,24.335905075073242,25.00657763921461,67.02030871210961,0.5951721689740854,0.6403561383736747,0.03891513760975878,0.4257066643271389,0.4289924056135529,Medium,0,Moderate Zone
52,46.78859822000004,0.09041977251442243,0.10965473009994087,27.380130767822266,24.980055451230555,67.11549536980897,0.7241746538871149,0.8266889476185169,0.04379658489891828,0.6708865089924303,0.5587996517208391,High,1,Extreme Hotspot
124,44.471180660000016,0.05237707181390205,0.2094596482179888,1.3774456977844238,25.068519545536578,67.35788461342763,0.62790202342918,0.7641802763159874,0.0021010112598356208,0.544224393852994,0.4751579824046278,Medium,0,Moderate Zone
264,43.33298000000002,0.17139915985191911,0.12607203371421127,0.43252861499786377,25.16424250240624,67.38792026637385,0.5806176783812569,0.9597476898252857,0.0005858269739807586,0.6500513593837682,0.5063659534465444,High,1,Extreme Hotspot
4,48.461719010000024,0.11251365614595557,0.11324873344519201,57.648948669433594,24.878124680830283,66.9061160401582,0.7936812211572597,0.8629918200300162,0.09233294652408262,0.6663253703821136,0.6032695721748497,High,1,Extreme Hotspot
288,46.470722360000025,0.15673461231015187,0.11274117698765002,0.19417934119701385,25.164173380533384,67.35901246777495,0.7109691160809375,0.9356520981556831,0.00020363145567881918,0.6669695087239627,0.5581802707644397,High,1,Extreme Hotspot
265,46.38185384000002,0.16413931460231662,0.1271748455536238,0.15491339564323425,25.130878929949695,67.41553168020984,0.7072772452964147,0.9478189026451362,0.00014066810708862512,0.6486517842644781,0.5548492573950041,High,1,Extreme Hotspot
53,46.89626585000002,0.02631939833126439,0.1860202386080901,12.361019134521484,24.964597134589827,67.16185516728312,0.7286474973375933,0.7213644268457483,0.01971328452385496,0.5739712766198115,0.5193862394168256,High,1,Extreme Hotspot
9,40.851497480000035,0.006568994346683725,0.1783845558095166,355.9631652832031,24.791878275181574,67.05191353626351,0.4775292864749743,0.6889121695656168,0.5706828689610189,0.5836616982146391,0.5537515969080149,High,2,Warm Zone
228,44.1533048,0.16007117227529788,0.1516657724507254,0.16001591086387634,25.11087499221211,67.45961914541141,0.6146964856230026,0.9411344620862658,0.00014885004286001863,0.6175704241370832,0.5106000609002725,High,1,Extreme Hotspot
66,52.14463555999998,0.12482139953572521,0.13224006051193454,0.3389278054237366,25.198403818426154,67.00755149041503,0.9466808661696825,0.8832149028254094,0.00043573711065457497,0.6422235355132822,0.6397082232720045,High,1,Extreme Hotspot
31,50.42537149999998,0.15931394558259468,0.13448829529864403,4.076335906982422,24.96436844864134,66.85145912997632,0.8752573659921887,0.9398902487795319,0.006428709540159814,0.6393703076485204,0.6205677226285493,High,1,Extreme Hotspot
284,44.00632994,0.15092163691605084,0.13046006621199055,0.2653643786907196,25.175883938665716,67.28355826458932,0.608590699325523,0.9261006898300753,0.00031777739733158055,0.6444825208139903,0.5113273317168514,High,1,Extreme Hotspot
152,45.75635618000001,0.13548604489435984,0.12969182557861758,0.7443954348564148,24.926327649884698,67.49123774044676,0.6812921547745827,0.9007381805897513,0.0010859086354697203,0.6454574926429736,0.536990564685758,High,1,Extreme Hotspot
46,43.442356640000014,0.06850513613120766,0.0903364186199301,120.42056274414062,24.925674333225768,66.9630737206248,0.5851615193468228,0.7906805997050343,0.19298787696862596,0.6954033187761571,0.5399943306918722,High,1,Extreme Hotspot
39,50.99276282000005,0.12355014507205131,0.15853161799367502,4.501757621765137,24.96565101467769,66.86449464740966,0.8988285410010662,0.8811260808977228,0.007110877646592281,0.6088570006396352,0.61524944807466,High,1,Extreme Hotspot
29,43.50217199000002,0.08213644852968098,0.1905267432830079,70.97200012207031,24.83289300502705,67.19205033154446,0.5876464323748671,0.8130784634331111,0.11369659691035763,0.5682520853737879,0.4990949087672605,Medium,1,Extreme Hotspot
152,49.46661689000001,0.11551584815234338,0.17967387888592753,1.6279577016830444,25.17829604497077,67.10379054082624,0.8354277600283987,0.8679247777290947,0.0025027098412665383,0.5820254222571444,0.5813905825824692,High,1,Extreme Hotspot
2,29.93775962000001,-0.09839083447036116,-0.06147525815167111,1.665389895439148,24.792001280070632,67.22329759423691,0.024139155129570655,0.5164507165488313,0.0025627327499402447,0.8880670516396207,0.26537736304956216,Medium,0,Moderate Zone
151,46.11866630000003,0.12685179268665908,0.11408722070365294,0.7198610305786133,25.08992700272752,67.36304118075067,0.6963436279730215,0.8865510796937593,0.001046567465221312,0.6652612487769187,0.5448340047649616,High,1,Extreme Hotspot
115,47.714881640000044,0.09370000790463252,0.17930507528187842,0.9033582806587219,24.988681265066255,67.43017583011004,0.7626553070642539,0.8320787635891471,0.001340807197874937,0.5824934697786568,0.5467078331192737,High,1,Extreme Hotspot
209,45.05566208000005,0.1599839038831882,0.13590539627939968,0.17573024332523346,25.120045960566337,67.42033648892478,0.6521831735889257,0.940991069762981,0.0001740481370017091,0.6375718691449551,0.529579815763259,High,1,Extreme Hotspot
53,46.04005184000005,0.06346362528361808,0.18574208598745356,3.4850597381591797,24.91325167398503,67.30039433614287,0.6930777422790214,0.7823967991693956,0.005480592106448638,0.5743242792566128,0.5108256206649526,High,1,Extreme Hotspot
50,47.896036700000025,0.05946091490255763,0.1543245110703878,6.574133396148682,24.882943167368225,67.30174446446446,0.7701810436634721,0.7758198710617256,0.010433953570325503,0.6141962271183449,0.549893131940898,High,1,Extreme Hotspot
57,51.86606692999999,0.14514950920093295,0.1397680491668637,24.581300735473633,24.94684549976157,66.9124231989021,0.9351082712105062,0.91661639908792,0.039308632081632607,0.6326697882254861,0.6478968840128959,High,1,Extreme Hotspot
75,49.33502312000002,0.11484578597737786,0.17293569162741523,1.1841272115707397,24.92908979248205,67.35798134598218,0.829960951366702,0.8668237860677271,0.0017910230737691532,0.5905768350177789,0.580571071228838,High,1,Extreme Hotspot
124,49.20513835999998,0.11401306198986638,0.16729064872982635,2.055046558380127,25.083030238209727,67.25531816808032,0.8245651402200905,0.8654555217473033,0.0031875512269495944,0.5977409416263907,0.5799894604821473,High,1,Extreme Hotspot
47,48.051556610000034,0.05468379076049018,0.20265163531892963,47.14581298828125,25.052934530131683,67.01347529604392,0.7766418175363868,0.7679704892547239,0.07549106015522515,0.5528644221196517,0.5552979498655,High,1,Extreme Hotspot
107,45.56152903999998,0.052069970643864164,0.20482901982499846,3.878556489944458,25.014507696458566,67.39156978395721,0.6731984380546666,0.7636756726537595,0.006111568205517281,0.55010111012851,0.4953788401970119,Medium,1,Extreme Hotspot
36,47.256866960000025,0.035767918663004265,0.264356277268791,15.619771957397461,25.014659032613668,66.98176100532356,0.7436279730209445,0.7368894668885525,0.024938728278290894,0.47455525048096747,0.5091303414074269,High,0,Moderate Zone
77,46.74587297000005,0.08535494124538041,0.19122543708813322,1.2294518947601318,24.911092153719547,67.40494692584984,0.722399716009941,0.818366828863289,0.0018637016706333285,0.5673653752109948,0.525653911193327,High,1,Extreme Hotspot
120,50.23396237999998,0.13497584895345469,0.1202894233550487,8.915349960327148,25.07241370305113,67.05257391445198,0.8673056443024477,0.8998998681202717,0.014188118472673462,0.6573900524354716,0.6169322780442825,High,1,Extreme Hotspot
11,43.38425030000002,0.05355635151772133,0.2568247711905009,1.7926493883132935,24.781061330938073,67.4860893017766,0.582747603833866,0.7661179727997381,0.002766794659012873,0.48411346171995095,0.44553112846225057,Medium,0,Moderate Zone
42,51.74985425,0.14850150762951903,0.1799948823872344,10.177935600280762,24.930700086020966,66.88395774028392,0.9302804401845925,0.9221241302458244,0.01621268756561666,0.581618037699255,0.6308075750419658,High,1,Extreme Hotspot
101,48.36772345999998,0.0967304666562926,0.16099898217246186,0.8814131617546082,24.98556387176064,67.41021112139812,0.7897763578274744,0.8370581669047693,0.001305617973422911,0.6057256763362099,0.5629408079273028,High,1,Extreme Hotspot
56,48.34721534000005,0.0557966730267932,0.1964737231932301,20.573820114135742,24.97653923490345,67.24377197300178,0.7889243876464336,0.7697990868700819,0.03288259558178172,0.5607047914295202,0.5514012252704352,High,1,Extreme Hotspot
98,50.03742623000005,0.12651278809047534,0.152307075273914,2.907099723815918,25.13127588574056,67.07753448677384,0.859140930067449,0.8859940549167932,0.004553827263756966,0.6167565486932511,0.601045246819088,High,1,Extreme Hotspot
8,43.15695197000002,0.014358189929891633,0.1476941801611921,391.13006591796875,24.83785849131464,67.06660447046109,0.5733049343272989,0.7017107421552647,0.6270733567558642,0.6226107597172272,0.6158690761866207,High,2,Warm Zone
66,46.94070011000002,0.09874133874678002,0.1403497157786958,2.7932560443878174,24.893785635970428,67.38970149345978,0.7304934327298547,0.8403622683544854,0.0043712777498835665,0.6319315969143775,0.5457308521654611,High,1,Extreme Hotspot
3,33.12335426000004,-0.3177839215827081,0.5130811916128661,12.14216136932373,24.78123486084343,67.32429299636294,0.15647852325168765,0.1559618417890713,0.019362343840586715,0.1588992253797481,0.12260611660513207,Low,3,Cool Zone
23,41.31634819999999,0.011250228772594614,0.17359469440433448,38.97443389892578,24.85824049849944,67.23469020353919,0.49684061057862894,0.6966039931909398,0.0623881695254543,0.5897404966170137,0.4367719849148589,Medium,0,Moderate Zone
34,50.712485180000044,0.12126946935219819,0.18129274879483095,6.929027557373047,25.03535456789187,66.96805060281692,0.8871849485268025,0.8773786600707361,0.011003030017375263,0.5799709194263845,0.6052257198109521,High,1,Extreme Hotspot
140,46.31862047000004,0.1241456703298076,0.12882500140809935,1.3594324588775635,25.081547558837627,67.3873772707792,0.7046503372381977,0.8821045995597517,0.0020721268455031632,0.6465575765362539,0.5440053718478683,High,1,Extreme Hotspot
29,42.95357978000004,0.04262055054302758,0.09849337837113291,312.3077087402344,24.883741325064754,67.19684614744321,0.56485623003195,0.7481491541835651,0.5006808942367803,0.685051346201293,0.6003453579397685,High,2,Warm Zone
76,46.16139155000002,0.05121611196080286,0.20343180384296797,4.311443328857422,24.952713821047215,67.34082610363151,0.6981185658501954,0.7622726815207572,0.006805706715469974,0.5518743126412488,0.5056646177753089,High,1,Extreme Hotspot
22,47.024441600000046,0.06404683061567196,0.14479866013369871,38.50389099121094,24.896720840686687,67.15683263701062,0.7339723109691172,0.783355074731644,0.06163364912088349,0.6262854552936228,0.5517576889363389,High,1,Extreme Hotspot
302,46.18702670000005,0.17173332172041278,0.1100077954669568,0.23317208886146545,25.168449307122902,67.42752822426908,0.699183528576501,0.9602967574260313,0.00026615672863636856,0.6704384348192134,0.5578721511905069,High,1,Extreme Hotspot
118,46.803979310000045,0.10193782057918782,0.17029265548608982,3.5590953826904297,25.0356912965438,67.39843201642026,0.7248136315228979,0.845614467291659,0.00559930902588042,0.5939311040694732,0.5369536707732728,High,1,Extreme Hotspot
92,47.88578264,0.10617271307509153,0.13902131668345527,3.3692240715026855,25.032916072815866,67.24400042972373,0.7697550585729492,0.8525728981641647,0.005294848420513937,0.6336174641273886,0.5638351630844106,High,1,Extreme Hotspot
41,47.576451829999996,0.09531892709783645,0.19324137352731538,8.948772430419922,24.848730061473866,67.3766068234584,0.7569045083422071,0.8347388399204775,0.014241711748106354,0.5648069564658238,0.5444944485551458,High,1,Extreme Hotspot
18,41.641060100000004,0.07218290871985468,0.12181030332209916,55.84484100341797,24.851694467440588,67.17570166928864,0.5103301384451541,0.7967236164634645,0.08944004127839068,0.6554599083390458,0.47709258983498815,Medium,1,Extreme Hotspot
11,42.794641850000005,-0.010579862787261708,0.2746847734081835,124.38502502441406,24.855533279590173,67.14398364919786,0.5582534611288601,0.660734562454112,0.19934493311499207,0.4614473877434059,0.46453727964709,Medium,0,Moderate Zone
103,46.72023782000002,0.0914372542009295,0.15518864861354634,4.493015289306641,25.05186478765898,67.25698022919468,0.7213347532836353,0.8283607907612762,0.00709685922634765,0.6130995528155976,0.537182145297352,High,1,Extreme Hotspot
42,42.26143073000003,-0.07679649267157489,0.34872023626407433,48.84125518798828,24.945293838386892,67.121976311896,0.5361022364217258,0.5519327824547449,0.07820971920517648,0.3674892091538223,0.39028108356896063,Medium,0,Moderate Zone
127,47.49612836000006,0.1017528243752139,0.15701743168218163,2.2484190464019775,25.070733743454525,67.29683872444504,0.7535676251331219,0.8453104965773437,0.003497626005472302,0.610778649838346,0.5512537610088876,High,1,Extreme Hotspot
169,48.897516559999985,0.12099306363642263,0.13389266950946976,1.2296648025512695,25.036639544419028,67.46688207693843,0.811785587504436,0.8769244926821069,0.0018640430704718377,0.6401262145087332,0.5847441625734551,High,1,Extreme Hotspot
54,47.29446518000003,0.05392579502782506,0.2347129034207945,3.979475975036621,24.918704626029747,67.28481116896133,0.7451899183528582,0.7667250123240802,0.006273393640503886,0.5121755652135069,0.5170881806425827,High,1,Extreme Hotspot
65,45.53076686000003,0.05116279069767436,0.13544276612499112,95.40921783447266,25.014689075802735,67.115891513172,0.6719204827831031,0.7621850683584696,0.1528819274989992,0.6381589916534407,0.5489482335724496,High,1,Extreme Hotspot
106,49.51276016000003,0.10606280941572199,0.155789533918915,6.5558881759643555,25.091695524137975,67.17720422723283,0.8373446929357475,0.8523923134109277,0.01040469717162253,0.6123369711195314,0.5878652927027501,High,1,Extreme Hotspot
240,44.932613360000005,0.15152693418457427,0.12043064182194617,0.23753906786441803,25.159578708332653,67.34597279285757,0.6470713525026619,0.927095265065317,0.00027315922449814195,0.6572108325127337,0.5294032870695337,High,1,Extreme Hotspot
94,49.89557839999998,0.10562566729649356,0.15701276632826455,6.643131732940674,25.037097705548394,67.23152392766244,0.8532481363152272,0.8516740370388464,0.010544593114854684,0.6107845706246775,0.593843422485567,High,1,Extreme Hotspot
55,48.972713,0.08577584543332598,0.1318841814189169,13.254449844360352,24.973127756852623,67.14551168201719,0.8149094781682633,0.8190584243875203,0.021145909879781332,0.6426751805775285,0.5826440685108845,High,1,Extreme Hotspot
12,40.73186678000002,-0.06246209348017669,0.3120293188742677,192.83917236328125,24.858831249963078,67.14784089724674,0.4725594604188856,0.5754859012101149,0.30911186424462395,0.41405353975627224,0.43543534336148193,Medium,0,Moderate Zone
100,50.50740398000005,0.11272857318739044,0.12710157178019657,2.6245594024658203,25.103844814702175,67.12501238490734,0.8786652467163661,0.8633449542306114,0.004100770945029419,0.6487447757853524,0.611741989714466,High,1,Extreme Hotspot
71,43.35690613999998,-0.0056325011552248476,0.2109117704558101,102.3380126953125,24.98314584537408,67.0386300750528,0.5816116435924727,0.6688636646570876,0.1639923215053142,0.542381509979617,0.48244858950780417,Medium,0,Moderate Zone
317,44.19603004999999,0.17386937705822514,0.16893041637950487,0.14822913706302643,25.1061968362391,66.8627713640928,0.6164714235001765,0.9638065498050327,0.00012994982952986377,0.5956599175369781,0.5103240228356036,High,1,Extreme Hotspot
252,46.08448610000005,0.16002530044275776,0.13128362931476614,0.22166045010089874,25.194947312114095,67.2617616158505,0.6949236776712828,0.9410590892223658,0.0002476976971803902,0.643437339408952,0.5478777267579535,High,1,Extreme Hotspot
39,45.54785695999999,0.02559310397436873,0.2074392664713111,19.111045837402344,24.91634741168522,67.24301274560439,0.6726304579339712,0.7201710390370996,0.03053702194549707,0.5467884541242585,0.49406978534037943,Medium,0,Moderate Zone
55,44.30369768000003,-0.08788069529850392,0.39760410133065166,4.034574508666992,24.964551575021126,67.25424509438318,0.6209442669506572,0.5337201223149809,0.006361744707334204,0.3054508460923949,0.3911163305228226,Medium,0,Moderate Zone
46,43.89353528000004,0.027344744447938742,0.26015676535640825,1.2328970432281494,24.84659864801461,67.49593636514467,0.6039048633297844,0.7230491921804462,0.0018692260017267863,0.4798848381546582,0.44646359829034404,Medium,0,Moderate Zone
77,47.930216900000005,0.08621470936731124,0.15186954442944736,15.510066032409668,25.015753094863108,67.18590363867514,0.7716009939652106,0.8197795299055531,0.024762813696329395,0.6173118177445551,0.5612603940449107,High,1,Extreme Hotspot
149,50.469805759999986,0.1368691096842808,0.11369752827428906,0.9545581936836243,25.170041575090213,67.08978304779008,0.8771033013844501,0.9030107201505951,0.0014229067863633705,0.6657558062425004,0.6197998165214603,High,1,Extreme Hotspot
22,45.24878021000001,0.032916487577127305,0.21148016209209042,154.83245849609375,24.89861432515041,67.1769126990668,0.6602058927937519,0.7322042272707864,0.2481677066485733,0.5416601658992213,0.5442869510501063,High,0,Moderate Zone
127,46.37501780000002,0.13537300634539534,0.1364208077684259,0.6376939415931702,24.935807112326966,67.46274086715452,0.706993255236067,0.9005524448409316,0.0009148116907590321,0.6369177620067676,0.54549242414461,High,1,Extreme Hotspot
8,40.46184320000003,0.00901487415940307,0.20511721915371223,23.549684524536133,24.813764965178443,67.19621093625827,0.46134185303514463,0.6929310403198868,0.037654424849781015,0.5497353572453356,0.40783707492355326,Medium,0,Moderate Zone
43,46.306657400000006,0.054935481282502925,0.1267316899836455,29.29912757873535,24.96808882456694,67.10166039593344,0.7041533546325874,0.7683840466473577,0.04687371607314416,0.6492141916376586,0.5384802161959563,High,1,Extreme Hotspot
19,37.327518860000055,-0.08264367175680486,0.4059743194429758,107.42222595214844,24.829214767396753,67.18561266301384,0.33113241036563906,0.542325173406088,0.172144909889022,0.294828227986227,0.3158036132266697,Medium,0,Moderate Zone
123,49.21197440000003,0.09474825139295824,0.16644626295690118,2.6775903701782227,25.076254310508993,67.29134695992343,0.8248491302804407,0.8338011520224129,0.004185806648590361,0.5988125490181813,0.5758187863813221,High,1,Extreme Hotspot
52,45.37524695000002,0.06919048984024573,0.10147911749811288,153.22215270996094,24.94774459949437,66.936204202728,0.6654597089101882,0.7918067171713382,0.24558556471568083,0.6812621538427506,0.5826037130872463,High,1,Extreme Hotspot
5,41.606879900000024,0.0853782042767963,0.11109542417748652,56.671913146972656,24.75835374896297,67.09829598533872,0.5089101881434154,0.8184050527842384,0.09076625998901741,0.6690581285621697,0.48282802388469026,Medium,1,Extreme Hotspot
152,46.39552592000001,0.11139567479507756,0.1343737997320768,0.8267216086387634,25.00432387883755,67.45589049592546,0.7078452254171101,0.8611548440136568,0.0012179195040442569,0.6395156136205,0.5405189193690036,High,1,Extreme Hotspot
146,46.71340178000003,0.12578406467299139,0.14339923483589948,0.9959093928337097,25.090072041186595,67.38733306594717,0.7210507632232875,0.8847966758733716,0.0014892138605975412,0.6280614616422202,0.5471244024639141,High,1,Extreme Hotspot
69,41.757272779999994,-0.024104409722441118,0.2797970993184134,13.761244773864746,25.004954271074993,67.16582868577888,0.5151579694710677,0.6385121270507497,0.02195856077510802,0.45495935062778026,0.3983215171653726,Medium,0,Moderate Zone
57,45.61963537999998,0.04844494491887111,0.14812612116025273,79.290283203125,25.011993942151413,67.10504927294949,0.6756123535676235,0.7577193252511235,0.12703504960563333,0.6220625847215648,0.5400741195604393,High,1,Extreme Hotspot
39,43.43210257999999,0.03696701481998795,0.1296952580100569,359.33416748046875,24.947185832206955,67.04745512996881,0.5847355342563001,0.7388597241562231,0.5760883057447592,0.6454531365547729,0.6178358760730979,High,2,Warm Zone
49,41.50433930000003,0.02961822831529682,0.121558135900194,301.0601806640625,24.909461332017223,67.11263052204245,0.5046503372381972,0.7267847959404165,0.4826453669866327,0.6557799332399228,0.5626951826809841,High,2,Warm Zone
75,47.55765272000002,0.07572863310739934,0.14185954325782582,5.778813362121582,25.01406446826913,67.19878467846499,0.7561235356762515,0.8025496623589748,0.009158649694741304,0.6300154794964357,0.5511246219473193,High,1,Extreme Hotspot
141,46.173354620000055,0.16517632014984507,0.19580654107358214,0.11429210007190704,25.140791831690194,66.85149568340701,0.6986155484558056,0.9495228258082061,7.553144076946676e-05,0.5615515102090283,0.5342038281555512,High,1,Extreme Hotspot
31,47.82767630000001,0.09839563415534856,0.14169672354741913,24.882911682128906,24.914118247104934,67.18559278301903,0.7673411430599925,0.8397942346903227,0.039792268344685654,0.630222113490986,0.568898082211914,High,1,Extreme Hotspot
122,48.35234237000003,0.126367950522861,0.14780855005510862,1.1914114952087402,25.1458861593378,66.92426939298656,0.7891373801916938,0.8857560696071399,0.0018027034976953033,0.6224656132360229,0.5734621610393769,High,1,Extreme Hotspot
7,40.71477668,0.028164462563388743,0.147990270688246,329.801025390625,24.790438757640782,67.05056667550097,0.4718494852680151,0.7243960863098288,0.5287316078697586,0.6222349921384689,0.5540291074488138,High,2,Warm Zone
152,48.66850922000003,0.10298214701286619,0.1833791660636044,1.1858888864517212,25.15232434135716,67.19467290687622,0.8022719204827837,0.8473304195393514,0.001793847937606493,0.5773230536767856,0.563921403843775,High,1,Extreme Hotspot
46,47.44998509000004,0.07132632995140176,0.1363270727327148,13.374848365783691,25.046945603002573,66.86372651509835,0.7516506922257731,0.7953161559074052,0.021338970150385005,0.6370367208527816,0.5526997869845727,High,1,Extreme Hotspot
10,42.49898312000005,0.07506479301899803,0.12856432360742706,103.06378936767578,24.86933540190785,67.14024412745427,0.5459708910188158,0.8014588943241293,0.16515611188336718,0.6468884019326937,0.5092738989135263,High,1,Extreme Hotspot
59,44.307115700000054,0.002777369525812155,0.31223160003570394,4.058755874633789,24.93068065141988,67.31267405043054,0.6210862619808323,0.682682080080221,0.006400519777010527,0.4137968253553841,0.43519631181969554,Medium,0,Moderate Zone
54,44.05418222000003,0.05985227739023385,0.08433746343956758,425.033447265625,24.997691678940885,67.06995861246251,0.6105786297479594,0.7764629260670701,0.6814377783449245,0.7030165743761734,0.6716636502707101,High,2,Warm Zone
35,43.38083228000005,0.02852189192236063,0.1272169598556608,298.93914794921875,24.904439333874866,67.12197663492309,0.5826056088036933,0.7249833851582921,0.47924426915714063,0.6485983371330719,0.5913204860111207,High,2,Warm Zone
46,44.67113483000003,0.018934002965656456,0.23690749639483488,34.11759567260742,24.86681635306353,67.33954385038717,0.6362087326943562,0.7092293459275395,0.0546001793477817,0.5093904140085,0.47639602260551883,Medium,0,Moderate Zone
122,50.028881179999985,0.13751150723909958,0.1565719148776987,0.10067635774612427,25.185798286867154,66.86502630473119,0.8587859424920113,0.9040662555584471,5.369845754999095e-05,0.6113440538469863,0.6014065507143564,High,1,Extreme Hotspot
118,49.748603539999976,0.05769394672488501,0.16916056241789268,14.279999732971191,25.104397720344046,67.1889184330638,0.8471423500177476,0.7729165326817914,0.022790389701228635,0.5953678399063078,0.5795655853159365,High,1,Extreme Hotspot
196,46.83303248000004,0.14882180455795302,0.15899542062162209,1.1315172910690308,25.06696468395725,67.44579378909549,0.7260205892793763,0.9226504161048726,0.0017066625237522276,0.6082683901485819,0.5508861417881359,High,1,Extreme Hotspot
3,32.783261270000025,-0.2521682137576784,0.4482454671261976,9.325496673583984,24.8110656500792,67.24063420934031,0.14235001774937958,0.2637762355411293,0.014845792956649484,0.24118204425211942,0.14845429952050748,Low,3,Cool Zone
164,47.00735150000003,0.11955419028498052,0.1472401712009023,0.9032180905342102,25.12631818599336,67.27540927845575,0.7332623358182467,0.8745602530325798,0.0013405824015646978,0.6231869410947276,0.5494615061015223,High,1,Extreme Hotspot
73,45.52734884000006,0.05861368254685027,0.1751219983572498,0.4583517014980316,25.17210141190447,67.02114243651592,0.6717784877529304,0.7744277677708292,0.0006272345594611061,0.5878021998598513,0.502592808878632,High,1,Extreme Hotspot
109,47.36282558000005,0.1025979020671069,0.10739813570313268,1.0828155279159546,25.044696324296797,67.35044818519327,0.7480298189563378,0.8466990594999261,0.0016285687443431886,0.6737503460127007,0.56137399789615,High,1,Extreme Hotspot
55,46.957790209999985,0.0483896680238696,0.20443242299973818,22.037363052368164,24.957820247807472,67.19935841528418,0.7312034078807228,0.7576284987536182,0.03522940177470619,0.5506044299417244,0.5250538743973533,High,1,Extreme Hotspot
218,47.21243270000002,0.1132652864832267,0.1176311246416891,0.47768738865852356,25.12369050192997,67.32706661960296,0.7417820376286832,0.8642268378607257,0.000658239533204819,0.6607636911704717,0.5586641388479777,High,1,Extreme Hotspot
126,50.206618219999996,0.11828082272793866,0.1290560305267585,1.6482208967208862,25.161714474711154,67.08457396366849,0.8661696840610569,0.8724679590417552,0.0025352020834556715,0.6462643781911227,0.6072247436397745,High,1,Extreme Hotspot
190,44.27635352000004,0.04622887450557348,0.15896026107260058,1.2604737281799316,25.055392153570118,67.32152617072951,0.6198083067092663,0.7540780586087111,0.0019134455004067026,0.60831301102429,0.4831759950549729,Medium,1,Extreme Hotspot
40,46.474140379999994,0.08861294424383755,0.16253236689864944,2.307257890701294,24.845553879874117,67.4634224359498,0.7111111111111101,0.8237201143762292,0.003591974699028859,0.6037796624883582,0.5296563877733073,High,1,Extreme Hotspot
98,49.05645449000002,0.10714406657315446,0.17899354668649883,2.9148921966552734,25.128420984695932,67.09063259296025,0.8183883564075258,0.8541689472198551,0.004566322574307732,0.5828888297625258,0.5732000312420706,High,1,Extreme Hotspot
86,48.603566839999985,0.09576380457595693,0.1160683515777164,3.3329105377197266,25.02158920123094,67.25479603635894,0.7995740149094768,0.8354698264050767,0.005236619294642341,0.6627470016675716,0.5790086350817272,High,1,Extreme Hotspot
251,46.99026140000001,0.12528243059689473,0.14799483764033547,0.1458226591348648,25.18192440692332,67.37554287320765,0.7325523606673763,0.883972431563702,0.00012609101735741978,0.6222291962335946,0.5500941710025641,High,1,Extreme Hotspot
257,46.27931324000002,0.1683269344406808,0.15073071132099916,0.17191104590892792,25.162984013314183,67.36244640349497,0.7030173943911965,0.9546996589320492,0.0001679240145626286,0.6187571073457775,0.5482053090690822,High,1,Extreme Hotspot
29,44.53270501999998,-0.006482845716691163,0.26641683329581417,37.981056213378906,24.901796074854182,67.22805668065126,0.6304579339723095,0.6674664476428427,0.06079527816336694,0.4719402051538688,0.4618900013069657,Medium,0,Moderate Zone
156,45.68115974,0.10769240864321479,0.17576108666142132,0.41261589527130127,25.104279714851053,67.38112768986596,0.6781682641107554,0.8550699383058608,0.0005538967225672228,0.5869911348553042,0.5170644975418839,High,1,Extreme Hotspot
39,46.94240911999998,0.027655899600239515,0.23775455020966874,13.886542320251465,24.921612071501794,67.21246805514002,0.7305644302449399,0.7235604570165672,0.022159476682757254,0.5083154206129152,0.5079627939437334,High,0,Moderate Zone
12,49.48712501,0.11460429852718867,0.14612704800229945,39.831146240234375,24.88884603950188,66.90725969167472,0.8362797302094418,0.8664269935327703,0.06376191659881726,0.6245996023283058,0.6053363407290577,High,1,Extreme Hotspot
56,44.12937866000004,0.04847868636719342,0.08980824869124988,497.10308837890625,24.976701376899438,67.05627314370912,0.6137025204117867,0.7577747664543928,0.7970021910233535,0.6960736176109356,0.697612494410899,High,2,Warm Zone
248,45.520512800000006,0.1739477227490925,0.1507663450413119,0.13956893980503082,25.187330468676024,67.30190022133272,0.6714944976925803,0.9639352810714312,0.00011606311392618122,0.6187118847007396,0.5369594839563763,High,1,Extreme Hotspot
60,48.49419020000005,0.06272611174945132,0.19633848989951722,5.039309024810791,24.962298722192422,67.26967582890389,0.7950301739439132,0.781184976921251,0.007972846864390822,0.5608764155873466,0.54935831094932,High,1,Extreme Hotspot
99,48.333543260000056,0.0981932984538605,0.13928173331475543,3.4231207370758057,25.031496573754392,67.24912680974025,0.7883564075257381,0.8394617731241304,0.005381272279521269,0.6332869701801971,0.5692645410848346,High,1,Extreme Hotspot
62,48.051556610000034,0.10098987070127777,0.21658076985021735,6.379684925079346,24.973957712552505,67.27815731560108,0.7766418175363868,0.8440568731608948,0.010122153441891046,0.5351870002544499,0.5468331964000517,High,1,Extreme Hotspot
172,47.49271034000003,0.05598090434155998,0.09416923317847271,15.320942878723145,25.055316517698728,67.48987121870685,0.7534256301029469,0.7701018007806701,0.02445955276923082,0.6905391055883058,0.5611082314682482,High,1,Extreme Hotspot
51,44.27293550000002,-0.00253397834600318,0.22910194488456576,267.9669494628906,24.93159080376909,67.11029430656342,0.6196663116790913,0.673954905295594,0.42958002951140395,0.5192964154637703,0.5602140509365807,High,2,Warm Zone
139,46.578389990000005,0.12307796492838582,0.08739363290288872,0.7085387110710144,25.123928954854623,66.89001360830412,0.7154419595314159,0.8803502328939673,0.001028412009139652,0.699137999094032,0.5583140215677528,High,1,Extreme Hotspot
74,49.16241310999999,0.08975264326125364,0.127132318342734,2.471125602722168,25.004074294784925,67.201667525611,0.8227902023429168,0.8255927750956744,0.0038547382649925643,0.6487057554172414,0.5836598328512143,High,1,Extreme Hotspot
11,41.33685632000004,0.05170224835447827,0.10020370854008881,426.0870056152344,24.810049510017826,67.03644494349246,0.49769258075967443,0.7630714612992927,0.683127170022395,0.6828807714353229,0.620895698291427,High,2,Warm Zone
123,48.2378387,0.11886053109374975,0.14322811992233847,0.7232363820075989,24.922673694259977,67.37422629538834,0.7843805466808653,0.8734204886735255,0.001051979876042963,0.6282786230536237,0.5706840115531104,High,1,Extreme Hotspot
30,42.86642027000005,0.04838653496877566,0.26878217716681707,5.4876604080200195,24.833328138253414,67.36076169090627,0.5612353567625148,0.7576233507723382,0.008691782930586762,0.4689383545098058,0.43409826195546447,Medium,0,Moderate Zone
44,44.64549968000006,-0.019116342145356405,0.2942202037726862,5.01513147354126,24.8875025971139,67.2831189922485,0.6351437699680529,0.6467081139515043,0.0079340779116209,0.43665503305001896,0.4403782511678558,Medium,0,Moderate Zone
74,49.50934214000006,0.08999173078456799,0.13991113915398173,1.2943739891052246,24.901616761686075,67.45956902003604,0.8372026979055749,0.8259856242660065,0.001967804918366327,0.6324881931621826,0.5857685126641591,High,1,Extreme Hotspot
32,44.290025600000035,0.039936055194463714,0.25314780545930776,31.322330474853516,24.83918927344628,67.42910410137767,0.6203762868299618,0.7437382097903807,0.050117942779527816,0.48877988763953617,0.469996709423331,Medium,0,Moderate Zone
142,46.846704560000035,0.110227866008724,0.12672692142001032,1.673383116722107,25.083404736771705,67.30237460267378,0.7265885694000718,0.8592359956084125,0.0025755499626903666,0.6492202434071265,0.5500087632733884,High,1,Extreme Hotspot
55,51.083340350000014,0.10217746592637604,0.15527796462820284,3.551017999649048,25.144445710822197,67.03241247987826,0.9025914093006742,0.8460082330328059,0.005586356858882825,0.6129862021356358,0.6119316283170384,High,1,Extreme Hotspot
51,48.371141480000006,0.036496446404410375,0.1589434368372741,62.96369171142578,25.048990574334745,67.01653214033362,0.7899183528576494,0.7380865244129597,0.10085519179541932,0.6083343626096853,0.5735609902757957,High,1,Extreme Hotspot
48,44.66258978000002,0.040516620808041005,0.19658901216134805,13.990409851074219,24.860878183884623,67.29869776029437,0.635853745118921,0.7446921479819497,0.02232602933947193,0.5605584785540685,0.48373852329054257,Medium,0,Moderate Zone
19,41.67524030000004,0.0426784835056623,0.0978358576390928,352.0357666015625,24.854428609972505,67.04507756350401,0.511750088746895,0.7482443449153541,0.5643852446772455,0.6858858037434525,0.595210159154063,High,2,Warm Zone
85,47.74222580000003,0.06823999919476859,0.20327387271065056,7.217593193054199,25.022861581861747,67.23397834958334,0.7637912673056447,0.7902449482579801,0.011465747989763285,0.5520747425563561,0.537334634669667,High,1,Extreme Hotspot
154,47.45340311000001,0.1594097438136442,0.18324854346631742,0.14100956916809082,25.12071896945743,66.85836264938499,0.7517926872559457,0.9400476566403244,0.0001183731779650411,0.5774888264139347,0.5572515819757051,High,1,Extreme Hotspot
40,40.371265670000014,-0.10233157279441388,0.44547394721773975,1.0652687549591064,25.084650122953672,66.97583089340921,0.4575789847355343,0.5099756158842741,0.0016004323129715857,0.2446993716581808,0.3088679186867339,Medium,0,Moderate Zone
16,45.19921892000002,0.0427890302047387,0.18413073538654934,81.60350799560547,24.875881945308105,66.94558748836721,0.6581469648562303,0.748425986259131,0.1307443294134236,0.5763692393566784,0.5234826141060533,High,1,Extreme Hotspot
110,51.31918373000002,0.13461891774745066,0.11799719323149384,2.5291290283203125,25.19942643313855,67.08982672963333,0.9123890663826766,0.8993133877962443,0.0039477473560472895,0.6602991146471391,0.6328993944909469,High,1,Extreme Hotspot
34,42.647666990000005,0.08980535201509783,0.1357857888595468,24.602556228637695,24.828228249265408,67.25568690612903,0.5521476748313805,0.8256793818325292,0.03934271548409931,0.637723662554244,0.4820913885893052,Medium,1,Extreme Hotspot
32,46.25538710000001,0.02628267545502214,0.20973925666747326,8.067584991455078,24.87980747816778,67.24372599631097,0.7020234291799783,0.7213040868026378,0.012828718603274183,0.5438695436282719,0.50098607306886,High,1,Extreme Hotspot
275,45.61279934000004,0.17312305174422193,0.13969319415198245,0.13352957367897034,25.121680891115112,67.46286233961018,0.6753283635072781,0.9625802487570331,0.00010637892806751791,0.6327647864950348,0.54109793474749,High,1,Extreme Hotspot
13,46.81936040000005,0.07742391755817749,0.1636095910291171,12.078872680664062,24.798575793127917,67.35071119023995,0.7254526091586808,0.8053352158698098,0.01926085977571332,0.6024125606519248,0.5362790531182571,High,1,Extreme Hotspot
25,40.80706322000003,0.043932307952012334,0.11037838415883942,145.21395874023438,24.815855079151966,67.16497091306675,0.4756833510827129,0.7503045272563754,0.23274434310793454,0.6699681218482124,0.49499872966816766,Medium,2,Warm Zone
80,48.651419120000014,0.09238571924973565,0.12375050346014439,23.591571807861328,25.053977131433395,67.05907431917666,0.8015619453319132,0.8299192313789518,0.03772159154051786,0.6529976063011045,0.5851425819849584,High,1,Extreme Hotspot
116,49.88532434000001,0.11973657021350356,0.1685359454568782,3.795414447784424,25.082754258194253,67.24315474427821,0.8528221512247067,0.8748599248958885,0.0059782490835862175,0.5961605393736877,0.5930845193699001,High,1,Extreme Hotspot
130,44.66258978000002,0.12015289655434276,0.18635158658823794,1.5146138668060303,25.04849728171604,67.43820260423634,0.635853745118921,0.8755439984741281,0.002320961833285004,0.5735507639155872,0.5009634910601263,High,1,Extreme Hotspot
62,46.72194682999998,0.06409180078008053,0.11275676321527789,49.646812438964844,24.98935871946126,66.98834149438768,0.7214057507987205,0.7834289660478143,0.07950143856370123,0.6669497282903366,0.5593419505256529,High,1,Extreme Hotspot
2,31.14090266000005,-0.09229750119604015,-0.03745622000259421,2.4866011142730713,24.767395851817366,67.35234482002114,0.07412140575080066,0.5264627861382044,0.0038795534073417168,0.857584564073442,0.2811047813875747,Medium,0,Moderate Zone
25,45.45727943000003,0.07115800321231464,0.11425963753313921,20.800390243530273,25.025858599919147,66.87724544296091,0.6688675896343633,0.7950395751018559,0.03324590312056631,0.6650424351080118,0.5281229349207677,High,1,Extreme Hotspot
2,36.31749395000003,-0.0006391657531116337,0.1245564925142468,1.096896767616272,24.77989930083983,67.19979896047516,0.28917287894923754,0.6770683072194309,0.0016511481574027532,0.6519747280672774,0.34803713031541583,Medium,0,Moderate Zone
36,43.39450436000004,0.0731830673742381,0.14083907440891724,36.092437744140625,24.827746410431946,67.25113936069619,0.5831735889243888,0.7983669958089372,0.0577668589732659,0.6313105533793057,0.4937283103602737,Medium,1,Extreme Hotspot
76,48.44291989999999,0.1191133289869067,0.12692838329361608,3.6960906982421875,25.004339769582323,67.20900403175666,0.7929002484913017,0.873835865608347,0.005818982427008505,0.6489645687619083,0.5794831385969066,High,1,Extreme Hotspot
7,42.755334619999985,0.0670108305683038,0.06481043826190189,56.56804656982422,24.824874803566505,66.98926985651904,0.5566205182818589,0.7882252783546282,0.09059970886152934,0.727798262072753,0.5090915786958707,High,1,Extreme Hotspot
167,46.077650059999996,0.09672003861246938,0.18887466971100292,0.5151095986366272,25.108802629789047,67.38857112370793,0.6946396876109328,0.8370410323914023,0.0007182464327875536,0.5703487268714404,0.5176613368855684,High,1,Extreme Hotspot
79,49.78961978000001,0.11094174541601869,0.13823279747267458,15.34733772277832,25.084202652964162,67.08775350122455,0.8488462903798363,0.86040898418174,0.02450187717384636,0.6346181714366962,0.6016489673599963,High,1,Extreme Hotspot
112,49.611882740000055,0.13865996299515615,0.13587222769192725,4.4536662101745605,25.0994139306331,67.05804625364217,0.8414625488107931,0.9059533046385312,0.0070337625722074115,0.6376139632974744,0.6017592485226437,High,1,Extreme Hotspot
6,39.585121070000014,-0.14668445703508634,0.45948718714905046,62.58119583129883,24.861579853956506,67.11282115897181,0.42492012779552724,0.4370985642747018,0.10024185570749139,0.22691521188804964,0.3059763420638989,Medium,3,Cool Zone
58,44.33787788000001,0.039067427541672944,0.1293466702553399,82.52954864501953,25.00980077776415,67.11995759916842,0.6223642172523959,0.742310951487664,0.13222924514371945,0.6458955282039693,0.5225287465508317,High,1,Extreme Hotspot
74,48.40019465,0.13321185509709257,0.11123657764606115,6.888861179351807,25.05836383090671,67.03504579441045,0.7911253106141278,0.8970014169031764,0.010938622816038596,0.6688789911286037,0.5875107907108581,High,1,Extreme Hotspot
137,45.10351436000002,0.07008331583000771,0.17628056443518522,1.5341458320617676,25.043414219471746,67.29815844803116,0.6541711040113598,0.7932737362130128,0.0023522815409783835,0.5863318672076414,0.49851394586326875,Medium,1,Extreme Hotspot
70,47.74393481000004,0.08181210876611326,0.12111721807221874,23.055099487304688,25.021921409864284,67.0247994553702,0.7638622648207323,0.8125455347162254,0.03686135264261752,0.6563395007015982,0.5679099744367008,High,1,Extreme Hotspot
129,49.19488430000001,0.12358877810436786,0.13183961825290338,1.014685869216919,25.06395521252644,67.37891944023873,0.8241391551295701,0.8811895595539178,0.0015193221340935234,0.642731735554688,0.5907602736293767,High,1,Extreme Hotspot
279,45.00097376000002,0.1774779530013859,0.14414894073800547,0.11883443593978882,25.179054178827805,67.40079914516836,0.6499112531061415,0.9697358682642284,8.28151231723639e-05,0.6271100121837782,0.5308675876996396,High,1,Extreme Hotspot
50,42.69551926999998,-0.14149955584116125,0.5132835383347156,1.2502830028533936,25.073703750292637,66.8958022793723,0.5541356052538146,0.445617972163709,0.0018971045672629197,0.15864242777634074,0.320699699623166,Medium,3,Cool Zone
71,51.191007979999995,0.10818374291643665,0.16827731717419508,3.6096816062927246,25.189875413378868,67.05233238547146,0.9070642527511527,0.8558772588172585,0.005680424557051584,0.5964887637331403,0.6119251488089408,High,1,Extreme Hotspot
93,52.07627516000002,0.14069252449335656,0.13310592284855968,2.736268997192383,25.163614074192864,67.0644328140819,0.9438409655662052,0.9092930443587307,0.004279898432078075,0.6411246722804422,0.6432252519443996,High,1,Extreme Hotspot
6,43.78928567000003,0.10718075269664752,0.1355574063791721,1.1384737491607666,24.786664967878462,67.4528433414013,0.5995740149094787,0.8542292268738378,0.0017178172760345365,0.6380135020588547,0.4959961447256467,Medium,1,Extreme Hotspot
37,47.605504999999994,0.062013445225124114,0.1686116586078301,10.723772048950195,25.031626365210446,66.86650308670659,0.7581114660986855,0.7800139812585567,0.017087941939505004,0.5960644520462867,0.5437315595223913,High,1,Extreme Hotspot
114,49.32818708000002,0.10863066065477366,0.15242504286941946,17.42481231689453,25.0993149905029,67.18803162229081,0.8296769613063544,0.8566115976914854,0.027833129107597897,0.6166068363800066,0.5906421737291654,High,1,Extreme Hotspot
142,47.60379598999998,0.1087684512718502,0.15369903957695394,0.5944379568099976,25.08226214416304,67.36385304745943,0.758040468583598,0.8568380040252318,0.0008454502731208194,0.6149900110701942,0.554951252819543,High,1,Extreme Hotspot
138,48.84624626000004,0.11722248273706087,0.15776060969041156,1.0304077863693237,25.117025116798665,67.23740563302962,0.8096556620518293,0.8707289808567706,0.0015445323903655191,0.6098354849099785,0.5768248420288344,High,1,Extreme Hotspot
38,42.71431838000001,0.04152683586810835,0.14085681955074814,23.018165588378906,24.848387196435297,67.3399599126539,0.5549165779197726,0.746352051195229,0.03680212875484245,0.6312880330742934,0.46937757765076266,Medium,1,Extreme Hotspot
100,48.29252702000002,0.11402789658777687,0.11423149621594156,7.587343215942383,25.082926755785106,67.16952159102655,0.7866524671636494,0.8654798967519064,0.012058645964178676,0.6650781491672613,0.5805132627027426,High,1,Extreme Hotspot
109,46.27760423000001,0.0387145653813156,0.16624402158206167,6.80416202545166,25.025877488145383,67.38617867918839,0.7029463968761089,0.7417311570884568,0.010802806849375951,0.5990692129260218,0.5149527766112604,High,1,Extreme Hotspot
61,45.35302982000002,0.012077110789660258,0.2872067161607618,5.424254417419434,25.11747064802331,67.04213400702228,0.6645367412140576,0.6979626584607276,0.008590110770841536,0.4455558286438779,0.46176778867621815,Medium,0,Moderate Zone
29,45.45727943000003,0.0868314741970169,0.2262812323598443,15.708830833435059,24.835722004418834,67.321458506353,0.6688675896343633,0.8207929477045294,0.025081535104356654,0.5228761730680893,0.5015115963991318,High,1,Extreme Hotspot
65,45.31884962000004,0.05664188618640001,0.08385844933443037,474.74664306640625,24.991243383257313,67.05084557712698,0.6631167909123189,0.7711878723821923,0.7611534004340472,0.7036244897062229,0.7119381452720128,High,2,Warm Zone
158,49.01202023000002,0.14597547924372434,0.1308898701195377,2.5445313453674316,25.1844723742269,67.0982052498819,0.8165424210152644,0.9179735658757628,0.003972445130254871,0.6439370579946058,0.594093526168955,High,1,Extreme Hotspot
92,47.05178576000003,0.15878909890765383,0.1558613200008196,8.53003215789795,24.95836191754417,66.88885485190478,0.7351082712105081,0.9390278634156124,0.013570257403235343,0.6122458676234006,0.5607392258720341,High,1,Extreme Hotspot
31,41.78119892000001,0.05284517450378372,0.08191205977997652,95.412109375,24.888903677382125,67.20475859957551,0.5161519346822859,0.7649494245793557,0.15288656411405122,0.7060946467135243,0.5006437579310353,High,1,Extreme Hotspot
154,48.27885494000003,0.136405855768431,0.09822294307423789,0.6980275511741638,25.17917584033695,67.12320107205237,0.786084487042954,0.9022495389983046,0.0010115572558581799,0.6853945548062294,0.5871030259421377,High,1,Extreme Hotspot
3,41.897411600000055,0.06459156912180208,0.1090093664706802,16.177400588989258,24.817281438061393,67.22078919833613,0.5209797657082019,0.7842501447345224,0.025832891539091515,0.6717055379927801,0.46682875847678806,Medium,1,Extreme Hotspot
141,46.74416396000004,0.09764540562772044,0.09083225263820814,0.6189271807670593,25.077589078464108,67.33947105664731,0.7223287184948535,0.8385615201991918,0.0008847189962590399,0.694774057345985,0.5538917066460819,High,1,Extreme Hotspot
145,47.53714460000003,0.11537834077059639,0.1449615580479687,1.7011523246765137,25.1043151545169,67.30343103760595,0.7552715654952084,0.8676988367846029,0.0026200781739902116,0.6260787220507897,0.5581342156694293,High,1,Extreme Hotspot
27,50.77742755999998,0.11367440035316621,0.19495394642866593,7.781428337097168,25.03421723698783,66.96567737876137,0.8898828541001047,0.8648990604934633,0.01236986345727843,0.5626335354550579,0.6013071736693926,High,1,Extreme Hotspot
1,31.598917340000014,-0.32100945061792496,0.4614507886319351,1.2786023616790771,24.76310431206263,67.39191212469395,0.09314873979410758,0.15066191485101402,0.0019425149511577925,0.2244232112752249,0.10522905413812957,Low,3,Cool Zone
82,48.50102623999999,0.09542075665093781,0.14350617514533184,2.1726136207580566,25.146920823783557,67.05414749778677,0.7953141640042586,0.8349061579590626,0.003376071223777078,0.6279257440238725,0.5697907559062816,High,1,Extreme Hotspot
96,48.46684604000001,0.10675954678976084,0.12845785682325678,1.9585853815078735,24.97520811699923,67.38041288254672,0.7938942137025199,0.853537135589585,0.003032874735165903,0.6470235186015851,0.5757511782235543,High,1,Extreme Hotspot
29,45.629889440000056,-0.009212174254198709,0.3288793296144886,1.5626087188720703,25.028809128655993,66.92379750831508,0.6760383386581487,0.66298183700043,0.002397922073476596,0.392669242862664,0.44899594010422594,Medium,0,Moderate Zone
66,48.49077218000002,0.0795704091323721,0.13735713225471285,36.653900146484375,24.970408873863594,67.01504186615632,0.7948881789137382,0.8088621562235251,0.05866716972499959,0.6357294754761411,0.5810972825255022,High,1,Extreme Hotspot
197,47.991741260000026,0.1368417234875961,0.13173182852115753,0.4850050210952759,25.194320877670865,67.23514801324674,0.7741569045083425,0.9029657213798646,0.000669973432273647,0.6428685311722857,0.5738488196028423,High,1,Extreme Hotspot
51,50.90047628000002,0.08523929683195365,0.17636359943765836,24.837631225585938,24.973487840503704,66.93322255476386,0.8949946751863684,0.8181768113699525,0.039719660665705064,0.586226487740956,0.6078996044946577,High,1,Extreme Hotspot
56,47.52176351000003,0.07948968895641431,0.16235627768534092,10.9612398147583,24.976834959903037,67.1383374641044,0.7546325878594253,0.8087295233963726,0.01746872395065082,0.6040031367682982,0.5483302719945484,High,1,Extreme Hotspot
3,46.70314772000006,0.07659193560510295,0.10511144094304671,29.015228271484375,24.80881145605334,67.10265151544084,0.7206247781327672,0.8039681708000138,0.046418480606511235,0.6766523833115858,0.555780233687054,High,1,Extreme Hotspot
56,45.99732659000006,0.05667893965434367,0.13894958488014783,14.531587600708008,24.972727216384257,67.16887556936587,0.6913028044018477,0.7712487556266955,0.02319381344141798,0.6337084987387186,0.5247485882128415,High,1,Extreme Hotspot
3,32.79351532999999,-0.3529315255483075,0.5226450211973942,1.1600139141082764,24.76897889015901,67.26655989370374,0.14277600283989997,0.09821015794694372,0.0017523571526414249,0.14676179861910854,0.10163237383998362,Low,3,Cool Zone
21,42.06489457999999,-0.09709049680956856,0.39054690986850815,19.67259979248047,24.891419030864448,67.13306547437716,0.5279375221867223,0.5185873256203233,0.03143747950298438,0.3144071061083774,0.359703898815159,Medium,0,Moderate Zone
101,49.929758600000014,0.12202204960386877,0.14348732464788447,4.320971965789795,25.067110498412365,67.21389597213359,0.8546680866169681,0.8786152387235184,0.0068209859830465226,0.6279496671323037,0.6009547003775374,High,1,Extreme Hotspot
67,47.61234104000005,0.012855806079619874,0.24424585598856763,64.77154541015625,25.02646761460819,67.05837576028293,0.7583954561590356,0.6992421472201639,0.10375410384319711,0.5000773243800253,0.5341984953834431,High,0,Moderate Zone
62,48.06010165999999,0.09430482661977965,0.1594486190089359,3.2725276947021484,24.95041023841813,67.28680778702656,0.7769968051118198,0.8330725525044075,0.005139794783219955,0.6076932374667565,0.5585832011095453,High,1,Extreme Hotspot
10,43.55173328000001,0.10630842799086697,0.15724439940309884,2.042987108230591,24.787598516162905,67.48535852892061,0.5897053603123887,0.8527958938743757,0.0031682137742825916,0.6104906058006188,0.4866917028098062,Medium,1,Extreme Hotspot
164,49.63922690000004,0.1342820259700812,0.13227845335473293,0.6791470050811768,25.172532468860325,67.17908078212083,0.842598509052184,0.8987598346312917,0.0009812821055094436,0.6421748112743693,0.6005336615968186,High,1,Extreme Hotspot
53,44.64891770000003,-0.011447775176545123,0.3277860552034142,0.7901425957679749,25.105640575464758,66.96279146156905,0.6352857649982255,0.6593084794142092,0.001159264679717813,0.39405671406093423,0.4321117368935379,Medium,0,Moderate Zone
139,48.96929498000003,0.1340820604971549,0.1334164393012826,5.410629749298096,25.132883856144332,67.19686943297762,0.8147674831380906,0.8984312676318718,0.008568263475016848,0.6407305968037111,0.5909598686295134,High,1,Extreme Hotspot
48,47.87552858000004,0.11036434924811782,0.14876042402826856,31.58458709716797,24.967123598957368,67.14120982763602,0.7693290734824288,0.8594602537654958,0.05053847397769432,0.6212575928993495,0.5735368045320894,High,1,Extreme Hotspot
33,45.51367676000001,0.07768003453377316,0.17785710845050062,15.704975128173828,24.84493951953309,67.42321698569168,0.6712105076322326,0.8057560464509123,0.02507535244121178,0.5843310800384752,0.5124826641385278,High,1,Extreme Hotspot
84,47.84818442000005,0.10481097827128424,0.1870741256635169,16.72541046142578,24.98438252359383,67.30844789471345,0.768193113241038,0.8503354063014684,0.026711631020401864,0.5726337917936575,0.5560322223554675,High,1,Extreme Hotspot
185,46.05543293000005,0.11091449546169606,0.10270189730817009,0.46541279554367065,25.131785672207215,67.3691226787999,0.6937167199148044,0.8603642092733765,0.0006385570965744628,0.6797103277402687,0.5426430241791257,High,1,Extreme Hotspot
296,47.09622002000003,0.1649893141635905,0.11766643550624131,0.11927320063114166,25.157786826670318,67.4828334117198,0.7369542066027696,0.949215552783128,8.3518686879314e-05,0.6607188782606881,0.5693286708824344,High,1,Extreme Hotspot
55,43.54831525999998,0.04547117196134489,0.09494010692774486,288.5938720703125,24.969387294839922,67.0502777610597,0.5895633652822138,0.7528330634214575,0.4626555126089718,0.6895607920800196,0.602326342194351,High,2,Warm Zone
100,50.462969720000046,0.0878944222548772,0.19784856651392402,4.371294975280762,25.131286647845318,66.92155342501668,0.8768193113241047,0.8225394974903478,0.0069016794476760126,0.5589599819925899,0.587626065413631,High,1,Extreme Hotspot
132,45.31543160000001,0.12363834772282307,0.11858386777631448,1.1929903030395508,25.054511337490876,67.41120731645132,0.6629747958821439,0.8812710083188464,0.0018052351323320423,0.6595545677836514,0.5297427919404979,High,1,Extreme Hotspot
31,49.64264492000001,0.1142130886217742,0.23343697180894346,1.8344358205795288,25.034499384140492,66.92349383447167,0.8427405040823567,0.8657841892381869,0.0028337996340367395,0.5137948461044464,0.5704312491480692,High,1,Extreme Hotspot
250,45.73926607999999,0.1515143227341568,0.14492646651781593,0.1333085149526596,25.198982670902858,67.30493708942147,0.6805821796237121,0.927074542955838,0.00010602445812040958,0.6261232566039605,0.5365452107281827,High,1,Extreme Hotspot
54,47.24661290000006,0.12348930462604621,0.11900005351122839,4.051692962646484,24.88101004192853,67.39675868654551,0.7432019879304241,0.8810261128257615,0.006389194324808963,0.659026387745342,0.5628372882263045,High,1,Extreme Hotspot
135,48.29594503999999,0.1074894772307782,0.14151815379388563,0.1039929986000061,25.183692659810205,66.93603588138664,0.7867944621938221,0.8547364979158945,5.9016725359062974e-05,0.6304487358169092,0.5690327609096346,High,1,Extreme Hotspot
155,50.61165359000006,0.13448237485609613,0.11445009032627872,0.9611833691596985,25.167528622122965,67.086735249158,0.8829960951366719,0.8990890316239113,0.0014335303235554122,0.6648007320530107,0.6213803217897464,High,1,Extreme Hotspot
56,44.12937866000004,0.04847868636719342,0.08980824869124988,497.10308837890625,24.976540600190038,67.0573058571194,0.6137025204117867,0.7577747664543928,0.7970021910233535,0.6960736176109356,0.697612494410899,High,2,Warm Zone
93,48.79497595999999,0.1118015021908291,0.14598676586040593,4.8267388343811035,25.04326455037011,67.2180613613057,0.8075257365992178,0.8618216665793389,0.007631988372098126,0.6247776339638562,0.5791470685123837,High,1,Extreme Hotspot
49,44.491688780000004,0.030661890352943786,0.1553936550541904,12.039205551147461,24.96994704370187,67.15648589168197,0.6287539936102232,0.7284996565065937,0.019197253124501896,0.6128393797712344,0.48814373515545073,Medium,1,Extreme Hotspot
82,49.92292256000002,0.13568416098339775,0.10565385541656633,2.6172542572021484,25.13768076998301,67.05408476497892,0.8543840965566204,0.9010637088319995,0.004089057069271388,0.6759640067686887,0.6131282605685037,High,1,Extreme Hotspot
5,44.31395173999999,0.0706758705427614,0.08813891220077524,92.14517974853516,24.864990083228914,66.93664225083614,0.6213702520411777,0.7942473739171251,0.1476480087707446,0.6981921674254133,0.5442356425818087,High,1,Extreme Hotspot
304,45.06249811999999,0.1730713377199571,0.12437869661330081,0.2140323519706726,25.166151982409765,67.4231663479633,0.652467163649271,0.9624952764789095,0.00023546596317067898,0.6522003682992579,0.5358600970821892,High,1,Extreme Hotspot
24,44.07469034000002,0.02118946344832969,0.2764826844759497,25.948486328125,24.8251890071022,67.33449203548699,0.6114305999290026,0.712935335127863,0.04150092827731948,0.4591656643276668,0.45372090517564373,Medium,0,Moderate Zone
47,51.74985425,0.13629431545911977,0.14710460811764492,7.1277756690979,24.938353968697218,66.88634318152778,0.9302804401845925,0.9020662650350125,0.011321724663937015,0.6233589837874525,0.6349243437525637,High,1,Extreme Hotspot
2,32.54741789000002,-0.33877644982446725,0.4714921898721366,1.407692790031433,24.77365555625712,67.27355424107994,0.13255236066737722,0.12146862696704253,0.0021495127841496047,0.21167969979272128,0.11411455646658893,Low,3,Cool Zone
113,50.31428585000003,0.10161709215635419,0.14938918954285021,0.18717746436595917,25.19378964566454,66.97138264786862,0.8706425275115376,0.8450874724361122,0.00019240387397967268,0.6204596285153754,0.5991601585416019,High,1,Extreme Hotspot
141,46.173354620000055,0.16517632014984507,0.19580654107358214,0.11429210007190704,25.140315195491286,66.85193125434374,0.6986155484558056,0.9495228258082061,7.553144076946676e-05,0.5615515102090283,0.5342038281555512,High,1,Extreme Hotspot
125,48.43266584000003,0.12184574176660373,0.1325867256248076,1.4810845851898193,25.144264465166863,66.92258336186353,0.7924742634007813,0.8783255440266455,0.0022671972844728826,0.6417835838829464,0.5776620530620169,High,1,Extreme Hotspot
155,49.502506100000005,0.16442692553948735,0.1445159488597808,0.36834755539894104,25.10108658076089,66.87549818777036,0.8369187078452248,0.9482914815421012,0.0004829119831044974,0.6266442433033065,0.6024607820258425,High,1,Extreme Hotspot
237,45.26074328000004,0.16374202442155314,0.13084040224380908,0.4406093955039978,25.157897438719672,67.38753551166053,0.6607028753993621,0.9471661077366841,0.0005987845888481175,0.6439998375238052,0.5353057299722206,High,1,Extreme Hotspot
55,43.84226497999998,-0.054515915069942876,0.37138426498025245,0.5861915946006775,25.11155552504182,66.97388480057656,0.601774937877173,0.5885424152117554,0.0008322271462849894,0.33872635989847155,0.39694466619889807,Medium,0,Moderate Zone
20,44.41991036000002,0.01872602285504701,0.23641116609093457,3.5530166625976562,24.796964541023456,67.49862792592847,0.6257720979765709,0.7088876099274092,0.005589561735530331,0.5100203052732316,0.46004343216826865,Medium,0,Moderate Zone
324,44.91381425000003,0.17346588358939874,0.1321201354674415,0.19598254561424255,25.19547522254199,67.38913368921959,0.6462903798367063,0.9631435621582266,0.00020652291255576736,0.6423757320190266,0.5315144633903608,High,1,Extreme Hotspot
59,44.31736976000002,0.05486039362746982,0.08208595586839368,95.99832153320312,24.950352692380946,67.00643338607644,0.6215122470713527,0.7682606687204253,0.15382656135451497,0.7058739557216502,0.5434754306195637,High,1,Extreme Hotspot
102,45.94434727999999,0.10042137611146494,0.15272212513429642,1.952346682548523,25.024473421174786,67.41071750201712,0.6891018814341486,0.8431227690936882,0.003022870917053619,0.6162298101898219,0.5261108477049405,High,1,Extreme Hotspot
23,49.57770254000002,0.11669347193967211,0.17787167560274117,40.36665344238281,25.005482554039077,66.8917006136858,0.8400425985090522,0.8698597533455648,0.06462060791939814,0.5843125929102941,0.5995136729673639,High,1,Extreme Hotspot
45,45.76661023999998,0.07386339335357772,0.2283866575901974,1.325854778289795,24.848227911211385,67.49212486005769,0.6817181398651031,0.7994848521187687,0.0020182846884410784,0.5202041843728124,0.49715539181052937,Medium,1,Extreme Hotspot
12,42.30415598000002,0.042997536517046554,0.05948654457110811,233.34518432617188,24.873715627269206,66.98322929409848,0.5378771742988997,0.7487685868710896,0.37406367210889585,0.7345547992090878,0.5678930356192649,High,2,Warm Zone
24,45.036862970000016,0.08488103955999442,0.18343722845592958,1.3614599704742432,25.022670434273156,66.93984888132508,0.6514022009229676,0.8175881521622129,0.0020753779812553268,0.5772493668729624,0.4991678210634253,Medium,1,Extreme Hotspot
2,38.63662052000001,-0.0020470012760527246,0.08579206245183961,10.015399932861328,24.807326787705396,67.20011791750431,0.3855165069222576,0.6747550664050019,0.015952059946906877,0.7011705472359459,0.39964198716356925,Medium,0,Moderate Zone
42,47.79349610000003,0.08105749055812,0.17332636072938004,5.31125545501709,24.88946601912726,67.27264914384372,0.7659211927582539,0.8113056074593861,0.008408915769429322,0.5900810380599981,0.5481827547765665,High,1,Extreme Hotspot
326,46.21778888000006,0.17152930516342135,0.1199354071700584,0.12282806634902954,25.196475313562424,67.36373943038821,0.700461483848067,0.9599615340148007,8.921895071429913e-05,0.6578393332888601,0.5557689950368975,High,1,Extreme Hotspot
17,44.18406698000001,0.0820236666095009,0.13141407736207997,97.67428588867188,24.794076339404004,67.13394852247406,0.6159744408945685,0.812893149355835,0.15651398748038248,0.6432717881926378,0.5361066032698258,High,1,Extreme Hotspot
149,46.21778888000006,0.10613136341737589,0.13534043160771836,2.118726968765259,25.079167530050956,67.3052082041754,0.700461483848067,0.8525049557700911,0.0032896634216490477,0.6382888640751004,0.5365405255751728,High,1,Extreme Hotspot
13,48.53862446000005,0.102728517099409,0.13080128918787023,11.822127342224121,24.89208616010439,66.87807055659354,0.7968761093361746,0.8469136754964509,0.018849165978069748,0.6440494757830032,0.5793096817100556,High,1,Extreme Hotspot
77,49.87336127000003,0.11923439244004314,0.1316939364989161,8.611597061157227,25.073349142182533,67.0690381933921,0.8523251686190988,0.8740347872269364,0.013701047566676219,0.6429166198213674,0.6040438713876226,High,1,Extreme Hotspot
164,48.67876328,0.11383131785540704,0.1460719994671639,6.358520984649658,25.06378752017061,67.48742637153045,0.8026979055733041,0.8651568945690828,0.010088216845177963,0.6246694642552235,0.5783086434770233,High,1,Extreme Hotspot
8,39.901287920000016,0.01738936039409507,0.12328979673794985,260.8876647949219,24.859854512199227,67.07858705864976,0.43805466808661714,0.7066913148990457,0.41822832354756706,0.6535822877876731,0.5164991029139301,High,2,Warm Zone
89,48.716361500000005,0.09240769787644794,0.17106348198582805,1.2294811010360718,24.928473657917106,67.37625088290973,0.8042598509052178,0.8299553448705689,0.0018637485031979617,0.5929528505254256,0.5652537493235571,High,1,Extreme Hotspot
28,50.99276282000005,0.1369363611686646,0.14055561105409903,10.576467514038086,24.9790033679625,66.88144821389585,0.8988285410010662,0.9031212223193303,0.01685173759882805,0.6316702958525506,0.6255465933185432,High,1,Extreme Hotspot
26,41.87348545999998,0.050047006376960586,0.11141120864280886,149.47055053710938,24.82247839701192,67.16929192613486,0.5199858004969814,0.7603517023233642,0.23956983194649387,0.6686573674668237,0.5156710070272855,High,2,Warm Zone
155,47.35940756000002,0.11564593415500517,0.15806091959149085,0.3376767039299011,25.001880141286566,67.47062002555626,0.7478878239261628,0.8681385244671473,0.00043373095650835213,0.6094543625365999,0.5513752134869843,High,1,Extreme Hotspot
31,43.38425030000002,0.03441037436092971,0.15929787254988825,22.397172927856445,24.864723673247575,67.23634199382155,0.582747603833866,0.7346588605174376,0.035806360620267014,0.6078845493350773,0.4738263706332443,Medium,0,Moderate Zone
19,43.13644384999998,0.0419840774274118,0.11713737018867583,24.357742309570312,24.823135187511816,67.21816969661903,0.5724529641462534,0.7471033533323026,0.038950153840451654,0.6613903134307515,0.48306228980460997,Medium,1,Extreme Hotspot
89,48.176314339999976,0.12574450285314726,0.10580013424408732,5.0699992179870605,25.03191324858069,67.21654341433461,0.7818246361377335,0.8847316711090614,0.008022058905613952,0.6757783647578209,0.5826007927994203,High,1,Extreme Hotspot
117,50.47322378000001,0.09616165871714237,0.17532195643071533,11.380605697631836,25.10730558990549,67.18030741301747,0.8772452964146251,0.8361235479674202,0.018141181468171605,0.5875484336827738,0.5983616328645607,High,1,Extreme Hotspot
208,46.88772080000001,0.11560808329681004,0.12765800786523004,0.4175940155982971,25.152828517911438,67.36670337672118,0.7282925097621581,0.8680763310158447,0.0005618791898439442,0.6480386044583355,0.551276644246368,High,1,Extreme Hotspot
95,49.748603539999976,0.12295255344182542,0.13561766354700253,5.070917129516602,25.101752910693417,67.07316589732997,0.8471423500177476,0.8801441669405357,0.008023530786216707,0.6379370298721766,0.6004718537191689,High,1,Extreme Hotspot
10,43.22702138,0.04315317564560427,0.14372536349788367,213.7080535888672,24.832723927297486,67.09438681137895,0.5762158324458636,0.7490243204270591,0.3425753304813983,0.6276475727586518,0.5540133282144842,High,2,Warm Zone
5,42.15718112000002,0.037385597643574464,0.12939579219200975,267.5847473144531,24.78957189373092,67.0680144518418,0.5317713880014201,0.7395475054033652,0.4289671644252689,0.6458331877049672,0.5600491096583835,High,2,Warm Zone
185,49.69049719999998,0.12599127921339995,0.12925427921637472,0.34502172470092773,25.18140132857481,67.2329084627976,0.8447284345047907,0.8851371539508213,0.0004455087730536066,0.6460127813878398,0.5999758803653709,High,1,Extreme Hotspot
71,46.474140379999994,0.1046594543935782,0.16387038680032315,1.0352721214294434,24.90151501060006,67.42169690818064,0.7111111111111101,0.8500864345909537,0.0015523324017934965,0.6020815855394428,0.5327618098414241,High,1,Extreme Hotspot
202,45.53589389000001,0.15412127454697355,0.13112863859875812,0.3570137619972229,25.191471861928648,67.16226293651545,0.6721334753283633,0.931358074118668,0.00046473812851530286,0.6436340376507494,0.5374000933114242,High,1,Extreme Hotspot
294,47.48587429999998,0.15471407076873284,0.1186374261278461,0.2981623113155365,25.172241840002258,67.28415362094422,0.7531416400425969,0.9323321086507335,0.0003703692204946234,0.6594865970441699,0.5730963840286064,High,1,Extreme Hotspot
5,37.86243898999999,-0.27848618079854776,-0.03491067289519665,21.98286247253418,24.816466046520354,67.20536526074788,0.35335463258785843,0.22053269286893393,0.03514200953295424,0.854354018055372,0.3540780629597965,Medium,0,Moderate Zone
24,43.00143206000001,0.020987089012192643,0.18481393649474237,39.578651428222656,24.885659083743782,67.16569546139577,0.566844160454384,0.7126028099160462,0.06335703856413108,0.5755021909279929,0.46456778349579186,Medium,0,Moderate Zone
103,46.72707386000002,0.10751509688449544,0.10713939406443085,6.136021137237549,25.001240168251332,67.36049970645409,0.721618743343983,0.8547785940469157,0.009731436045523307,0.6740787142319287,0.5541128883023971,High,1,Extreme Hotspot
189,48.55913257999998,0.1356437419219185,0.12352695294287881,0.30005136132240295,25.104927185624284,67.48430511648885,0.7977280795172154,0.9009972955179644,0.00037339833165976106,0.6532813135761697,0.5849904384327297,High,1,Extreme Hotspot
0,31.70487595999998,-0.32482751300286583,0.36073437704417605,0.5510008335113525,24.75958065056637,67.43336145252744,0.09755058572949847,0.1443883853108372,0.0007757983980052189,0.3522420999783932,0.1313208616836049,Low,3,Cool Zone
93,48.14897017999999,0.0962789504939805,0.15601153275094085,3.773111343383789,25.034730962711237,67.24686690777982,0.7806886758963425,0.8363162722743135,0.0059424858256991175,0.6120552330834397,0.5616195792727967,High,1,Extreme Hotspot
39,49.304260940000006,0.1247070934185754,0.150615173690864,5.908246994018555,25.009802476297292,66.93331879661194,0.8286829960951361,0.8830270843116548,0.009366197858155886,0.6189037357974316,0.5900495577088279,High,1,Extreme Hotspot
16,40.90960382000003,-0.0505554803820473,0.3033516642547032,503.6665954589844,24.847846653440346,67.03079394499105,0.4799432019879311,0.5950498793392276,0.8075268423065157,0.4250663245898163,0.5681297381906487,High,2,Warm Zone
48,47.581578860000036,0.06675701154843275,0.16511960424626113,5.109560012817383,24.87699516949686,67.31396511864516,0.7571175008874697,0.787808223587451,0.00808549504805945,0.6004962075144397,0.5431388491580084,High,1,Extreme Hotspot
132,46.57668097999999,0.11390521228137285,0.15281993748049089,0.6596657633781433,24.9512495083248,67.42837850630609,0.7153709620163283,0.865278311879072,0.0009500437335558653,0.6161056768415927,0.5393987778900996,High,1,Extreme Hotspot
31,49.94001265999998,0.1002965716457888,0.13811060193761682,28.019439697265625,24.98505320395804,66.90209969581615,0.8550940717074885,0.8429177005475971,0.04482172335957841,0.6347732494150449,0.6066353644880386,High,1,Extreme Hotspot
120,48.61723891999998,0.0690417753234136,0.2109879694372158,4.531854629516602,25.112407586585004,67.18431476539205,0.8001419950301722,0.791562361574091,0.007159138508870048,0.5422848060862788,0.5490378980926559,High,1,Extreme Hotspot
109,48.02763047000002,0.08172974248307253,0.17202045637444502,1.7621959447860718,24.931840438970134,67.39108897959821,0.7756478523251686,0.8124101971398126,0.0027179622482932566,0.5917383572671562,0.5511478325165439,High,1,Extreme Hotspot
52,43.83542894000004,-0.041857923917769296,0.38182282098387427,4.938504219055176,25.11607197773824,67.03771477284059,0.6014909478168275,0.6093409966403006,0.007811205318902897,0.32547882052514765,0.3990460940575314,Medium,0,Moderate Zone
95,47.08596596000001,0.1086991838037992,0.09950382839925925,4.252546787261963,25.056073996160052,67.21583184526058,0.7365282215122467,0.8567241893561197,0.0067112655037041,0.6837689871731156,0.5615515308188658,High,1,Extreme Hotspot
156,49.59137462000001,0.11875557997390288,0.1345585082162167,1.0105124711990356,25.185525276744233,67.12194222574996,0.8406105786297475,0.87324804153038,0.0015126300473374383,0.6392812006504128,0.5954658353233729,High,1,Extreme Hotspot
29,46.18360868000002,0.1111084368280864,0.17061290901983153,9.283884048461914,24.914187189379764,67.1564996948397,0.699041533546326,0.8606828779509527,0.014779066683173515,0.5935246712931181,0.5311187460405904,High,1,Extreme Hotspot
70,48.72832457000004,0.12514104249304966,0.1667183767180665,4.928158760070801,24.98930231043048,67.23551780423975,0.804756833510828,0.8837401141323261,0.007794616268743221,0.598467210279393,0.5761058466472446,High,1,Extreme Hotspot
110,46.03492481000001,0.10499267324581874,0.14594312370691342,0.8431270718574524,24.929436703175412,67.40102522411782,0.6928647497337589,0.8506339527040992,0.0012442258334819927,0.6248330200868533,0.5300186532748596,High,1,Extreme Hotspot
131,49.170958160000055,0.13099522993284687,0.1136193147064593,1.819032073020935,25.130050324308534,67.17039047112105,0.8231451899183543,0.8933592387391309,0.002809099565989257,0.6658550668412837,0.5971352500379654,High,1,Extreme Hotspot
52,43.17233306000003,-0.004282136569878758,0.2622963297215894,0.5312564373016357,25.11075005827592,66.96378217192465,0.5739439119630818,0.6710824739016904,0.0007441380550866299,0.477169523588193,0.42585987510189655,Medium,0,Moderate Zone
251,46.04005184000005,0.16872196911004814,0.14587058437391312,0.43732115626335144,25.09187912527904,67.46467496106236,0.6930777422790214,0.9553487477676442,0.0005935118633187347,0.6249250795316368,0.5456668029489122,High,1,Extreme Hotspot
48,48.11478998000001,0.10365525547071185,0.1468722336972558,4.604894638061523,24.90671918603115,67.27537800925586,0.7792687255946039,0.8484364166049553,0.007276258915731153,0.6236538894508785,0.5655227953476933,High,1,Extreme Hotspot
16,42.760461650000025,-0.015374640886443825,0.2056264015798106,352.05108642578125,24.8338782176806,67.06328008773362,0.5568335108271215,0.6528561731007967,0.5644098101733521,0.5490891553917842,0.571582113917663,High,2,Warm Zone
120,46.65529544000003,0.08644541661837993,0.1520103026871015,0.8679294586181641,24.991660284675575,67.43166890790975,0.7186368477103308,0.8201586092942036,0.0012839967164050752,0.6171331818719549,0.5342261660317551,High,1,Extreme Hotspot
75,51.40292522000004,0.11709119285966854,0.18433657804840445,0.5224686861038208,25.126016741305946,66.95864629632705,0.9158679446219391,0.8705132560096871,0.0007300468054251619,0.5761080050665439,0.6123282789648938,High,1,Extreme Hotspot
3,33.76936004000004,-0.3578578175454525,0.5340530256028456,1.6041066646575928,24.76328434431395,67.371434193885,0.18331558395456288,0.09011567565416563,0.002464464457453883,0.13228393525564774,0.11391648809544302,Low,3,Cool Zone
11,44.09348944999999,0.0779531816211724,0.20380471242977738,9.59552001953125,24.81778068210708,67.29217742352729,0.6122115725949583,0.8062048595264585,0.01527877817624855,0.5514010554987193,0.47991526361075815,Medium,1,Extreme Hotspot
173,46.24513304000004,0.13263155068007584,0.0962779430045438,0.38702893257141113,25.10040602362785,67.42201677017613,0.7015974440894579,0.8960479078885493,0.0005128677640354346,0.6878629484226884,0.5527469704446121,High,1,Extreme Hotspot
87,49.89216038000001,0.10273651087579362,0.13869590761001305,15.602757453918457,25.086675189969313,67.10364504351512,0.8531061412850545,0.8469268102195725,0.024911445346515564,0.6340304397833479,0.6013154273402561,High,1,Extreme Hotspot
46,48.953913890000024,0.09118667384970436,0.16812463011814652,13.243841171264648,24.949877445458537,67.16990717580734,0.8141285055023076,0.8279490575109767,0.021128898763079985,0.5966825384071563,0.5744624931997708,High,1,Extreme Hotspot
1,36.91052042000001,-0.04865712998047021,0.07541275452125604,5.253777980804443,24.791261577416346,67.17174391476064,0.31380901668441613,0.5981690943025224,0.008316750046844644,0.714342895061694,0.3601967373431948,Medium,0,Moderate Zone
66,48.535206440000024,0.08961623533664392,0.1659670905275039,2.9736058712005615,24.95941202075833,67.28835181775347,0.7967341143059995,0.825368640689718,0.004660470556873004,0.5994206652770631,0.5635481925204884,High,1,Extreme Hotspot
82,48.92486072000003,0.11922108454841047,0.11708250967624038,1.0074050426483154,25.108485201513698,66.91115664487599,0.8129215477458293,0.8740129207819027,0.0015076472536137994,0.661459936738638,0.5889394563767482,High,1,Extreme Hotspot
299,46.198989770000026,0.15351080723235228,0.1649582690059851,0.16017383337020874,25.16933828075736,66.91795891658606,0.6996805111821089,0.9303550038842229,0.00014910327322735628,0.6007009575725051,0.5396029223882849,High,1,Extreme Hotspot
52,45.56152903999998,0.028442313737818255,0.14910497047552876,314.9528503417969,24.974588337393886,67.05299612989866,0.6731984380546666,0.7248526287585408,0.5049224060705269,0.6208203300610379,0.6284019370654871,High,2,Warm Zone
39,42.39644252000005,0.052170606449348296,0.08858365967902938,490.2557373046875,24.939482576652626,67.07696027545903,0.5417110401135975,0.7638410292233625,0.7860223929687011,0.6976277397663277,0.6672917166243841,High,2,Warm Zone
6,42.43062272000003,0.028078496687063297,0.17347351395066712,489.1507263183594,24.852693179578164,67.01710067583306,0.5431309904153362,0.7242548341745306,0.7842504964576931,0.5898942863586867,0.6399321026784747,High,2,Warm Zone
40,52.11387338000003,0.11599119407403387,0.1626420835943792,11.008232116699219,25.0675441920955,66.99390720174091,0.9454029108981189,0.8687058274817887,0.017544076591378886,0.6036404213666852,0.6335811419026975,High,1,Extreme Hotspot
12,47.63968520000003,0.10184378547373102,0.16060428849902528,77.78997802734375,24.87781111501583,66.93393410634538,0.7595314164004265,0.8454599564554235,0.12462929478572184,0.6062265808652882,0.5830341998979723,High,1,Extreme Hotspot
0,30.90676829000006,-0.10280729689501177,-0.04947452431210811,10.310683250427246,24.813255437835483,67.24415151705729,0.06439474618388583,0.5091939447387616,0.016425549791467164,0.8728369571712642,0.2808107690664882,Medium,0,Moderate Zone
95,48.224166620000005,0.08203726607600825,0.17863308885571486,9.831558227539062,25.076507480681254,67.16236861605515,0.7838125665601698,0.8129154948929852,0.015657267876720567,0.5833462856888125,0.5560459249649584,High,1,Extreme Hotspot
108,50.52107606000004,0.1148874906001144,0.1422409860404933,4.04530143737793,25.09908955298688,67.16190955133126,0.8792332268370616,0.8668923117114494,0.006378945448133986,0.6295313916321464,0.6092281521800049,High,1,Extreme Hotspot
39,52.08652921999999,0.14911322658544063,0.18181770464267905,10.395723342895508,24.929040098364233,66.8854591924756,0.9442669506567256,0.9231292570754427,0.016561912456639405,0.5793046995717214,0.6361775868525108,High,1,Extreme Hotspot
128,48.42582980000003,0.09844189358814252,0.12466325243433166,1.0467560291290283,25.072000452709766,67.36426601950683,0.7921902733404336,0.8398702444274316,0.001570746966207239,0.6518392393804968,0.5736171806179393,High,1,Extreme Hotspot
54,43.41330347000002,-0.03411742696507507,0.3561050940774828,0.8235318660736084,25.128031901893486,67.0142076858747,0.5839545615903444,0.6220595516015569,0.0012128047189496826,0.3581171087775268,0.3988173803116141,Medium,0,Moderate Zone
141,48.44291989999999,0.09737332527450389,0.17181740161020068,1.3072587251663208,25.14194688778949,67.18973025711036,0.7929002484913017,0.8381144598944837,0.001988465725502534,0.5919960534449928,0.5617735955010674,High,1,Extreme Hotspot
16,42.63741292999998,0.03132995139214055,0.24305195926117729,17.084068298339844,24.79704332339837,67.33973741692922,0.5517216897408578,0.7295973600644434,0.02728674256022957,0.501592495050978,0.4372684645562626,Medium,0,Moderate Zone
115,47.24148587000002,0.09163945847104034,0.1824223958103947,3.392332077026367,25.034064595729483,67.38723042404992,0.7429889953851616,0.8286930363701206,0.00533190234565166,0.5785372878674363,0.5385399867694829,High,1,Extreme Hotspot
83,49.83063602000004,0.1313808218485909,0.12357026143790847,15.916361808776855,25.085510576174617,67.09373637474515,0.8505502307419249,0.8939928120100693,0.025414313163293546,0.6532263508981033,0.6113178625687244,High,1,Extreme Hotspot
1,37.970106620000024,-0.02072656622310203,0.08830955638069182,1.2070624828338623,24.78583301077133,67.44568944626194,0.35782747603833925,0.6440623247266124,0.0018278000177389044,0.6979756034206326,0.37979240981288875,Medium,0,Moderate Zone
14,45.76661023999998,0.0648253337120136,0.18047332858643747,12.675349235534668,24.804775649101956,67.33276256481757,0.6817181398651031,0.7846342476941607,0.020217316082075745,0.5810108430968828,0.5116388907400609,High,1,Extreme Hotspot
10,43.81150280000003,0.042141496803043604,0.11288972856974179,273.9953308105469,24.84180663410434,67.1420845998634,0.6004969826056094,0.7473620120454546,0.43924660116462544,0.6667809823672475,0.5954709416136679,High,2,Warm Zone
246,47.01076952000005,0.1554351465708806,0.12688458539121392,0.1683468520641327,25.194213220231063,67.34470352376911,0.7334043308484218,0.9335169217547107,0.00016220879297995964,0.6490201525453685,0.5632338533098941,High,1,Extreme Hotspot
95,49.76911166000002,0.12807098750233908,0.143591558574082,0.2336873561143875,25.15600071408445,66.97095212329673,0.8479943201987931,0.8885543614425245,0.0002669829649896587,0.6278173841766097,0.5981111048724653,High,1,Extreme Hotspot
7,37.32410084000003,0.018145922357950706,0.14072381520432953,237.52203369140625,24.82173905665026,67.10962018703185,0.330990415335464,0.7079344359774081,0.38076129313604745,0.6314568284819526,0.4600680205111992,Medium,2,Warm Zone
52,46.20069878000004,0.07073478343497865,0.16496283333044545,3.144580841064453,24.954689446345917,67.25246444276787,0.6997515086971965,0.7943441747894942,0.004934630684075185,0.6006951650023469,0.520424920368791,High,1,Extreme Hotspot
74,49.010311220000006,0.1307525562955463,0.1406475880363233,12.80956745147705,24.96611284659124,66.9024252020503,0.8164714235001769,0.8929604971580002,0.020432536375343858,0.631553568146819,0.5919514916969706,High,1,Extreme Hotspot
150,45.96827342000006,0.10983495545257792,0.11712657468506302,0.6908537149429321,25.00167889723043,67.44153079276346,0.6900958466453692,0.858590396942882,0.001000053935487673,0.6614040139712398,0.5373577144776999,High,1,Extreme Hotspot
200,46.56984494000005,0.13410358872704728,0.11720529226764989,0.6401396989822388,25.13563855513134,67.27424071895402,0.715086971955983,0.8984666410680707,0.0009187334879520745,0.6613041137288758,0.553295291060367,High,1,Extreme Hotspot
84,49.39654747999998,0.10489998176542666,0.21204061476617048,5.822449684143066,25.02206940423627,67.21218322464571,0.8325168619098315,0.8504816496032761,0.009228620987063034,0.5409488971313778,0.5710759268774654,High,1,Extreme Hotspot
